2026-01-21 19:06:33,034 - WARNING - From E:\anaconda3\envs\drowsy\lib\site-packages\keras\src\backend.py:1398: The name tf.executing_eagerly_outside_functions is deprecated. Please use tf.compat.v1.executing_eagerly_outside_functions instead.

2026-01-21 19:06:33,666 - WARNING - From E:\anaconda3\envs\drowsy\lib\site-packages\keras\src\layers\pooling\max_pooling2d.py:161: The name tf.nn.max_pool is deprecated. Please use tf.nn.max_pool2d instead.

2026-01-21 19:06:34,037 - WARNING - From E:\anaconda3\envs\drowsy\lib\site-packages\keras\src\optimizers\__init__.py:309: The name tf.train.Optimizer is deprecated. Please use tf.compat.v1.train.Optimizer instead.

2026-01-21 19:06:38,571 - INFO - Imported existing <module 'comtypes.gen' from 'E:\\anaconda3\\envs\\drowsy\\lib\\site-packages\\comtypes\\gen\\__init__.py'>
2026-01-21 19:06:38,572 - INFO - Using writeable comtypes cache directory: 'E:\anaconda3\envs\drowsy\lib\site-packages\comtypes\gen'
2026-01-21 19:07:03,863 - WARNING - Alert L2: STATUS: ILLOGICAL TALK, Att: 30
2026-01-21 19:07:03,963 - WARNING - Alert L2: STATUS: ILLOGICAL TALK, Att: 30
2026-01-21 19:07:04,147 - WARNING - Alert L2: STATUS: ILLOGICAL TALK, Att: 30
2026-01-21 19:07:04,436 - WARNING - Alert L2: STATUS: ILLOGICAL TALK, Att: 30
2026-01-21 19:07:04,532 - WARNING - Alert L2: STATUS: ILLOGICAL TALK, Att: 30
2026-01-21 19:07:04,624 - WARNING - Alert L2: STATUS: ILLOGICAL TALK, Att: 30
2026-01-21 19:07:04,723 - WARNING - Alert L2: STATUS: ILLOGICAL TALK, Att: 30
2026-01-21 19:07:04,877 - WARNING - Alert L2: STATUS: ILLOGICAL TALK, Att: 30
2026-01-21 19:07:04,965 - WARNING - Alert L2: STATUS: ILLOGICAL TALK, Att: 30
2026-01-21 19:07:05,051 - WARNING - Alert L2: STATUS: ILLOGICAL TALK, Att: 30
2026-01-21 19:07:05,151 - WARNING - Alert L2: STATUS: ILLOGICAL TALK, Att: 30
2026-01-21 19:07:05,229 - WARNING - Alert L2: STATUS: ILLOGICAL TALK, Att: 30
2026-01-21 19:07:05,359 - WARNING - Alert L2: STATUS: ILLOGICAL TALK, Att: 30
2026-01-21 19:07:05,562 - WARNING - Alert L2: STATUS: ILLOGICAL TALK, Att: 30
2026-01-21 19:07:05,639 - WARNING - Alert L2: STATUS: ILLOGICAL TALK, Att: 30
2026-01-21 19:07:05,735 - WARNING - Alert L2: STATUS: ILLOGICAL TALK, Att: 30
2026-01-21 19:07:05,835 - WARNING - Alert L2: STATUS: ILLOGICAL TALK, Att: 30
2026-01-21 19:07:05,958 - WARNING - Alert L2: STATUS: ILLOGICAL TALK, Att: 30
2026-01-21 19:07:06,032 - WARNING - Alert L2: STATUS: ILLOGICAL TALK, Att: 30
2026-01-21 19:07:06,114 - WARNING - Alert L2: STATUS: ILLOGICAL TALK, Att: 30
2026-01-21 19:07:06,205 - WARNING - Alert L2: STATUS: ILLOGICAL TALK, Att: 30
2026-01-21 19:07:06,289 - WARNING - Alert L2: STATUS: ILLOGICAL TALK, Att: 30
2026-01-21 19:07:06,401 - WARNING - Alert L2: STATUS: ILLOGICAL TALK, Att: 30
2026-01-21 19:07:06,560 - WARNING - Alert L2: STATUS: ILLOGICAL TALK, Att: 30
2026-01-21 19:07:06,628 - WARNING - Alert L2: STATUS: ILLOGICAL TALK, Att: 30
2026-01-21 19:07:06,713 - WARNING - Alert L2: STATUS: ILLOGICAL TALK, Att: 30
2026-01-21 19:07:06,808 - WARNING - Alert L2: STATUS: ILLOGICAL TALK, Att: 30
2026-01-21 19:07:06,906 - WARNING - Alert L2: STATUS: ILLOGICAL TALK, Att: 30
2026-01-21 19:07:06,986 - WARNING - Alert L2: STATUS: ILLOGICAL TALK, Att: 30
2026-01-21 19:07:07,059 - WARNING - Alert L2: STATUS: ILLOGICAL TALK, Att: 30
2026-01-21 19:07:07,147 - WARNING - Alert L2: STATUS: ILLOGICAL TALK, Att: 29
2026-01-21 19:07:07,219 - WARNING - Alert L2: STATUS: ILLOGICAL TALK, Att: 29
2026-01-21 19:07:07,350 - WARNING - Alert L2: STATUS: ILLOGICAL TALK, Att: 28
2026-01-21 19:07:07,525 - WARNING - Alert L2: STATUS: ILLOGICAL TALK, Att: 28
2026-01-21 19:07:07,650 - WARNING - Alert L2: STATUS: ILLOGICAL TALK, Att: 28
2026-01-21 19:07:07,779 - WARNING - Alert L2: STATUS: ILLOGICAL TALK, Att: 28
2026-01-21 19:07:07,897 - WARNING - Alert L2: STATUS: ILLOGICAL TALK, Att: 27
2026-01-21 19:07:08,019 - WARNING - Alert L2: STATUS: ILLOGICAL TALK, Att: 27
2026-01-21 19:07:08,097 - WARNING - Alert L2: STATUS: ILLOGICAL TALK, Att: 26
2026-01-21 19:07:08,174 - WARNING - Alert L2: STATUS: ILLOGICAL TALK, Att: 26
2026-01-21 19:07:08,257 - WARNING - Alert L2: STATUS: ILLOGICAL TALK, Att: 26
2026-01-21 19:07:08,340 - WARNING - Alert L2: STATUS: ILLOGICAL TALK, Att: 25
2026-01-21 19:07:08,496 - WARNING - Alert L2: STATUS: ILLOGICAL TALK, Att: 25
2026-01-21 19:07:08,715 - WARNING - Alert L2: STATUS: ILLOGICAL TALK, Att: 25
2026-01-21 19:07:08,806 - WARNING - Alert L2: STATUS: ILLOGICAL TALK, Att: 25
2026-01-21 19:07:08,896 - WARNING - Alert L2: STATUS: ILLOGICAL TALK, Att: 25
2026-01-21 19:07:09,018 - WARNING - Alert L2: STATUS: ILLOGICAL TALK, Att: 25
2026-01-21 19:07:09,160 - WARNING - Alert L2: STATUS: ILLOGICAL TALK, Att: 25
2026-01-21 19:07:09,255 - WARNING - Alert L2: STATUS: ILLOGICAL TALK, Att: 25
2026-01-21 19:07:09,362 - WARNING - Alert L2: STATUS: ILLOGICAL TALK, Att: 25
2026-01-21 19:07:09,442 - WARNING - Alert L2: STATUS: ILLOGICAL TALK, Att: 25
2026-01-21 19:07:09,535 - WARNING - Alert L2: STATUS: ILLOGICAL TALK, Att: 25
2026-01-21 19:07:09,642 - WARNING - Alert L2: STATUS: ILLOGICAL TALK, Att: 25
2026-01-21 19:07:09,816 - WARNING - Alert L2: STATUS: ILLOGICAL TALK, Att: 25
2026-01-21 19:07:09,898 - WARNING - Alert L2: STATUS: ILLOGICAL TALK, Att: 25
2026-01-21 19:07:10,006 - WARNING - Alert L2: STATUS: ILLOGICAL TALK, Att: 24
2026-01-21 19:07:10,088 - WARNING - Alert L2: STATUS: ILLOGICAL TALK, Att: 24
2026-01-21 19:07:10,198 - WARNING - Alert L2: STATUS: ILLOGICAL TALK, Att: 24
2026-01-21 19:07:10,277 - WARNING - Alert L2: STATUS: ILLOGICAL TALK, Att: 24
2026-01-21 19:07:10,401 - WARNING - Alert L2: STATUS: ILLOGICAL TALK, Att: 25
2026-01-21 19:07:10,481 - WARNING - Alert L2: STATUS: ILLOGICAL TALK, Att: 25
2026-01-21 19:07:10,568 - WARNING - Alert L2: STATUS: ILLOGICAL TALK, Att: 25
2026-01-21 19:07:10,694 - WARNING - Alert L2: STATUS: ILLOGICAL TALK, Att: 25
2026-01-21 19:07:10,886 - WARNING - Alert L2: STATUS: ILLOGICAL TALK, Att: 25
2026-01-21 19:07:10,996 - WARNING - Alert L2: STATUS: ILLOGICAL TALK, Att: 25
2026-01-21 19:07:11,104 - WARNING - Alert L2: STATUS: ILLOGICAL TALK, Att: 25
2026-01-21 19:07:11,216 - WARNING - Alert L2: STATUS: ILLOGICAL TALK, Att: 25
2026-01-21 19:07:11,353 - WARNING - Alert L2: STATUS: ILLOGICAL TALK, Att: 25
2026-01-21 19:07:11,430 - WARNING - Alert L2: STATUS: ILLOGICAL TALK, Att: 25
2026-01-21 19:07:11,512 - WARNING - Alert L2: STATUS: ILLOGICAL TALK, Att: 25
2026-01-21 19:07:11,619 - WARNING - Alert L2: STATUS: ILLOGICAL TALK, Att: 25
2026-01-21 19:07:11,724 - WARNING - Alert L2: STATUS: ILLOGICAL TALK, Att: 25
2026-01-21 19:07:11,861 - WARNING - Alert L2: STATUS: ILLOGICAL TALK, Att: 25
2026-01-21 19:07:12,028 - WARNING - Alert L2: STATUS: ILLOGICAL TALK, Att: 25
2026-01-21 19:07:12,096 - WARNING - Alert L2: STATUS: ILLOGICAL TALK, Att: 25
2026-01-21 19:07:12,165 - WARNING - Alert L2: STATUS: ILLOGICAL TALK, Att: 25
2026-01-21 19:07:12,250 - WARNING - Alert L2: STATUS: ILLOGICAL TALK, Att: 25
2026-01-21 19:07:12,391 - WARNING - Alert L2: STATUS: ILLOGICAL TALK, Att: 25
2026-01-21 19:07:12,473 - WARNING - Alert L2: STATUS: ILLOGICAL TALK, Att: 25
2026-01-21 19:07:12,579 - WARNING - Alert L2: STATUS: ILLOGICAL TALK, Att: 25
2026-01-21 19:07:12,664 - WARNING - Alert L2: STATUS: ILLOGICAL TALK, Att: 25
2026-01-21 19:07:12,734 - WARNING - Alert L2: STATUS: ILLOGICAL TALK, Att: 25
2026-01-21 19:07:12,840 - WARNING - Alert L2: STATUS: ILLOGICAL TALK, Att: 25
2026-01-21 19:07:13,007 - WARNING - Alert L2: STATUS: ILLOGICAL TALK, Att: 25
2026-01-21 19:07:13,079 - WARNING - Alert L2: STATUS: ILLOGICAL TALK, Att: 25
2026-01-21 19:07:13,158 - WARNING - Alert L2: STATUS: ILLOGICAL TALK, Att: 25
2026-01-21 19:07:13,255 - WARNING - Alert L2: STATUS: ILLOGICAL TALK, Att: 26
2026-01-21 19:07:13,386 - WARNING - Alert L2: STATUS: ILLOGICAL TALK, Att: 26
2026-01-21 19:07:13,452 - WARNING - Alert L2: STATUS: ILLOGICAL TALK, Att: 26
2026-01-21 19:07:13,551 - WARNING - Alert L2: STATUS: ILLOGICAL TALK, Att: 26
2026-01-21 19:07:13,629 - WARNING - Alert L2: STATUS: ILLOGICAL TALK, Att: 26
2026-01-21 19:07:13,704 - WARNING - Alert L2: STATUS: ILLOGICAL TALK, Att: 26
2026-01-21 19:07:13,826 - WARNING - Alert L2: STATUS: ILLOGICAL TALK, Att: 26
2026-01-21 19:07:14,013 - WARNING - Alert L2: STATUS: ILLOGICAL TALK, Att: 26
2026-01-21 19:07:14,091 - WARNING - Alert L2: STATUS: ILLOGICAL TALK, Att: 26
2026-01-21 19:07:14,164 - WARNING - Alert L2: STATUS: ILLOGICAL TALK, Att: 26
2026-01-21 19:07:14,251 - WARNING - Alert L2: STATUS: ILLOGICAL TALK, Att: 26
2026-01-21 19:07:14,369 - WARNING - Alert L2: STATUS: ILLOGICAL TALK, Att: 26
2026-01-21 19:07:14,449 - WARNING - Alert L2: STATUS: ILLOGICAL TALK, Att: 26
2026-01-21 19:07:14,550 - WARNING - Alert L2: STATUS: ILLOGICAL TALK, Att: 26
2026-01-21 19:07:14,633 - WARNING - Alert L2: STATUS: ILLOGICAL TALK, Att: 26
2026-01-21 19:07:14,713 - WARNING - Alert L2: STATUS: ILLOGICAL TALK, Att: 26
2026-01-21 19:07:14,819 - WARNING - Alert L2: STATUS: ILLOGICAL TALK, Att: 26
2026-01-21 19:07:14,997 - WARNING - Alert L2: STATUS: ILLOGICAL TALK, Att: 26
2026-01-21 19:07:15,081 - WARNING - Alert L2: STATUS: ILLOGICAL TALK, Att: 26
2026-01-21 19:07:15,155 - WARNING - Alert L2: STATUS: ILLOGICAL TALK, Att: 26
2026-01-21 19:07:15,234 - WARNING - Alert L2: STATUS: ILLOGICAL TALK, Att: 26
2026-01-21 19:07:15,348 - WARNING - Alert L2: STATUS: ILLOGICAL TALK, Att: 26
2026-01-21 19:07:15,421 - WARNING - Alert L2: STATUS: ILLOGICAL TALK, Att: 26
2026-01-21 19:07:15,501 - WARNING - Alert L2: STATUS: ILLOGICAL TALK, Att: 26
2026-01-21 19:07:15,592 - WARNING - Alert L2: STATUS: ILLOGICAL TALK, Att: 26
2026-01-21 19:07:15,661 - WARNING - Alert L2: STATUS: ILLOGICAL TALK, Att: 26
2026-01-21 19:07:15,780 - WARNING - Alert L2: STATUS: ILLOGICAL TALK, Att: 26
2026-01-21 19:07:15,963 - WARNING - Alert L2: STATUS: ILLOGICAL TALK, Att: 26
2026-01-21 19:07:16,042 - WARNING - Alert L2: STATUS: ILLOGICAL TALK, Att: 26
2026-01-21 19:07:16,135 - WARNING - Alert L2: STATUS: ILLOGICAL TALK, Att: 26
2026-01-21 19:07:16,237 - WARNING - Alert L2: STATUS: ILLOGICAL TALK, Att: 26
2026-01-21 19:07:16,345 - WARNING - Alert L2: STATUS: ILLOGICAL TALK, Att: 26
2026-01-21 19:07:16,411 - WARNING - Alert L2: STATUS: ILLOGICAL TALK, Att: 26
2026-01-21 19:07:16,495 - WARNING - Alert L2: STATUS: ILLOGICAL TALK, Att: 26
2026-01-21 19:07:16,597 - WARNING - Alert L2: STATUS: ILLOGICAL TALK, Att: 26
2026-01-21 19:07:16,687 - WARNING - Alert L2: STATUS: ILLOGICAL TALK, Att: 26
2026-01-21 19:07:16,807 - WARNING - Alert L2: STATUS: ILLOGICAL TALK, Att: 26
2026-01-21 19:07:16,969 - WARNING - Alert L2: STATUS: ILLOGICAL TALK, Att: 26
2026-01-21 19:07:17,045 - WARNING - Alert L2: STATUS: ILLOGICAL TALK, Att: 26
2026-01-21 19:07:17,132 - WARNING - Alert L2: STATUS: ILLOGICAL TALK, Att: 26
2026-01-21 19:07:17,238 - WARNING - Alert L2: STATUS: ILLOGICAL TALK, Att: 26
2026-01-21 19:07:17,378 - WARNING - Alert L2: STATUS: ILLOGICAL TALK, Att: 26
2026-01-21 19:07:17,454 - WARNING - Alert L2: STATUS: ILLOGICAL TALK, Att: 26
2026-01-21 19:07:17,538 - WARNING - Alert L2: STATUS: ILLOGICAL TALK, Att: 26
2026-01-21 19:07:17,655 - WARNING - Alert L2: STATUS: ILLOGICAL TALK, Att: 26
2026-01-21 19:07:17,765 - WARNING - Alert L2: STATUS: ILLOGICAL TALK, Att: 26
2026-01-21 19:07:17,906 - WARNING - Alert L2: STATUS: ILLOGICAL TALK, Att: 26
2026-01-21 19:07:18,173 - WARNING - Alert L2: STATUS: ILLOGICAL TALK, Att: 26
2026-01-21 19:07:18,259 - WARNING - Alert L2: STATUS: ILLOGICAL TALK, Att: 26
2026-01-21 19:07:18,371 - WARNING - Alert L2: STATUS: ILLOGICAL TALK, Att: 26
2026-01-21 19:07:18,473 - WARNING - Alert L2: STATUS: ILLOGICAL TALK, Att: 26
2026-01-21 19:07:18,630 - WARNING - Alert L2: STATUS: ILLOGICAL TALK, Att: 26
2026-01-21 19:07:18,710 - WARNING - Alert L2: STATUS: ILLOGICAL TALK, Att: 26
2026-01-21 19:07:18,817 - WARNING - Alert L2: STATUS: ILLOGICAL TALK, Att: 26
2026-01-21 19:07:18,896 - WARNING - Alert L2: STATUS: ILLOGICAL TALK, Att: 26
2026-01-21 19:07:18,981 - WARNING - Alert L2: STATUS: ILLOGICAL TALK, Att: 26
2026-01-21 19:07:19,137 - WARNING - Alert L2: STATUS: ILLOGICAL TALK, Att: 26
2026-01-21 19:07:19,299 - WARNING - Alert L2: STATUS: ILLOGICAL TALK, Att: 26
2026-01-21 19:07:19,395 - WARNING - Alert L2: STATUS: ILLOGICAL TALK, Att: 26
2026-01-21 19:07:19,489 - WARNING - Alert L2: STATUS: ILLOGICAL TALK, Att: 26
2026-01-21 19:07:19,580 - WARNING - Alert L2: STATUS: ILLOGICAL TALK, Att: 26
2026-01-21 19:07:19,723 - WARNING - Alert L2: STATUS: ILLOGICAL TALK, Att: 26
2026-01-21 19:07:19,820 - WARNING - Alert L2: STATUS: ILLOGICAL TALK, Att: 26
2026-01-21 19:07:19,920 - WARNING - Alert L2: STATUS: ILLOGICAL TALK, Att: 26
2026-01-21 19:07:20,044 - WARNING - Alert L2: STATUS: ILLOGICAL TALK, Att: 26
2026-01-21 19:07:20,151 - WARNING - Alert L2: STATUS: ILLOGICAL TALK, Att: 26
2026-01-21 19:07:20,315 - WARNING - Alert L2: STATUS: ILLOGICAL TALK, Att: 26
2026-01-21 19:07:20,526 - WARNING - Alert L2: STATUS: ILLOGICAL TALK, Att: 26
2026-01-21 19:07:20,621 - WARNING - Alert L2: STATUS: ILLOGICAL TALK, Att: 26
2026-01-21 19:07:20,724 - WARNING - Alert L2: STATUS: ILLOGICAL TALK, Att: 26
2026-01-21 19:07:20,823 - WARNING - Alert L2: STATUS: ILLOGICAL TALK, Att: 26
2026-01-21 19:07:20,989 - WARNING - Alert L2: STATUS: ILLOGICAL TALK, Att: 26
2026-01-21 19:07:21,072 - WARNING - Alert L2: STATUS: ILLOGICAL TALK, Att: 26
2026-01-21 19:07:21,177 - WARNING - Alert L2: STATUS: ILLOGICAL TALK, Att: 26
2026-01-21 19:07:21,261 - WARNING - Alert L2: STATUS: ILLOGICAL TALK, Att: 26
2026-01-21 19:07:21,357 - WARNING - Alert L2: STATUS: ILLOGICAL TALK, Att: 26
2026-01-21 19:07:21,491 - WARNING - Alert L2: STATUS: ILLOGICAL TALK, Att: 26
2026-01-21 19:07:21,699 - WARNING - Alert L2: STATUS: ILLOGICAL TALK, Att: 26
2026-01-21 19:07:21,778 - WARNING - Alert L2: STATUS: ILLOGICAL TALK, Att: 26
2026-01-21 19:07:21,859 - WARNING - Alert L2: STATUS: ILLOGICAL TALK, Att: 26
2026-01-21 19:07:21,960 - WARNING - Alert L2: STATUS: ILLOGICAL TALK, Att: 26
2026-01-21 19:07:22,086 - WARNING - Alert L2: STATUS: ILLOGICAL TALK, Att: 26
2026-01-21 19:07:22,173 - WARNING - Alert L2: STATUS: ILLOGICAL TALK, Att: 26
2026-01-21 19:07:22,248 - WARNING - Alert L2: STATUS: ILLOGICAL TALK, Att: 26
2026-01-21 19:07:22,329 - WARNING - Alert L2: STATUS: ILLOGICAL TALK, Att: 26
2026-01-21 19:07:22,400 - WARNING - Alert L2: STATUS: ILLOGICAL TALK, Att: 26
2026-01-21 19:07:22,517 - WARNING - Alert L2: STATUS: ILLOGICAL TALK, Att: 26
2026-01-21 19:07:22,709 - WARNING - Alert L2: STATUS: ILLOGICAL TALK, Att: 26
2026-01-21 19:07:22,796 - WARNING - Alert L2: STATUS: ILLOGICAL TALK, Att: 26
2026-01-21 19:07:22,901 - WARNING - Alert L2: STATUS: ILLOGICAL TALK, Att: 26
2026-01-21 19:07:23,003 - WARNING - Alert L2: STATUS: ILLOGICAL TALK, Att: 26
2026-01-21 19:07:23,182 - WARNING - Alert L2: STATUS: ILLOGICAL TALK, Att: 26
2026-01-21 19:07:23,261 - WARNING - Alert L2: STATUS: ILLOGICAL TALK, Att: 26
2026-01-21 19:07:23,332 - WARNING - Alert L2: STATUS: ILLOGICAL TALK, Att: 26
2026-01-21 19:07:23,407 - WARNING - Alert L2: STATUS: ILLOGICAL TALK, Att: 26
2026-01-21 19:07:23,479 - WARNING - Alert L2: STATUS: ILLOGICAL TALK, Att: 26
2026-01-21 19:07:23,614 - WARNING - Alert L2: STATUS: ILLOGICAL TALK, Att: 27
2026-01-21 19:07:23,810 - WARNING - Alert L2: STATUS: ILLOGICAL TALK, Att: 27
2026-01-21 19:07:23,878 - WARNING - Alert L2: STATUS: ILLOGICAL TALK, Att: 27
2026-01-21 19:07:23,969 - WARNING - Alert L2: STATUS: ILLOGICAL TALK, Att: 27
2026-01-21 19:07:24,068 - WARNING - Alert L2: STATUS: ILLOGICAL TALK, Att: 27
2026-01-21 19:07:24,191 - WARNING - Alert L2: STATUS: ILLOGICAL TALK, Att: 27
2026-01-21 19:07:24,265 - WARNING - Alert L2: STATUS: ILLOGICAL TALK, Att: 28
2026-01-21 19:07:24,342 - WARNING - Alert L2: STATUS: ILLOGICAL TALK, Att: 28
2026-01-21 19:07:24,427 - WARNING - Alert L2: STATUS: ILLOGICAL TALK, Att: 28
2026-01-21 19:07:24,506 - WARNING - Alert L2: STATUS: ILLOGICAL TALK, Att: 28
2026-01-21 19:07:24,608 - WARNING - Alert L2: STATUS: ILLOGICAL TALK, Att: 29
2026-01-21 19:07:24,780 - WARNING - Alert L2: STATUS: ILLOGICAL TALK, Att: 29
2026-01-21 19:07:24,856 - WARNING - Alert L2: STATUS: ILLOGICAL TALK, Att: 29
2026-01-21 19:07:24,929 - WARNING - Alert L2: STATUS: ILLOGICAL TALK, Att: 29
2026-01-21 19:07:25,038 - WARNING - Alert L2: STATUS: ILLOGICAL TALK, Att: 29
2026-01-21 19:07:25,157 - WARNING - Alert L2: STATUS: ILLOGICAL TALK, Att: 29
2026-01-21 19:07:25,228 - WARNING - Alert L2: STATUS: ILLOGICAL TALK, Att: 29
2026-01-21 19:07:25,308 - WARNING - Alert L2: STATUS: ILLOGICAL TALK, Att: 29
2026-01-21 19:07:25,394 - WARNING - Alert L2: STATUS: ILLOGICAL TALK, Att: 29
2026-01-21 19:07:25,476 - WARNING - Alert L2: STATUS: ILLOGICAL TALK, Att: 29
2026-01-21 19:07:25,587 - WARNING - Alert L2: STATUS: ILLOGICAL TALK, Att: 29
2026-01-21 19:07:25,748 - WARNING - Alert L2: STATUS: ILLOGICAL TALK, Att: 29
2026-01-21 19:07:25,834 - WARNING - Alert L2: STATUS: ILLOGICAL TALK, Att: 29
2026-01-21 19:07:25,919 - WARNING - Alert L2: STATUS: ILLOGICAL TALK, Att: 29
2026-01-21 19:07:26,000 - WARNING - Alert L2: STATUS: ILLOGICAL TALK, Att: 29
2026-01-21 19:07:26,098 - WARNING - Alert L2: STATUS: ILLOGICAL TALK, Att: 29
2026-01-21 19:07:26,167 - WARNING - Alert L2: STATUS: ILLOGICAL TALK, Att: 29
2026-01-21 19:07:26,231 - WARNING - Alert L2: STATUS: ILLOGICAL TALK, Att: 29
2026-01-21 19:07:26,311 - WARNING - Alert L2: STATUS: ILLOGICAL TALK, Att: 29
2026-01-21 19:07:26,389 - WARNING - Alert L2: STATUS: ILLOGICAL TALK, Att: 29
2026-01-21 19:07:26,481 - WARNING - Alert L2: STATUS: ILLOGICAL TALK, Att: 29
2026-01-21 19:07:26,637 - WARNING - Alert L2: STATUS: ILLOGICAL TALK, Att: 29
2026-01-21 19:07:26,714 - WARNING - Alert L2: STATUS: ILLOGICAL TALK, Att: 29
2026-01-21 19:07:26,791 - WARNING - Alert L2: STATUS: ILLOGICAL TALK, Att: 29
2026-01-21 19:07:26,890 - WARNING - Alert L2: STATUS: ILLOGICAL TALK, Att: 29
2026-01-21 19:07:27,005 - WARNING - Alert L2: STATUS: ILLOGICAL TALK, Att: 29
2026-01-21 19:07:27,081 - WARNING - Alert L2: STATUS: ILLOGICAL TALK, Att: 29
2026-01-21 19:07:27,163 - WARNING - Alert L2: STATUS: ILLOGICAL TALK, Att: 28
2026-01-21 19:07:27,239 - WARNING - Alert L2: STATUS: ILLOGICAL TALK, Att: 28
2026-01-21 19:07:27,320 - WARNING - Alert L2: STATUS: ILLOGICAL TALK, Att: 28
2026-01-21 19:07:27,420 - WARNING - Alert L2: STATUS: ILLOGICAL TALK, Att: 28
2026-01-21 19:07:27,621 - WARNING - Alert L2: STATUS: ILLOGICAL TALK, Att: 27
2026-01-21 19:07:27,714 - WARNING - Alert L2: STATUS: ILLOGICAL TALK, Att: 27
2026-01-21 19:07:27,792 - WARNING - Alert L2: STATUS: ILLOGICAL TALK, Att: 27
2026-01-21 19:07:27,899 - WARNING - Alert L2: STATUS: ILLOGICAL TALK, Att: 27
2026-01-21 19:07:28,071 - WARNING - Alert L2: STATUS: ILLOGICAL TALK, Att: 26
2026-01-21 19:07:28,182 - WARNING - Alert L2: STATUS: ILLOGICAL TALK, Att: 26
2026-01-21 19:07:28,276 - WARNING - Alert L2: STATUS: ILLOGICAL TALK, Att: 26
2026-01-21 19:07:28,378 - WARNING - Alert L2: STATUS: ILLOGICAL TALK, Att: 26
2026-01-21 19:07:28,465 - WARNING - Alert L2: STATUS: ILLOGICAL TALK, Att: 25
2026-01-21 19:07:28,615 - WARNING - Alert L2: STATUS: ILLOGICAL TALK, Att: 25
2026-01-21 19:07:28,818 - WARNING - Alert L2: STATUS: ILLOGICAL TALK, Att: 25
2026-01-21 19:07:28,903 - WARNING - Alert L2: STATUS: ILLOGICAL TALK, Att: 25
2026-01-21 19:07:28,981 - WARNING - Alert L2: STATUS: ILLOGICAL TALK, Att: 24
2026-01-21 19:07:29,068 - WARNING - Alert L2: STATUS: ILLOGICAL TALK, Att: 24
2026-01-21 19:07:29,181 - WARNING - Alert L2: STATUS: ILLOGICAL TALK, Att: 24
2026-01-21 19:07:29,267 - WARNING - Alert L2: STATUS: ILLOGICAL TALK, Att: 24
2026-01-21 19:07:29,339 - WARNING - Alert L2: STATUS: ILLOGICAL TALK, Att: 23
2026-01-21 19:07:29,418 - WARNING - Alert L2: STATUS: ILLOGICAL TALK, Att: 23
2026-01-21 19:07:29,500 - WARNING - Alert L2: STATUS: ILLOGICAL TALK, Att: 23
2026-01-21 19:07:29,610 - WARNING - Alert L2: STATUS: ILLOGICAL TALK, Att: 23
2026-01-21 19:07:29,812 - WARNING - Alert L2: STATUS: ILLOGICAL TALK, Att: 22
2026-01-21 19:07:29,912 - WARNING - Alert L2: STATUS: ILLOGICAL TALK, Att: 22
2026-01-21 19:07:29,997 - WARNING - Alert L2: STATUS: ILLOGICAL TALK, Att: 22
2026-01-21 19:07:30,077 - WARNING - Alert L2: STATUS: ILLOGICAL TALK, Att: 22
2026-01-21 19:07:30,193 - WARNING - Alert L2: STATUS: ILLOGICAL TALK, Att: 22
2026-01-21 19:07:30,262 - WARNING - Alert L2: STATUS: ILLOGICAL TALK, Att: 22
2026-01-21 19:07:30,340 - WARNING - Alert L2: STATUS: ILLOGICAL TALK, Att: 22
2026-01-21 19:07:30,417 - WARNING - Alert L2: STATUS: ILLOGICAL TALK, Att: 22
2026-01-21 19:07:30,496 - WARNING - Alert L2: STATUS: ILLOGICAL TALK, Att: 22
2026-01-21 19:07:30,640 - WARNING - Alert L2: STATUS: ILLOGICAL TALK, Att: 22
2026-01-21 19:07:30,833 - WARNING - Alert L3: STATUS: NO RESPONSE, Att: 12
2026-01-21 19:07:30,938 - WARNING - Alert L3: STATUS: NO RESPONSE, Att: 12
2026-01-21 19:07:31,125 - WARNING - Alert L3: STATUS: NO RESPONSE, Att: 12
2026-01-21 19:07:31,263 - WARNING - Alert L3: STATUS: NO RESPONSE, Att: 11
2026-01-21 19:07:31,370 - WARNING - Alert L3: STATUS: NO RESPONSE, Att: 11
2026-01-21 19:07:31,458 - WARNING - Alert L3: STATUS: NO RESPONSE, Att: 11
2026-01-21 19:07:31,540 - WARNING - Alert L3: STATUS: NO RESPONSE, Att: 11
2026-01-21 19:07:31,619 - WARNING - Alert L3: STATUS: NO RESPONSE, Att: 11
2026-01-21 19:07:31,700 - WARNING - Alert L3: STATUS: NO RESPONSE, Att: 11
2026-01-21 19:07:31,817 - WARNING - Alert L3: STATUS: NO RESPONSE, Att: 11
2026-01-21 19:07:31,986 - WARNING - Alert L3: STATUS: NO RESPONSE, Att: 11
2026-01-21 19:07:32,075 - WARNING - Alert L3: STATUS: NO RESPONSE, Att: 11
2026-01-21 19:07:32,180 - WARNING - Alert L3: STATUS: NO RESPONSE, Att: 11
2026-01-21 19:07:32,273 - WARNING - Alert L3: STATUS: NO RESPONSE, Att: 11
2026-01-21 19:07:32,397 - WARNING - Alert L3: STATUS: NO RESPONSE, Att: 11
2026-01-21 19:07:32,485 - WARNING - Alert L3: STATUS: NO RESPONSE, Att: 11
2026-01-21 19:07:32,579 - WARNING - Alert L3: STATUS: NO RESPONSE, Att: 11
2026-01-21 19:07:32,657 - WARNING - Alert L3: STATUS: NO RESPONSE, Att: 11
2026-01-21 19:07:32,728 - WARNING - Alert L3: STATUS: NO RESPONSE, Att: 11
2026-01-21 19:07:32,854 - WARNING - Alert L3: STATUS: NO RESPONSE, Att: 11
2026-01-21 19:07:33,028 - WARNING - Alert L3: STATUS: NO RESPONSE, Att: 11
2026-01-21 19:07:33,118 - WARNING - Alert L3: STATUS: NO RESPONSE, Att: 11
2026-01-21 19:07:33,199 - WARNING - Alert L3: STATUS: NO RESPONSE, Att: 11
2026-01-21 19:07:33,287 - WARNING - Alert L3: STATUS: NO RESPONSE, Att: 11
2026-01-21 19:07:33,392 - WARNING - Alert L3: STATUS: NO RESPONSE, Att: 11
2026-01-21 19:07:33,484 - WARNING - Alert L3: STATUS: NO RESPONSE, Att: 11
2026-01-21 19:07:33,581 - WARNING - Alert L3: STATUS: NO RESPONSE, Att: 11
2026-01-21 19:07:33,720 - WARNING - Alert L3: STATUS: NO RESPONSE, Att: 11
2026-01-21 19:07:33,803 - WARNING - Alert L3: STATUS: NO RESPONSE, Att: 11
2026-01-21 19:07:33,951 - WARNING - Alert L3: STATUS: NO RESPONSE, Att: 11
2026-01-21 19:07:34,201 - WARNING - Alert L3: STATUS: NO RESPONSE, Att: 11
2026-01-21 19:07:34,315 - WARNING - Alert L3: STATUS: NO RESPONSE, Att: 11
2026-01-21 19:07:34,425 - WARNING - Alert L3: STATUS: NO RESPONSE, Att: 11
2026-01-21 19:07:34,506 - WARNING - Alert L3: STATUS: NO RESPONSE, Att: 11
2026-01-21 19:07:34,620 - WARNING - Alert L3: STATUS: NO RESPONSE, Att: 11
2026-01-21 19:07:34,782 - WARNING - Alert L3: STATUS: NO RESPONSE, Att: 11
2026-01-21 19:07:34,898 - WARNING - Alert L3: STATUS: NO RESPONSE, Att: 11
2026-01-21 19:07:35,027 - WARNING - Alert L3: STATUS: NO RESPONSE, Att: 11
2026-01-21 19:07:35,152 - WARNING - Alert L3: STATUS: NO RESPONSE, Att: 11
2026-01-21 19:07:35,364 - WARNING - Alert L3: STATUS: NO RESPONSE, Att: 11
2026-01-21 19:07:35,542 - WARNING - Alert L3: STATUS: NO RESPONSE, Att: 11
2026-01-21 19:07:35,660 - WARNING - Alert L3: STATUS: NO RESPONSE, Att: 11
2026-01-21 19:07:35,749 - WARNING - Alert L3: STATUS: NO RESPONSE, Att: 11
2026-01-21 19:07:35,856 - WARNING - Alert L3: STATUS: NO RESPONSE, Att: 11
2026-01-21 19:07:35,977 - WARNING - Alert L3: STATUS: NO RESPONSE, Att: 11
2026-01-21 19:07:36,041 - WARNING - Alert L3: STATUS: NO RESPONSE, Att: 11
2026-01-21 19:07:36,120 - WARNING - Alert L3: STATUS: NO RESPONSE, Att: 11
2026-01-21 19:07:36,192 - WARNING - Alert L3: STATUS: NO RESPONSE, Att: 11
2026-01-21 19:07:36,262 - WARNING - Alert L3: STATUS: NO RESPONSE, Att: 11
2026-01-21 19:07:36,389 - WARNING - Alert L3: STATUS: NO RESPONSE, Att: 11
2026-01-21 19:07:36,609 - WARNING - Alert L3: STATUS: NO RESPONSE, Att: 11
2026-01-21 19:07:36,694 - WARNING - Alert L3: STATUS: NO RESPONSE, Att: 11
2026-01-21 19:07:36,790 - WARNING - Alert L3: STATUS: NO RESPONSE, Att: 11
2026-01-21 19:07:36,875 - WARNING - Alert L3: STATUS: NO RESPONSE, Att: 11
2026-01-21 19:07:36,989 - WARNING - Alert L3: STATUS: NO RESPONSE, Att: 11
2026-01-21 19:07:37,068 - WARNING - Alert L3: STATUS: NO RESPONSE, Att: 11
2026-01-21 19:07:37,158 - WARNING - Alert L3: STATUS: NO RESPONSE, Att: 11
2026-01-21 19:07:37,240 - WARNING - Alert L3: STATUS: NO RESPONSE, Att: 11
2026-01-21 19:07:37,310 - WARNING - Alert L3: STATUS: NO RESPONSE, Att: 11
2026-01-21 19:07:37,426 - WARNING - Alert L3: STATUS: NO RESPONSE, Att: 11
2026-01-21 19:07:37,636 - WARNING - Alert L3: STATUS: NO RESPONSE, Att: 11
2026-01-21 19:07:37,749 - WARNING - Alert L3: STATUS: NO RESPONSE, Att: 11
2026-01-21 19:07:37,854 - WARNING - Alert L3: STATUS: NO RESPONSE, Att: 11
2026-01-21 19:07:37,940 - WARNING - Alert L3: STATUS: NO RESPONSE, Att: 11
2026-01-21 19:07:38,079 - WARNING - Alert L3: STATUS: NO RESPONSE, Att: 11
2026-01-21 19:07:38,187 - WARNING - Alert L3: STATUS: NO RESPONSE, Att: 11
2026-01-21 19:07:38,296 - WARNING - Alert L3: STATUS: NO RESPONSE, Att: 10
2026-01-21 19:07:38,413 - WARNING - Alert L3: STATUS: NO RESPONSE, Att: 10
2026-01-21 19:07:38,506 - WARNING - Alert L3: STATUS: NO RESPONSE, Att: 10
2026-01-21 19:07:38,634 - WARNING - Alert L3: STATUS: NO RESPONSE, Att: 10
2026-01-21 19:07:38,936 - WARNING - Alert L3: STATUS: NO RESPONSE, Att: 9
2026-01-21 19:07:39,069 - WARNING - Alert L3: STATUS: NO RESPONSE, Att: 9
2026-01-21 19:07:39,160 - WARNING - Alert L3: STATUS: NO RESPONSE, Att: 9
2026-01-21 19:07:39,324 - WARNING - Alert L3: STATUS: NO RESPONSE, Att: 9
2026-01-21 19:07:39,562 - WARNING - Alert L3: STATUS: NO RESPONSE, Att: 9
2026-01-21 19:07:39,705 - WARNING - Alert L3: STATUS: NO RESPONSE, Att: 9
2026-01-21 19:07:39,852 - WARNING - Alert L3: STATUS: NO RESPONSE, Att: 9
2026-01-21 19:07:39,955 - WARNING - Alert L3: STATUS: NO RESPONSE, Att: 9
2026-01-21 19:07:40,061 - WARNING - Alert L3: STATUS: NO RESPONSE, Att: 9
2026-01-21 19:07:40,181 - WARNING - Alert L3: STATUS: NO RESPONSE, Att: 9
2026-01-21 19:07:40,395 - WARNING - Alert L3: STATUS: NO RESPONSE, Att: 9
2026-01-21 19:07:40,491 - WARNING - Alert L3: STATUS: NO RESPONSE, Att: 9
2026-01-21 19:07:40,584 - WARNING - Alert L3: STATUS: NO RESPONSE, Att: 9
2026-01-21 19:07:40,732 - WARNING - Alert L3: STATUS: NO RESPONSE, Att: 9
2026-01-21 19:07:40,883 - WARNING - Alert L3: STATUS: NO RESPONSE, Att: 9
2026-01-21 19:07:41,031 - WARNING - Alert L3: STATUS: NO RESPONSE, Att: 9
2026-01-21 19:07:41,203 - WARNING - Alert L3: STATUS: NO RESPONSE, Att: 9
2026-01-21 19:07:41,301 - WARNING - Alert L3: STATUS: NO RESPONSE, Att: 9
2026-01-21 19:07:41,385 - WARNING - Alert L3: STATUS: NO RESPONSE, Att: 9
2026-01-21 19:07:41,510 - WARNING - Alert L3: STATUS: NO RESPONSE, Att: 9
2026-01-21 19:07:41,684 - WARNING - Alert L3: STATUS: NO RESPONSE, Att: 9
2026-01-21 19:07:41,763 - WARNING - Alert L3: STATUS: NO RESPONSE, Att: 9
2026-01-21 19:07:41,862 - WARNING - Alert L3: STATUS: NO RESPONSE, Att: 9
2026-01-21 19:07:41,959 - WARNING - Alert L3: STATUS: NO RESPONSE, Att: 9
2026-01-21 19:07:42,118 - WARNING - Alert L3: STATUS: NO RESPONSE, Att: 9
2026-01-21 19:07:42,211 - WARNING - Alert L3: STATUS: NO RESPONSE, Att: 9
2026-01-21 19:07:42,303 - WARNING - Alert L3: STATUS: NO RESPONSE, Att: 9
2026-01-21 19:07:42,415 - WARNING - Alert L3: STATUS: NO RESPONSE, Att: 9
2026-01-21 19:07:42,492 - WARNING - Alert L3: STATUS: NO RESPONSE, Att: 9
2026-01-21 19:07:42,602 - WARNING - Alert L3: STATUS: NO RESPONSE, Att: 9
2026-01-21 19:07:42,751 - WARNING - Alert L3: STATUS: NO RESPONSE, Att: 9
2026-01-21 19:07:42,836 - WARNING - Alert L3: STATUS: NO RESPONSE, Att: 9
2026-01-21 19:07:42,928 - WARNING - Alert L3: STATUS: NO RESPONSE, Att: 9
2026-01-21 19:07:43,051 - WARNING - Alert L3: STATUS: NO RESPONSE, Att: 9
2026-01-21 19:07:43,174 - WARNING - Alert L3: STATUS: NO RESPONSE, Att: 9
2026-01-21 19:07:43,247 - WARNING - Alert L3: STATUS: NO RESPONSE, Att: 9
2026-01-21 19:07:43,318 - WARNING - Alert L3: STATUS: NO RESPONSE, Att: 9
2026-01-21 19:07:43,410 - WARNING - Alert L3: STATUS: NO RESPONSE, Att: 9
2026-01-21 19:07:43,490 - WARNING - Alert L3: STATUS: NO RESPONSE, Att: 9
2026-01-21 19:07:43,613 - WARNING - Alert L3: STATUS: NO RESPONSE, Att: 9
2026-01-21 19:07:43,830 - WARNING - Alert L3: STATUS: NO RESPONSE, Att: 9
2026-01-21 19:07:43,948 - WARNING - Alert L3: STATUS: NO RESPONSE, Att: 9
2026-01-21 19:07:44,050 - WARNING - Alert L3: STATUS: NO RESPONSE, Att: 9
2026-01-21 19:07:44,138 - WARNING - Alert L3: STATUS: NO RESPONSE, Att: 10
2026-01-21 19:07:44,259 - WARNING - Alert L3: STATUS: NO RESPONSE, Att: 10
2026-01-21 19:07:44,366 - WARNING - Alert L3: STATUS: NO RESPONSE, Att: 10
2026-01-21 19:07:44,526 - WARNING - Alert L3: STATUS: NO RESPONSE, Att: 10
2026-01-21 19:07:44,647 - WARNING - Alert L3: STATUS: NO RESPONSE, Att: 11
2026-01-21 19:07:44,747 - WARNING - Alert L3: STATUS: NO RESPONSE, Att: 11
2026-01-21 19:07:44,873 - WARNING - Alert L3: STATUS: NO RESPONSE, Att: 11
2026-01-21 19:07:45,057 - WARNING - Alert L3: STATUS: NO RESPONSE, Att: 11
2026-01-21 19:07:45,151 - WARNING - Alert L3: STATUS: NO RESPONSE, Att: 12
2026-01-21 19:07:45,246 - WARNING - Alert L3: STATUS: NO RESPONSE, Att: 12
2026-01-21 19:07:45,332 - WARNING - Alert L3: STATUS: NO RESPONSE, Att: 12
2026-01-21 19:07:45,443 - WARNING - Alert L3: STATUS: NO RESPONSE, Att: 12
2026-01-21 19:07:45,541 - WARNING - Alert L3: STATUS: NO RESPONSE, Att: 13
2026-01-21 19:07:45,619 - WARNING - Alert L3: STATUS: NO RESPONSE, Att: 13
2026-01-21 19:07:45,703 - WARNING - Alert L3: STATUS: NO RESPONSE, Att: 13
2026-01-21 19:07:45,783 - WARNING - Alert L3: STATUS: NO RESPONSE, Att: 13
2026-01-21 19:07:45,896 - WARNING - Alert L3: STATUS: NO RESPONSE, Att: 14
2026-01-21 19:07:46,055 - WARNING - Alert L3: STATUS: NO RESPONSE, Att: 14
2026-01-21 19:07:46,139 - WARNING - Alert L3: STATUS: NO RESPONSE, Att: 14
2026-01-21 19:07:46,231 - WARNING - Alert L3: STATUS: NO RESPONSE, Att: 14
2026-01-21 19:07:46,329 - WARNING - Alert L2: STATUS: ILLOGICAL TALK, Att: 15
2026-01-21 19:07:46,486 - WARNING - Alert L2: STATUS: ILLOGICAL TALK, Att: 15
2026-01-21 19:07:46,567 - WARNING - Alert L2: STATUS: ILLOGICAL TALK, Att: 15
2026-01-21 19:07:46,642 - WARNING - Alert L2: STATUS: ILLOGICAL TALK, Att: 15
2026-01-21 19:07:46,705 - WARNING - Alert L2: STATUS: ILLOGICAL TALK, Att: 16
2026-01-21 19:07:46,776 - WARNING - Alert L2: STATUS: ILLOGICAL TALK, Att: 16
2026-01-21 19:07:46,878 - WARNING - Alert L2: STATUS: ILLOGICAL TALK, Att: 16
2026-01-21 19:07:47,039 - WARNING - Alert L2: STATUS: ILLOGICAL TALK, Att: 16
2026-01-21 19:07:47,106 - WARNING - Alert L2: STATUS: ILLOGICAL TALK, Att: 17
2026-01-21 19:07:47,172 - WARNING - Alert L2: STATUS: ILLOGICAL TALK, Att: 17
2026-01-21 19:07:47,249 - WARNING - Alert L2: STATUS: ILLOGICAL TALK, Att: 17
2026-01-21 19:07:47,361 - WARNING - Alert L2: STATUS: ILLOGICAL TALK, Att: 17
2026-01-21 19:07:47,432 - WARNING - Alert L2: STATUS: ILLOGICAL TALK, Att: 17
2026-01-21 19:07:47,512 - WARNING - Alert L2: STATUS: ILLOGICAL TALK, Att: 17
2026-01-21 19:07:47,602 - WARNING - Alert L2: STATUS: ILLOGICAL TALK, Att: 17
2026-01-21 19:07:47,692 - WARNING - Alert L2: STATUS: ILLOGICAL TALK, Att: 17
2026-01-21 19:07:47,804 - WARNING - Alert L2: STATUS: ILLOGICAL TALK, Att: 17
2026-01-21 19:07:47,991 - WARNING - Alert L2: STATUS: ILLOGICAL TALK, Att: 17
2026-01-21 19:07:48,070 - WARNING - Alert L2: STATUS: ILLOGICAL TALK, Att: 17
2026-01-21 19:07:48,153 - WARNING - Alert L2: STATUS: ILLOGICAL TALK, Att: 17
2026-01-21 19:07:48,236 - WARNING - Alert L2: STATUS: ILLOGICAL TALK, Att: 17
2026-01-21 19:07:48,374 - WARNING - Alert L2: STATUS: ILLOGICAL TALK, Att: 17
2026-01-21 19:07:48,448 - WARNING - Alert L2: STATUS: ILLOGICAL TALK, Att: 17
2026-01-21 19:07:48,524 - WARNING - Alert L2: STATUS: ILLOGICAL TALK, Att: 17
2026-01-21 19:07:48,605 - WARNING - Alert L2: STATUS: ILLOGICAL TALK, Att: 17
2026-01-21 19:07:48,685 - WARNING - Alert L2: STATUS: ILLOGICAL TALK, Att: 17
2026-01-21 19:07:48,792 - WARNING - Alert L2: STATUS: ILLOGICAL TALK, Att: 17
2026-01-21 19:07:48,968 - WARNING - Alert L2: STATUS: ILLOGICAL TALK, Att: 17
2026-01-21 19:07:49,047 - WARNING - Alert L2: STATUS: ILLOGICAL TALK, Att: 17
2026-01-21 19:07:49,123 - WARNING - Alert L2: STATUS: ILLOGICAL TALK, Att: 17
2026-01-21 19:07:49,191 - WARNING - Alert L2: STATUS: ILLOGICAL TALK, Att: 17
2026-01-21 19:07:49,311 - WARNING - Alert L2: STATUS: ILLOGICAL TALK, Att: 17
2026-01-21 19:07:49,385 - WARNING - Alert L2: STATUS: ILLOGICAL TALK, Att: 17
2026-01-21 19:07:49,467 - WARNING - Alert L2: STATUS: ILLOGICAL TALK, Att: 17
2026-01-21 19:07:49,561 - WARNING - Alert L2: STATUS: ILLOGICAL TALK, Att: 17
2026-01-21 19:07:49,635 - WARNING - Alert L2: STATUS: ILLOGICAL TALK, Att: 17
2026-01-21 19:07:49,746 - WARNING - Alert L2: STATUS: ILLOGICAL TALK, Att: 17
2026-01-21 19:07:49,921 - WARNING - Alert L2: STATUS: ILLOGICAL TALK, Att: 17
2026-01-21 19:07:50,012 - WARNING - Alert L2: STATUS: ILLOGICAL TALK, Att: 17
2026-01-21 19:07:50,092 - WARNING - Alert L2: STATUS: ILLOGICAL TALK, Att: 17
2026-01-21 19:07:50,186 - WARNING - Alert L2: STATUS: ILLOGICAL TALK, Att: 17
2026-01-21 19:07:50,311 - WARNING - Alert L2: STATUS: ILLOGICAL TALK, Att: 17
2026-01-21 19:07:50,383 - WARNING - Alert L2: STATUS: ILLOGICAL TALK, Att: 17
2026-01-21 19:07:50,467 - WARNING - Alert L2: STATUS: ILLOGICAL TALK, Att: 17
2026-01-21 19:07:50,547 - WARNING - Alert L2: STATUS: ILLOGICAL TALK, Att: 18
2026-01-21 19:07:50,623 - WARNING - Alert L2: STATUS: ILLOGICAL TALK, Att: 18
2026-01-21 19:07:50,722 - WARNING - Alert L2: STATUS: ILLOGICAL TALK, Att: 18
2026-01-21 19:07:50,874 - WARNING - Alert L2: STATUS: ILLOGICAL TALK, Att: 18
2026-01-21 19:07:50,955 - WARNING - Alert L2: STATUS: ILLOGICAL TALK, Att: 18
2026-01-21 19:07:51,023 - WARNING - Alert L2: STATUS: ILLOGICAL TALK, Att: 18
2026-01-21 19:07:51,121 - WARNING - Alert L2: STATUS: ILLOGICAL TALK, Att: 18
2026-01-21 19:07:51,243 - WARNING - Alert L2: STATUS: ILLOGICAL TALK, Att: 18
2026-01-21 19:07:51,310 - WARNING - Alert L2: STATUS: ILLOGICAL TALK, Att: 18
2026-01-21 19:07:51,385 - WARNING - Alert L2: STATUS: ILLOGICAL TALK, Att: 18
2026-01-21 19:07:51,457 - WARNING - Alert L2: STATUS: ILLOGICAL TALK, Att: 18
2026-01-21 19:07:51,549 - WARNING - Alert L2: STATUS: ILLOGICAL TALK, Att: 18
2026-01-21 19:07:51,677 - WARNING - Alert L2: STATUS: ILLOGICAL TALK, Att: 18
2026-01-21 19:07:51,851 - WARNING - Alert L2: STATUS: ILLOGICAL TALK, Att: 18
2026-01-21 19:07:51,932 - WARNING - Alert L2: STATUS: ILLOGICAL TALK, Att: 18
2026-01-21 19:07:52,017 - WARNING - Alert L2: STATUS: ILLOGICAL TALK, Att: 18
2026-01-21 19:07:52,099 - WARNING - Alert L2: STATUS: ILLOGICAL TALK, Att: 18
2026-01-21 19:07:52,269 - WARNING - Alert L2: STATUS: ILLOGICAL TALK, Att: 18
2026-01-21 19:07:52,348 - WARNING - Alert L2: STATUS: ILLOGICAL TALK, Att: 18
2026-01-21 19:07:52,423 - WARNING - Alert L2: STATUS: ILLOGICAL TALK, Att: 18
2026-01-21 19:07:52,500 - WARNING - Alert L2: STATUS: ILLOGICAL TALK, Att: 18
2026-01-21 19:07:52,580 - WARNING - Alert L2: STATUS: ILLOGICAL TALK, Att: 18
2026-01-21 19:07:52,687 - WARNING - Alert L2: STATUS: ILLOGICAL TALK, Att: 18
2026-01-21 19:07:52,836 - WARNING - Alert L2: STATUS: ILLOGICAL TALK, Att: 18
2026-01-21 19:07:52,915 - WARNING - Alert L2: STATUS: ILLOGICAL TALK, Att: 18
2026-01-21 19:07:52,995 - WARNING - Alert L2: STATUS: ILLOGICAL TALK, Att: 18
2026-01-21 19:07:53,094 - WARNING - Alert L2: STATUS: ILLOGICAL TALK, Att: 18
2026-01-21 19:07:53,251 - WARNING - Alert L2: STATUS: ILLOGICAL TALK, Att: 18
2026-01-21 19:07:53,329 - WARNING - Alert L2: STATUS: ILLOGICAL TALK, Att: 18
2026-01-21 19:07:53,409 - WARNING - Alert L2: STATUS: ILLOGICAL TALK, Att: 18
2026-01-21 19:07:53,486 - WARNING - Alert L2: STATUS: ILLOGICAL TALK, Att: 18
2026-01-21 19:07:53,570 - WARNING - Alert L2: STATUS: ILLOGICAL TALK, Att: 18
2026-01-21 19:07:53,666 - WARNING - Alert L2: STATUS: ILLOGICAL TALK, Att: 18
2026-01-21 19:07:53,824 - WARNING - Alert L2: STATUS: ILLOGICAL TALK, Att: 18
2026-01-21 19:07:53,896 - WARNING - Alert L2: STATUS: ILLOGICAL TALK, Att: 18
2026-01-21 19:07:53,963 - WARNING - Alert L2: STATUS: ILLOGICAL TALK, Att: 18
2026-01-21 19:07:54,056 - WARNING - Alert L2: STATUS: ILLOGICAL TALK, Att: 18
2026-01-21 19:07:54,156 - WARNING - Alert L2: STATUS: ILLOGICAL TALK, Att: 18
2026-01-21 19:07:54,226 - WARNING - Alert L2: STATUS: ILLOGICAL TALK, Att: 18
2026-01-21 19:07:54,315 - WARNING - Alert L2: STATUS: ILLOGICAL TALK, Att: 19
2026-01-21 19:07:54,390 - WARNING - Alert L2: STATUS: ILLOGICAL TALK, Att: 19
2026-01-21 19:07:54,491 - WARNING - Alert L2: STATUS: ILLOGICAL TALK, Att: 19
2026-01-21 19:07:54,609 - WARNING - Alert L2: STATUS: ILLOGICAL TALK, Att: 19
2026-01-21 19:07:54,769 - WARNING - Alert L2: STATUS: ILLOGICAL TALK, Att: 20
2026-01-21 19:07:54,856 - WARNING - Alert L2: STATUS: ILLOGICAL TALK, Att: 20
2026-01-21 19:07:54,965 - WARNING - Alert L2: STATUS: ILLOGICAL TALK, Att: 20
2026-01-21 19:07:55,051 - WARNING - Alert L2: STATUS: ILLOGICAL TALK, Att: 20
2026-01-21 19:07:55,173 - WARNING - Alert L2: STATUS: ILLOGICAL TALK, Att: 20
2026-01-21 19:07:55,250 - WARNING - Alert L2: STATUS: ILLOGICAL TALK, Att: 20
2026-01-21 19:07:55,334 - WARNING - Alert L2: STATUS: ILLOGICAL TALK, Att: 20
2026-01-21 19:07:55,419 - WARNING - Alert L2: STATUS: ILLOGICAL TALK, Att: 20
2026-01-21 19:07:55,492 - WARNING - Alert L2: STATUS: ILLOGICAL TALK, Att: 20
2026-01-21 19:07:55,608 - WARNING - Alert L2: STATUS: ILLOGICAL TALK, Att: 20
2026-01-21 19:07:55,776 - WARNING - Alert L2: STATUS: ILLOGICAL TALK, Att: 20
2026-01-21 19:07:55,839 - WARNING - Alert L2: STATUS: ILLOGICAL TALK, Att: 20
2026-01-21 19:07:55,918 - WARNING - Alert L2: STATUS: ILLOGICAL TALK, Att: 20
2026-01-21 19:07:55,995 - WARNING - Alert L2: STATUS: ILLOGICAL TALK, Att: 20
2026-01-21 19:07:56,126 - WARNING - Alert L2: STATUS: ILLOGICAL TALK, Att: 20
2026-01-21 19:07:56,193 - WARNING - Alert L2: STATUS: ILLOGICAL TALK, Att: 20
2026-01-21 19:07:56,265 - WARNING - Alert L2: STATUS: ILLOGICAL TALK, Att: 20
2026-01-21 19:07:56,332 - WARNING - Alert L2: STATUS: ILLOGICAL TALK, Att: 20
2026-01-21 19:07:56,405 - WARNING - Alert L2: STATUS: ILLOGICAL TALK, Att: 20
2026-01-21 19:07:56,514 - WARNING - Alert L2: STATUS: ILLOGICAL TALK, Att: 20
2026-01-21 19:07:56,667 - WARNING - Alert L2: STATUS: ILLOGICAL TALK, Att: 20
2026-01-21 19:07:56,732 - WARNING - Alert L2: STATUS: ILLOGICAL TALK, Att: 20
2026-01-21 19:07:56,819 - WARNING - Alert L2: STATUS: ILLOGICAL TALK, Att: 20
2026-01-21 19:07:56,902 - WARNING - Alert L2: STATUS: ILLOGICAL TALK, Att: 20
2026-01-21 19:07:57,025 - WARNING - Alert L2: STATUS: ILLOGICAL TALK, Att: 20
2026-01-21 19:07:57,146 - WARNING - Alert L2: STATUS: ILLOGICAL TALK, Att: 20
2026-01-21 19:07:57,247 - WARNING - Alert L2: STATUS: ILLOGICAL TALK, Att: 20
2026-01-21 19:07:57,350 - WARNING - Alert L2: STATUS: ILLOGICAL TALK, Att: 20
2026-01-21 19:07:57,427 - WARNING - Alert L2: STATUS: ILLOGICAL TALK, Att: 20
2026-01-21 19:07:57,567 - WARNING - Alert L2: STATUS: ILLOGICAL TALK, Att: 20
2026-01-21 19:07:57,751 - WARNING - Alert L2: STATUS: ILLOGICAL TALK, Att: 20
2026-01-21 19:07:57,846 - WARNING - Alert L2: STATUS: ILLOGICAL TALK, Att: 20
2026-01-21 19:07:57,929 - WARNING - Alert L2: STATUS: ILLOGICAL TALK, Att: 20
2026-01-21 19:07:58,019 - WARNING - Alert L2: STATUS: ILLOGICAL TALK, Att: 20
2026-01-21 19:07:58,137 - WARNING - Alert L2: STATUS: ILLOGICAL TALK, Att: 20
2026-01-21 19:07:58,232 - WARNING - Alert L2: STATUS: ILLOGICAL TALK, Att: 20
2026-01-21 19:07:58,355 - WARNING - Alert L2: STATUS: ILLOGICAL TALK, Att: 20
2026-01-21 19:07:58,447 - WARNING - Alert L2: STATUS: ILLOGICAL TALK, Att: 20
2026-01-21 19:07:58,550 - WARNING - Alert L2: STATUS: ILLOGICAL TALK, Att: 20
2026-01-21 19:07:58,689 - WARNING - Alert L2: STATUS: ILLOGICAL TALK, Att: 20
2026-01-21 19:07:58,925 - WARNING - Alert L2: STATUS: ILLOGICAL TALK, Att: 20
2026-01-21 19:07:59,004 - WARNING - Alert L2: STATUS: ILLOGICAL TALK, Att: 20
2026-01-21 19:07:59,116 - WARNING - Alert L2: STATUS: ILLOGICAL TALK, Att: 20
2026-01-21 19:07:59,208 - WARNING - Alert L2: STATUS: ILLOGICAL TALK, Att: 20
2026-01-21 19:07:59,370 - WARNING - Alert L2: STATUS: ILLOGICAL TALK, Att: 20
2026-01-21 19:07:59,479 - WARNING - Alert L2: STATUS: ILLOGICAL TALK, Att: 20
2026-01-21 19:07:59,630 - WARNING - Alert L2: STATUS: ILLOGICAL TALK, Att: 20
2026-01-21 19:07:59,729 - WARNING - Alert L2: STATUS: ILLOGICAL TALK, Att: 20
2026-01-21 19:07:59,815 - WARNING - Alert L2: STATUS: ILLOGICAL TALK, Att: 20
2026-01-21 19:07:59,963 - WARNING - Alert L2: STATUS: ILLOGICAL TALK, Att: 20
2026-01-21 19:08:00,152 - WARNING - Alert L2: STATUS: ILLOGICAL TALK, Att: 20
2026-01-21 19:08:00,222 - WARNING - Alert L2: STATUS: ILLOGICAL TALK, Att: 20
2026-01-21 19:08:00,311 - WARNING - Alert L2: STATUS: ILLOGICAL TALK, Att: 20
2026-01-21 19:08:00,388 - WARNING - Alert L2: STATUS: ILLOGICAL TALK, Att: 20
2026-01-21 19:08:00,507 - WARNING - Alert L2: STATUS: ILLOGICAL TALK, Att: 20
2026-01-21 19:08:00,613 - WARNING - Alert L2: STATUS: ILLOGICAL TALK, Att: 20
2026-01-21 19:08:00,713 - WARNING - Alert L2: STATUS: ILLOGICAL TALK, Att: 20
2026-01-21 19:08:00,838 - WARNING - Alert L2: STATUS: ILLOGICAL TALK, Att: 20
2026-01-21 19:08:00,933 - WARNING - Alert L2: STATUS: ILLOGICAL TALK, Att: 20
2026-01-21 19:08:01,080 - WARNING - Alert L2: STATUS: ILLOGICAL TALK, Att: 20
2026-01-21 19:08:01,414 - WARNING - Alert L2: STATUS: ILLOGICAL TALK, Att: 20
2026-01-21 19:08:01,629 - WARNING - Alert L2: STATUS: ILLOGICAL TALK, Att: 20
2026-01-21 19:08:01,798 - WARNING - Alert L2: STATUS: ILLOGICAL TALK, Att: 20
2026-01-21 19:08:01,982 - WARNING - Alert L2: STATUS: ILLOGICAL TALK, Att: 20
2026-01-21 19:08:02,148 - WARNING - Alert L2: STATUS: ILLOGICAL TALK, Att: 20
2026-01-21 19:08:02,283 - WARNING - Alert L2: STATUS: ILLOGICAL TALK, Att: 20
2026-01-21 19:08:02,397 - WARNING - Alert L2: STATUS: ILLOGICAL TALK, Att: 20
2026-01-21 19:08:02,505 - WARNING - Alert L2: STATUS: ILLOGICAL TALK, Att: 20
2026-01-21 19:08:02,635 - WARNING - Alert L2: STATUS: ILLOGICAL TALK, Att: 20
2026-01-21 19:08:02,803 - WARNING - Alert L2: STATUS: ILLOGICAL TALK, Att: 20
2026-01-21 19:08:03,003 - WARNING - Alert L2: STATUS: ILLOGICAL TALK, Att: 20
2026-01-21 19:08:03,091 - WARNING - Alert L2: STATUS: ILLOGICAL TALK, Att: 20
2026-01-21 19:08:03,192 - WARNING - Alert L2: STATUS: ILLOGICAL TALK, Att: 20
2026-01-21 19:08:03,282 - WARNING - Alert L2: STATUS: ILLOGICAL TALK, Att: 20
2026-01-21 19:08:03,407 - WARNING - Alert L2: STATUS: ILLOGICAL TALK, Att: 20
2026-01-21 19:08:03,536 - WARNING - Alert L2: STATUS: ILLOGICAL TALK, Att: 20
2026-01-21 19:08:03,689 - WARNING - Alert L2: STATUS: ILLOGICAL TALK, Att: 20
2026-01-21 19:08:03,853 - WARNING - Alert L2: STATUS: ILLOGICAL TALK, Att: 20
2026-01-21 19:08:03,991 - WARNING - Alert L2: STATUS: ILLOGICAL TALK, Att: 20
2026-01-21 19:08:04,169 - WARNING - Alert L2: STATUS: ILLOGICAL TALK, Att: 20
2026-01-21 19:08:04,400 - WARNING - Alert L2: STATUS: ILLOGICAL TALK, Att: 20
2026-01-21 19:08:04,537 - WARNING - Alert L2: STATUS: ILLOGICAL TALK, Att: 20
2026-01-21 19:08:04,711 - WARNING - Alert L2: STATUS: ILLOGICAL TALK, Att: 20
2026-01-21 19:08:04,900 - WARNING - Alert L2: STATUS: ILLOGICAL TALK, Att: 20
2026-01-21 19:08:05,124 - WARNING - Alert L2: STATUS: ILLOGICAL TALK, Att: 20
2026-01-21 19:08:05,266 - WARNING - Alert L2: STATUS: ILLOGICAL TALK, Att: 20
2026-01-21 19:08:05,398 - WARNING - Alert L2: STATUS: ILLOGICAL TALK, Att: 20
2026-01-21 19:08:05,526 - WARNING - Alert L2: STATUS: ILLOGICAL TALK, Att: 20
2026-01-21 19:08:05,653 - WARNING - Alert L2: STATUS: ILLOGICAL TALK, Att: 20
2026-01-21 19:08:05,854 - WARNING - Alert L2: STATUS: ILLOGICAL TALK, Att: 20
2026-01-21 19:08:06,242 - WARNING - Alert L2: STATUS: ILLOGICAL TALK, Att: 20
2026-01-21 19:08:06,355 - WARNING - Alert L2: STATUS: ILLOGICAL TALK, Att: 20
2026-01-21 19:08:06,506 - WARNING - Alert L2: STATUS: ILLOGICAL TALK, Att: 20
2026-01-21 19:08:06,637 - WARNING - Alert L2: STATUS: ILLOGICAL TALK, Att: 20
2026-01-21 19:08:06,775 - WARNING - Alert L2: STATUS: ILLOGICAL TALK, Att: 20
2026-01-21 19:08:06,849 - WARNING - Alert L2: STATUS: ILLOGICAL TALK, Att: 20
2026-01-21 19:08:06,953 - WARNING - Alert L2: STATUS: ILLOGICAL TALK, Att: 20
2026-01-21 19:08:07,053 - WARNING - Alert L2: STATUS: ILLOGICAL TALK, Att: 20
2026-01-21 19:08:07,161 - WARNING - Alert L2: STATUS: ILLOGICAL TALK, Att: 20
2026-01-21 19:08:07,273 - WARNING - Alert L2: STATUS: ILLOGICAL TALK, Att: 20
2026-01-21 19:08:07,469 - WARNING - Alert L2: STATUS: ILLOGICAL TALK, Att: 20
2026-01-21 19:08:07,563 - WARNING - Alert L2: STATUS: ILLOGICAL TALK, Att: 20
2026-01-21 19:08:07,664 - WARNING - Alert L2: STATUS: ILLOGICAL TALK, Att: 20
2026-01-21 19:08:07,751 - WARNING - Alert L2: STATUS: ILLOGICAL TALK, Att: 20
2026-01-21 19:08:07,916 - WARNING - Alert L2: STATUS: ILLOGICAL TALK, Att: 20
2026-01-21 19:08:08,004 - WARNING - Alert L2: STATUS: ILLOGICAL TALK, Att: 20
2026-01-21 19:08:08,121 - WARNING - Alert L2: STATUS: ILLOGICAL TALK, Att: 20
2026-01-21 19:08:08,214 - WARNING - Alert L2: STATUS: ILLOGICAL TALK, Att: 20
2026-01-21 19:08:08,323 - WARNING - Alert L2: STATUS: ILLOGICAL TALK, Att: 20
2026-01-21 19:08:08,485 - WARNING - Alert L2: STATUS: ILLOGICAL TALK, Att: 20
2026-01-21 19:08:08,675 - WARNING - Alert L2: STATUS: ILLOGICAL TALK, Att: 20
2026-01-21 19:08:08,748 - WARNING - Alert L2: STATUS: ILLOGICAL TALK, Att: 20
2026-01-21 19:08:08,829 - WARNING - Alert L2: STATUS: ILLOGICAL TALK, Att: 20
2026-01-21 19:08:08,906 - WARNING - Alert L2: STATUS: ILLOGICAL TALK, Att: 20
2026-01-21 19:08:09,044 - WARNING - Alert L2: STATUS: ILLOGICAL TALK, Att: 20
2026-01-21 19:08:09,134 - WARNING - Alert L2: STATUS: ILLOGICAL TALK, Att: 20
2026-01-21 19:08:09,219 - WARNING - Alert L2: STATUS: ILLOGICAL TALK, Att: 20
2026-01-21 19:08:09,314 - WARNING - Alert L2: STATUS: ILLOGICAL TALK, Att: 20
2026-01-21 19:08:09,387 - WARNING - Alert L2: STATUS: ILLOGICAL TALK, Att: 20
2026-01-21 19:08:09,520 - WARNING - Alert L2: STATUS: ILLOGICAL TALK, Att: 20
2026-01-21 19:08:09,750 - WARNING - Alert L2: STATUS: ILLOGICAL TALK, Att: 20
2026-01-21 19:08:09,861 - WARNING - Alert L2: STATUS: ILLOGICAL TALK, Att: 20
2026-01-21 19:08:09,947 - WARNING - Alert L2: STATUS: ILLOGICAL TALK, Att: 20
2026-01-21 19:08:10,026 - WARNING - Alert L2: STATUS: ILLOGICAL TALK, Att: 20
2026-01-21 19:08:10,142 - WARNING - Alert L2: STATUS: ILLOGICAL TALK, Att: 20
2026-01-21 19:08:10,209 - WARNING - Alert L2: STATUS: ILLOGICAL TALK, Att: 20
2026-01-21 19:08:10,281 - WARNING - Alert L2: STATUS: ILLOGICAL TALK, Att: 20
2026-01-21 19:08:10,352 - WARNING - Alert L2: STATUS: ILLOGICAL TALK, Att: 20
2026-01-21 19:08:10,416 - WARNING - Alert L2: STATUS: ILLOGICAL TALK, Att: 20
2026-01-21 19:08:10,538 - WARNING - Alert L2: STATUS: ILLOGICAL TALK, Att: 20
2026-01-21 19:08:10,729 - WARNING - Alert L2: STATUS: ILLOGICAL TALK, Att: 20
2026-01-21 19:08:10,813 - WARNING - Alert L2: STATUS: ILLOGICAL TALK, Att: 20
2026-01-21 19:08:10,943 - WARNING - Alert L2: STATUS: ILLOGICAL TALK, Att: 20
2026-01-21 19:08:11,072 - WARNING - Alert L2: STATUS: ILLOGICAL TALK, Att: 19
2026-01-21 19:08:11,212 - WARNING - Alert L2: STATUS: ILLOGICAL TALK, Att: 19
2026-01-21 19:08:11,290 - WARNING - Alert L2: STATUS: ILLOGICAL TALK, Att: 19
2026-01-21 19:08:11,393 - WARNING - Alert L2: STATUS: ILLOGICAL TALK, Att: 19
2026-01-21 19:08:11,480 - WARNING - Alert L2: STATUS: ILLOGICAL TALK, Att: 18
2026-01-21 19:08:11,564 - WARNING - Alert L2: STATUS: ILLOGICAL TALK, Att: 18
2026-01-21 19:08:11,744 - WARNING - Alert L2: STATUS: ILLOGICAL TALK, Att: 18
2026-01-21 19:08:11,942 - WARNING - Alert L2: STATUS: ILLOGICAL TALK, Att: 18
2026-01-21 19:08:12,029 - WARNING - Alert L2: STATUS: ILLOGICAL TALK, Att: 17
2026-01-21 19:08:12,130 - WARNING - Alert L2: STATUS: ILLOGICAL TALK, Att: 17
2026-01-21 19:08:12,210 - WARNING - Alert L2: STATUS: ILLOGICAL TALK, Att: 17
2026-01-21 19:08:12,346 - WARNING - Alert L2: STATUS: ILLOGICAL TALK, Att: 17
2026-01-21 19:08:12,423 - WARNING - Alert L2: STATUS: ILLOGICAL TALK, Att: 16
2026-01-21 19:08:12,502 - WARNING - Alert L2: STATUS: ILLOGICAL TALK, Att: 16
2026-01-21 19:08:12,595 - WARNING - Alert L2: STATUS: ILLOGICAL TALK, Att: 16
2026-01-21 19:08:12,679 - WARNING - Alert L2: STATUS: ILLOGICAL TALK, Att: 16
2026-01-21 19:08:12,793 - WARNING - Alert L2: STATUS: ILLOGICAL TALK, Att: 15
2026-01-21 19:08:12,949 - WARNING - Alert L2: STATUS: ILLOGICAL TALK, Att: 15
2026-01-21 19:08:13,031 - WARNING - Alert L2: STATUS: ILLOGICAL TALK, Att: 15
2026-01-21 19:08:13,129 - WARNING - Alert L2: STATUS: ILLOGICAL TALK, Att: 15
2026-01-21 19:08:13,227 - WARNING - Alert L3: STATUS: NO RESPONSE, Att: 14
2026-01-21 19:08:13,378 - WARNING - Alert L3: STATUS: NO RESPONSE, Att: 14
2026-01-21 19:08:13,483 - WARNING - Alert L3: STATUS: NO RESPONSE, Att: 14
2026-01-21 19:08:13,566 - WARNING - Alert L3: STATUS: NO RESPONSE, Att: 14
2026-01-21 19:08:13,691 - WARNING - Alert L3: STATUS: NO RESPONSE, Att: 13
2026-01-21 19:08:13,775 - WARNING - Alert L3: STATUS: NO RESPONSE, Att: 13
2026-01-21 19:08:13,882 - WARNING - Alert L3: STATUS: NO RESPONSE, Att: 13
2026-01-21 19:08:14,056 - WARNING - Alert L3: STATUS: NO RESPONSE, Att: 13
2026-01-21 19:08:14,141 - WARNING - Alert L3: STATUS: NO RESPONSE, Att: 13
2026-01-21 19:08:14,216 - WARNING - Alert L3: STATUS: NO RESPONSE, Att: 13
2026-01-21 19:08:14,291 - WARNING - Alert L3: STATUS: NO RESPONSE, Att: 13
2026-01-21 19:08:14,400 - WARNING - Alert L3: STATUS: NO RESPONSE, Att: 13
2026-01-21 19:08:14,486 - WARNING - Alert L3: STATUS: NO RESPONSE, Att: 13
2026-01-21 19:08:14,558 - WARNING - Alert L3: STATUS: NO RESPONSE, Att: 13
2026-01-21 19:08:14,638 - WARNING - Alert L3: STATUS: NO RESPONSE, Att: 13
2026-01-21 19:08:14,740 - WARNING - Alert L3: STATUS: NO RESPONSE, Att: 13
2026-01-21 19:08:14,876 - WARNING - Alert L3: STATUS: NO RESPONSE, Att: 13
2026-01-21 19:08:15,089 - WARNING - Alert L3: STATUS: NO RESPONSE, Att: 13
2026-01-21 19:08:15,176 - WARNING - Alert L3: STATUS: NO RESPONSE, Att: 13
2026-01-21 19:08:15,282 - WARNING - Alert L3: STATUS: NO RESPONSE, Att: 13
2026-01-21 19:08:15,373 - WARNING - Alert L3: STATUS: NO RESPONSE, Att: 13
2026-01-21 19:08:15,478 - WARNING - Alert L3: STATUS: NO RESPONSE, Att: 12
2026-01-21 19:08:15,569 - WARNING - Alert L3: STATUS: NO RESPONSE, Att: 12
2026-01-21 19:08:15,661 - WARNING - Alert L3: STATUS: NO RESPONSE, Att: 12
2026-01-21 19:08:15,797 - WARNING - Alert L3: STATUS: NO RESPONSE, Att: 12
2026-01-21 19:08:15,907 - WARNING - Alert L3: STATUS: NO RESPONSE, Att: 12
2026-01-21 19:08:16,029 - WARNING - Alert L3: STATUS: NO RESPONSE, Att: 12
2026-01-21 19:08:16,216 - WARNING - Alert L3: STATUS: NO RESPONSE, Att: 12
2026-01-21 19:08:16,312 - WARNING - Alert L3: STATUS: NO RESPONSE, Att: 12
2026-01-21 19:08:16,410 - WARNING - Alert L3: STATUS: NO RESPONSE, Att: 12
2026-01-21 19:08:16,495 - WARNING - Alert L3: STATUS: NO RESPONSE, Att: 12
2026-01-21 19:08:16,602 - WARNING - Alert L3: STATUS: NO RESPONSE, Att: 12
2026-01-21 19:08:16,673 - WARNING - Alert L3: STATUS: NO RESPONSE, Att: 12
2026-01-21 19:08:16,747 - WARNING - Alert L3: STATUS: NO RESPONSE, Att: 12
2026-01-21 19:08:16,828 - WARNING - Alert L3: STATUS: NO RESPONSE, Att: 12
2026-01-21 19:08:16,941 - WARNING - Alert L3: STATUS: NO RESPONSE, Att: 12
2026-01-21 19:08:17,141 - WARNING - Alert L3: STATUS: NO RESPONSE, Att: 12
2026-01-21 19:08:17,404 - WARNING - Alert L3: STATUS: NO RESPONSE, Att: 12
2026-01-21 19:08:17,509 - WARNING - Alert L3: STATUS: NO RESPONSE, Att: 12
2026-01-21 19:08:17,632 - WARNING - Alert L3: STATUS: NO RESPONSE, Att: 12
2026-01-21 19:08:17,739 - WARNING - Alert L3: STATUS: NO RESPONSE, Att: 12
2026-01-21 19:08:17,841 - WARNING - Alert L3: STATUS: NO RESPONSE, Att: 12
2026-01-21 19:08:17,921 - WARNING - Alert L3: STATUS: NO RESPONSE, Att: 12
2026-01-21 19:08:18,002 - WARNING - Alert L3: STATUS: NO RESPONSE, Att: 12
2026-01-21 19:08:18,078 - WARNING - Alert L3: STATUS: NO RESPONSE, Att: 12
2026-01-21 19:08:18,156 - WARNING - Alert L3: STATUS: NO RESPONSE, Att: 12
2026-01-21 19:08:18,269 - WARNING - Alert L3: STATUS: NO RESPONSE, Att: 12
2026-01-21 19:08:18,432 - WARNING - Alert L3: STATUS: NO RESPONSE, Att: 12
2026-01-21 19:08:18,531 - WARNING - Alert L3: STATUS: NO RESPONSE, Att: 12
2026-01-21 19:08:18,627 - WARNING - Alert L3: STATUS: NO RESPONSE, Att: 12
2026-01-21 19:08:18,702 - WARNING - Alert L3: STATUS: NO RESPONSE, Att: 12
2026-01-21 19:08:18,807 - WARNING - Alert L3: STATUS: NO RESPONSE, Att: 12
2026-01-21 19:08:18,908 - WARNING - Alert L3: STATUS: NO RESPONSE, Att: 12
2026-01-21 19:08:19,012 - WARNING - Alert L3: STATUS: NO RESPONSE, Att: 12
2026-01-21 19:08:19,094 - WARNING - Alert L3: STATUS: NO RESPONSE, Att: 12
2026-01-21 19:08:19,171 - WARNING - Alert L3: STATUS: NO RESPONSE, Att: 12
2026-01-21 19:08:19,277 - WARNING - Alert L3: STATUS: NO RESPONSE, Att: 12
2026-01-21 19:08:19,429 - WARNING - Alert L3: STATUS: NO RESPONSE, Att: 12
2026-01-21 19:08:19,495 - WARNING - Alert L3: STATUS: NO RESPONSE, Att: 12
2026-01-21 19:08:19,576 - WARNING - Alert L3: STATUS: NO RESPONSE, Att: 12
2026-01-21 19:08:19,666 - WARNING - Alert L3: STATUS: NO RESPONSE, Att: 12
2026-01-21 19:08:19,776 - WARNING - Alert L3: STATUS: NO RESPONSE, Att: 12
2026-01-21 19:08:19,868 - WARNING - Alert L3: STATUS: NO RESPONSE, Att: 12
2026-01-21 19:08:19,955 - WARNING - Alert L3: STATUS: NO RESPONSE, Att: 12
2026-01-21 19:08:20,027 - WARNING - Alert L3: STATUS: NO RESPONSE, Att: 12
2026-01-21 19:08:20,113 - WARNING - Alert L3: STATUS: NO RESPONSE, Att: 12
2026-01-21 19:08:20,226 - WARNING - Alert L3: STATUS: NO RESPONSE, Att: 8
2026-01-21 19:08:20,415 - WARNING - Alert L3: STATUS: NO RESPONSE, Att: 2
2026-01-21 19:08:20,490 - WARNING - Alert L3: STATUS: NO RESPONSE, Att: 2
2026-01-21 19:08:20,574 - WARNING - Alert L3: STATUS: NO RESPONSE, Att: 1
2026-01-21 19:08:20,678 - WARNING - Alert L3: STATUS: NO RESPONSE, Att: 1
2026-01-21 19:08:20,783 - WARNING - Alert L3: STATUS: NO RESPONSE, Att: 1
2026-01-21 19:08:20,864 - WARNING - Alert L3: STATUS: NO RESPONSE, Att: 0
2026-01-21 19:08:20,948 - WARNING - Alert L3: STATUS: NO RESPONSE, Att: -4
2026-01-21 19:08:21,020 - WARNING - Alert L3: STATUS: NO RESPONSE, Att: -4
2026-01-21 19:08:21,096 - WARNING - Alert L3: STATUS: NO RESPONSE, Att: -4
2026-01-21 19:08:21,214 - WARNING - Alert L3: STATUS: NO RESPONSE, Att: -7
2026-01-21 19:08:21,396 - WARNING - Alert L3: STATUS: NO RESPONSE, Att: -7
2026-01-21 19:08:21,479 - WARNING - Alert L3: STATUS: NO RESPONSE, Att: -7
2026-01-21 19:08:21,593 - WARNING - Alert L3: STATUS: NO RESPONSE, Att: 6
2026-01-21 19:08:21,704 - WARNING - Alert L3: STATUS: NO RESPONSE, Att: 9
2026-01-21 19:08:21,859 - WARNING - Alert L3: STATUS: NO RESPONSE, Att: 8
2026-01-21 19:08:21,969 - WARNING - Alert L3: STATUS: NO RESPONSE, Att: 8
2026-01-21 19:08:22,067 - WARNING - Alert L3: STATUS: NO RESPONSE, Att: 8
2026-01-21 19:08:22,182 - WARNING - Alert L3: STATUS: NO RESPONSE, Att: 8
2026-01-21 19:08:22,295 - WARNING - Alert L3: STATUS: NO RESPONSE, Att: 8
2026-01-21 19:08:22,445 - WARNING - Alert L3: STATUS: NO RESPONSE, Att: 8
2026-01-21 19:08:22,681 - WARNING - Alert L3: STATUS: NO RESPONSE, Att: 8
2026-01-21 19:08:22,789 - WARNING - Alert L3: STATUS: NO RESPONSE, Att: 8
2026-01-21 19:08:22,907 - WARNING - Alert L3: STATUS: NO RESPONSE, Att: 8
2026-01-21 19:08:23,016 - WARNING - Alert L3: STATUS: NO RESPONSE, Att: 8
2026-01-21 19:08:23,172 - WARNING - Alert L3: STATUS: NO RESPONSE, Att: 8
2026-01-21 19:08:23,288 - WARNING - Alert L3: STATUS: NO RESPONSE, Att: 8
2026-01-21 19:08:23,380 - WARNING - Alert L3: STATUS: NO RESPONSE, Att: 8
2026-01-21 19:08:23,505 - WARNING - Alert L3: STATUS: NO RESPONSE, Att: 8
2026-01-21 19:08:23,627 - WARNING - Alert L3: STATUS: NO RESPONSE, Att: 8
2026-01-21 19:08:23,757 - WARNING - Alert L3: STATUS: NO RESPONSE, Att: 8
2026-01-21 19:08:23,980 - WARNING - Alert L3: STATUS: NO RESPONSE, Att: 8
2026-01-21 19:08:24,076 - WARNING - Alert L3: STATUS: NO RESPONSE, Att: 8
2026-01-21 19:08:24,170 - WARNING - Alert L3: STATUS: NO RESPONSE, Att: 8
2026-01-21 19:08:24,289 - WARNING - Alert L3: STATUS: NO RESPONSE, Att: 8
2026-01-21 19:08:24,458 - WARNING - Alert L3: STATUS: NO RESPONSE, Att: 8
2026-01-21 19:08:24,580 - WARNING - Alert L3: STATUS: NO RESPONSE, Att: 8
2026-01-21 19:08:24,675 - WARNING - Alert L3: STATUS: NO RESPONSE, Att: 8
2026-01-21 19:08:24,778 - WARNING - Alert L3: STATUS: NO RESPONSE, Att: 8
2026-01-21 19:08:24,882 - WARNING - Alert L3: STATUS: NO RESPONSE, Att: 8
2026-01-21 19:08:25,007 - WARNING - Alert L3: STATUS: NO RESPONSE, Att: 8
2026-01-21 19:08:25,221 - WARNING - Alert L3: STATUS: NO RESPONSE, Att: 8
2026-01-21 19:08:25,316 - WARNING - Alert L3: STATUS: NO RESPONSE, Att: 8
2026-01-21 19:08:25,416 - WARNING - Alert L3: STATUS: NO RESPONSE, Att: 8
2026-01-21 19:08:25,514 - WARNING - Alert L3: STATUS: NO RESPONSE, Att: 8
2026-01-21 19:08:25,726 - WARNING - Alert L3: STATUS: NO RESPONSE, Att: 8
2026-01-21 19:08:25,857 - WARNING - Alert L3: STATUS: NO RESPONSE, Att: 8
2026-01-21 19:08:25,960 - WARNING - Alert L3: STATUS: NO RESPONSE, Att: 8
2026-01-21 19:08:26,053 - WARNING - Alert L3: STATUS: NO RESPONSE, Att: 8
2026-01-21 19:08:26,156 - WARNING - Alert L3: STATUS: NO RESPONSE, Att: 8
2026-01-21 19:08:26,275 - WARNING - Alert L3: STATUS: NO RESPONSE, Att: 8
2026-01-21 19:08:26,497 - WARNING - Alert L3: STATUS: NO RESPONSE, Att: 8
2026-01-21 19:08:26,613 - WARNING - Alert L3: STATUS: NO RESPONSE, Att: 8
2026-01-21 19:08:26,707 - WARNING - Alert L3: STATUS: NO RESPONSE, Att: 8
2026-01-21 19:08:26,789 - WARNING - Alert L3: STATUS: NO RESPONSE, Att: 8
2026-01-21 19:08:26,902 - WARNING - Alert L3: STATUS: NO RESPONSE, Att: 8
2026-01-21 19:08:26,982 - WARNING - Alert L3: STATUS: NO RESPONSE, Att: 8
2026-01-21 19:08:27,058 - WARNING - Alert L3: STATUS: NO RESPONSE, Att: 8
2026-01-21 19:08:27,173 - WARNING - Alert L3: STATUS: NO RESPONSE, Att: 8
2026-01-21 19:08:27,289 - WARNING - Alert L3: STATUS: NO RESPONSE, Att: 8
2026-01-21 19:08:27,419 - WARNING - Alert L3: STATUS: NO RESPONSE, Att: 8
2026-01-21 19:08:27,592 - WARNING - Alert L3: STATUS: NO RESPONSE, Att: 8
2026-01-21 19:08:27,685 - WARNING - Alert L3: STATUS: NO RESPONSE, Att: 8
2026-01-21 19:08:27,766 - WARNING - Alert L3: STATUS: NO RESPONSE, Att: 8
2026-01-21 19:08:27,867 - WARNING - Alert L3: STATUS: NO RESPONSE, Att: 8
2026-01-21 19:08:27,978 - WARNING - Alert L3: STATUS: NO RESPONSE, Att: 8
2026-01-21 19:08:28,053 - WARNING - Alert L3: STATUS: NO RESPONSE, Att: 9
2026-01-21 19:08:28,151 - WARNING - Alert L3: STATUS: NO RESPONSE, Att: 9
2026-01-21 19:08:28,232 - WARNING - Alert L3: STATUS: NO RESPONSE, Att: 9
2026-01-21 19:08:28,311 - WARNING - Alert L3: STATUS: NO RESPONSE, Att: 9
2026-01-21 19:08:28,441 - WARNING - Alert L3: STATUS: NO RESPONSE, Att: 10
2026-01-21 19:08:28,683 - WARNING - Alert L3: STATUS: NO RESPONSE, Att: 10
2026-01-21 19:08:28,792 - WARNING - Alert L3: STATUS: NO RESPONSE, Att: 10
2026-01-21 19:08:28,907 - WARNING - Alert L3: STATUS: NO RESPONSE, Att: 10
2026-01-21 19:08:29,027 - WARNING - Alert L3: STATUS: NO RESPONSE, Att: 11
2026-01-21 19:08:29,174 - WARNING - Alert L3: STATUS: NO RESPONSE, Att: 11
2026-01-21 19:08:29,259 - WARNING - Alert L3: STATUS: NO RESPONSE, Att: 11
2026-01-21 19:08:29,338 - WARNING - Alert L3: STATUS: NO RESPONSE, Att: 11
2026-01-21 19:08:29,428 - WARNING - Alert L3: STATUS: NO RESPONSE, Att: 12
2026-01-21 19:08:29,509 - WARNING - Alert L3: STATUS: NO RESPONSE, Att: 12
2026-01-21 19:08:29,651 - WARNING - Alert L3: STATUS: NO RESPONSE, Att: 12
2026-01-21 19:08:29,829 - WARNING - Alert L3: STATUS: NO RESPONSE, Att: 12
2026-01-21 19:08:29,925 - WARNING - Alert L3: STATUS: NO RESPONSE, Att: 13
2026-01-21 19:08:30,032 - WARNING - Alert L3: STATUS: NO RESPONSE, Att: 13
2026-01-21 19:08:30,134 - WARNING - Alert L3: STATUS: NO RESPONSE, Att: 13
2026-01-21 19:08:30,261 - WARNING - Alert L3: STATUS: NO RESPONSE, Att: 13
2026-01-21 19:08:30,355 - WARNING - Alert L3: STATUS: NO RESPONSE, Att: 14
2026-01-21 19:08:30,428 - WARNING - Alert L3: STATUS: NO RESPONSE, Att: 14
2026-01-21 19:08:30,501 - WARNING - Alert L3: STATUS: NO RESPONSE, Att: 14
2026-01-21 19:08:30,586 - WARNING - Alert L3: STATUS: NO RESPONSE, Att: 14
2026-01-21 19:08:30,743 - WARNING - Alert L2: STATUS: ILLOGICAL TALK, Att: 15
2026-01-21 19:08:30,952 - WARNING - Alert L2: STATUS: ILLOGICAL TALK, Att: 15
2026-01-21 19:08:31,031 - WARNING - Alert L2: STATUS: ILLOGICAL TALK, Att: 15
2026-01-21 19:08:31,119 - WARNING - Alert L2: STATUS: ILLOGICAL TALK, Att: 15
2026-01-21 19:08:31,226 - WARNING - Alert L2: STATUS: ILLOGICAL TALK, Att: 15
2026-01-21 19:08:31,358 - WARNING - Alert L2: STATUS: ILLOGICAL TALK, Att: 15
2026-01-21 19:08:31,437 - WARNING - Alert L2: STATUS: ILLOGICAL TALK, Att: 15
2026-01-21 19:08:31,508 - WARNING - Alert L2: STATUS: ILLOGICAL TALK, Att: 15
2026-01-21 19:08:31,600 - WARNING - Alert L2: STATUS: ILLOGICAL TALK, Att: 15
2026-01-21 19:08:31,673 - WARNING - Alert L2: STATUS: ILLOGICAL TALK, Att: 15
2026-01-21 19:08:31,811 - WARNING - Alert L2: STATUS: ILLOGICAL TALK, Att: 15
2026-01-21 19:08:31,988 - WARNING - Alert L2: STATUS: ILLOGICAL TALK, Att: 15
2026-01-21 19:08:32,065 - WARNING - Alert L2: STATUS: ILLOGICAL TALK, Att: 15
2026-01-21 19:08:32,164 - WARNING - Alert L2: STATUS: ILLOGICAL TALK, Att: 15
2026-01-21 19:08:32,261 - WARNING - Alert L2: STATUS: ILLOGICAL TALK, Att: 15
2026-01-21 19:08:32,403 - WARNING - Alert L2: STATUS: ILLOGICAL TALK, Att: 15
2026-01-21 19:08:32,479 - WARNING - Alert L2: STATUS: ILLOGICAL TALK, Att: 15
2026-01-21 19:08:32,577 - WARNING - Alert L2: STATUS: ILLOGICAL TALK, Att: 15
2026-01-21 19:08:32,678 - WARNING - Alert L2: STATUS: ILLOGICAL TALK, Att: 15
2026-01-21 19:08:32,775 - WARNING - Alert L2: STATUS: ILLOGICAL TALK, Att: 15
2026-01-21 19:08:32,894 - WARNING - Alert L2: STATUS: ILLOGICAL TALK, Att: 15
2026-01-21 19:08:33,049 - WARNING - Alert L2: STATUS: ILLOGICAL TALK, Att: 15
2026-01-21 19:08:33,118 - WARNING - Alert L2: STATUS: ILLOGICAL TALK, Att: 15
2026-01-21 19:08:33,188 - WARNING - Alert L2: STATUS: ILLOGICAL TALK, Att: 15
2026-01-21 19:08:33,268 - WARNING - Alert L2: STATUS: ILLOGICAL TALK, Att: 15
2026-01-21 19:08:33,386 - WARNING - Alert L2: STATUS: ILLOGICAL TALK, Att: 15
2026-01-21 19:08:33,462 - WARNING - Alert L2: STATUS: ILLOGICAL TALK, Att: 15
2026-01-21 19:08:33,544 - WARNING - Alert L2: STATUS: ILLOGICAL TALK, Att: 15
2026-01-21 19:08:33,628 - WARNING - Alert L2: STATUS: ILLOGICAL TALK, Att: 15
2026-01-21 19:08:33,713 - WARNING - Alert L2: STATUS: ILLOGICAL TALK, Att: 15
2026-01-21 19:08:33,853 - WARNING - Alert L2: STATUS: ILLOGICAL TALK, Att: 15
2026-01-21 19:08:34,050 - WARNING - Alert L2: STATUS: ILLOGICAL TALK, Att: 15
2026-01-21 19:08:34,129 - WARNING - Alert L2: STATUS: ILLOGICAL TALK, Att: 15
2026-01-21 19:08:34,218 - WARNING - Alert L2: STATUS: ILLOGICAL TALK, Att: 15
2026-01-21 19:08:34,317 - WARNING - Alert L2: STATUS: ILLOGICAL TALK, Att: 15
2026-01-21 19:08:34,467 - WARNING - Alert L2: STATUS: ILLOGICAL TALK, Att: 15
2026-01-21 19:08:34,562 - WARNING - Alert L2: STATUS: ILLOGICAL TALK, Att: 15
2026-01-21 19:08:34,657 - WARNING - Alert L2: STATUS: ILLOGICAL TALK, Att: 15
2026-01-21 19:08:34,753 - WARNING - Alert L2: STATUS: ILLOGICAL TALK, Att: 15
2026-01-21 19:08:34,879 - WARNING - Alert L2: STATUS: ILLOGICAL TALK, Att: 15
2026-01-21 19:08:35,063 - WARNING - Alert L2: STATUS: ILLOGICAL TALK, Att: 15
2026-01-21 19:08:35,336 - WARNING - Alert L2: STATUS: ILLOGICAL TALK, Att: 15
2026-01-21 19:08:35,450 - WARNING - Alert L2: STATUS: ILLOGICAL TALK, Att: 15
2026-01-21 19:08:35,623 - WARNING - Alert L2: STATUS: ILLOGICAL TALK, Att: 15
2026-01-21 19:08:35,796 - WARNING - Alert L2: STATUS: ILLOGICAL TALK, Att: 15
2026-01-21 19:08:36,054 - WARNING - Alert L2: STATUS: ILLOGICAL TALK, Att: 15
2026-01-21 19:08:36,145 - WARNING - Alert L2: STATUS: ILLOGICAL TALK, Att: 15
2026-01-21 19:08:36,237 - WARNING - Alert L2: STATUS: ILLOGICAL TALK, Att: 15
2026-01-21 19:08:36,330 - WARNING - Alert L2: STATUS: ILLOGICAL TALK, Att: 15
2026-01-21 19:08:36,430 - WARNING - Alert L2: STATUS: ILLOGICAL TALK, Att: 15
2026-01-21 19:08:36,574 - WARNING - Alert L2: STATUS: ILLOGICAL TALK, Att: 15
2026-01-21 19:08:36,827 - WARNING - Alert L2: STATUS: ILLOGICAL TALK, Att: 15
2026-01-21 19:08:36,927 - WARNING - Alert L2: STATUS: ILLOGICAL TALK, Att: 15
2026-01-21 19:08:37,033 - WARNING - Alert L2: STATUS: ILLOGICAL TALK, Att: 15
2026-01-21 19:08:37,141 - WARNING - Alert L2: STATUS: ILLOGICAL TALK, Att: 15
2026-01-21 19:08:37,300 - WARNING - Alert L2: STATUS: ILLOGICAL TALK, Att: 15
2026-01-21 19:08:37,380 - WARNING - Alert L2: STATUS: ILLOGICAL TALK, Att: 15
2026-01-21 19:08:37,481 - WARNING - Alert L2: STATUS: ILLOGICAL TALK, Att: 15
2026-01-21 19:08:37,636 - WARNING - Alert L2: STATUS: ILLOGICAL TALK, Att: 15
2026-01-21 19:08:37,738 - WARNING - Alert L2: STATUS: ILLOGICAL TALK, Att: 15
2026-01-21 20:36:00,540 - WARNING - From E:\anaconda3\envs\drowsy\lib\site-packages\keras\src\backend.py:1398: The name tf.executing_eagerly_outside_functions is deprecated. Please use tf.compat.v1.executing_eagerly_outside_functions instead.

2026-01-21 20:36:00,939 - WARNING - From E:\anaconda3\envs\drowsy\lib\site-packages\keras\src\layers\pooling\max_pooling2d.py:161: The name tf.nn.max_pool is deprecated. Please use tf.nn.max_pool2d instead.

2026-01-21 20:36:01,085 - WARNING - From E:\anaconda3\envs\drowsy\lib\site-packages\keras\src\optimizers\__init__.py:309: The name tf.train.Optimizer is deprecated. Please use tf.compat.v1.train.Optimizer instead.

2026-01-21 20:36:04,849 - INFO - Imported existing <module 'comtypes.gen' from 'E:\\anaconda3\\envs\\drowsy\\lib\\site-packages\\comtypes\\gen\\__init__.py'>
2026-01-21 20:36:04,849 - INFO - Using writeable comtypes cache directory: 'E:\anaconda3\envs\drowsy\lib\site-packages\comtypes\gen'
2026-01-21 20:36:25,437 - WARNING - Alert L3: STATUS: CRITICAL ALERT, Att: -6
2026-01-21 20:36:25,804 - WARNING - Alert L3: STATUS: CRITICAL ALERT, Att: -6
2026-01-21 20:36:26,030 - WARNING - Alert L3: STATUS: CRITICAL ALERT, Att: -6
2026-01-21 20:36:26,150 - WARNING - Alert L3: STATUS: CRITICAL ALERT, Att: -6
2026-01-21 20:36:26,247 - WARNING - Alert L3: STATUS: CRITICAL ALERT, Att: -6
2026-01-21 20:36:26,343 - WARNING - Alert L3: STATUS: CRITICAL ALERT, Att: -6
2026-01-21 20:36:26,628 - WARNING - Alert L3: STATUS: CRITICAL ALERT, Att: -6
2026-01-21 20:36:26,746 - WARNING - Alert L3: STATUS: CRITICAL ALERT, Att: -6
2026-01-21 20:36:26,836 - WARNING - Alert L3: STATUS: CRITICAL ALERT, Att: -12
2026-01-21 20:36:26,928 - WARNING - Alert L3: STATUS: CRITICAL ALERT, Att: -12
2026-01-21 20:36:27,023 - WARNING - Alert L3: STATUS: CRITICAL ALERT, Att: -12
2026-01-21 20:36:27,328 - WARNING - Alert L3: STATUS: CRITICAL ALERT, Att: -6
2026-01-21 20:36:27,548 - WARNING - Alert L3: STATUS: CRITICAL ALERT, Att: -6
2026-01-21 20:36:27,657 - WARNING - Alert L3: STATUS: CRITICAL ALERT, Att: -6
2026-01-21 20:36:27,744 - WARNING - Alert L3: STATUS: CRITICAL ALERT, Att: -6
2026-01-21 20:36:27,851 - WARNING - Alert L3: STATUS: CRITICAL ALERT, Att: -6
2026-01-21 20:36:28,105 - WARNING - Alert L3: STATUS: CRITICAL ALERT, Att: -6
2026-01-21 20:36:28,222 - WARNING - Alert L3: STATUS: CRITICAL ALERT, Att: -6
2026-01-21 20:36:28,302 - WARNING - Alert L3: STATUS: CRITICAL ALERT, Att: -6
2026-01-21 20:36:28,399 - WARNING - Alert L3: STATUS: CRITICAL ALERT, Att: -6
2026-01-21 20:36:28,492 - WARNING - Alert L3: STATUS: CRITICAL ALERT, Att: -6
2026-01-21 20:36:28,784 - WARNING - Alert L3: STATUS: CRITICAL ALERT, Att: -6
2026-01-21 20:36:29,032 - WARNING - Alert L3: STATUS: CRITICAL ALERT, Att: -6
2026-01-21 20:36:29,143 - WARNING - Alert L3: STATUS: CRITICAL ALERT, Att: -6
2026-01-21 20:36:29,225 - WARNING - Alert L3: STATUS: CRITICAL ALERT, Att: -6
2026-01-21 20:36:29,326 - WARNING - Alert L3: STATUS: CRITICAL ALERT, Att: -6
2026-01-21 20:36:29,561 - WARNING - Alert L3: STATUS: CRITICAL ALERT, Att: -6
2026-01-21 20:36:29,663 - WARNING - Alert L3: STATUS: CRITICAL ALERT, Att: -6
2026-01-21 20:36:29,742 - WARNING - Alert L3: STATUS: CRITICAL ALERT, Att: -6
2026-01-21 20:36:29,841 - WARNING - Alert L3: STATUS: CRITICAL ALERT, Att: -6
2026-01-21 20:36:29,930 - WARNING - Alert L3: STATUS: CRITICAL ALERT, Att: -6
2026-01-21 20:36:30,217 - WARNING - Alert L3: STATUS: CRITICAL ALERT, Att: -6
2026-01-21 20:36:30,468 - WARNING - Alert L3: STATUS: CRITICAL ALERT, Att: -6
2026-01-21 20:36:30,582 - WARNING - Alert L3: STATUS: CRITICAL ALERT, Att: -6
2026-01-21 20:36:30,670 - WARNING - Alert L3: STATUS: CRITICAL ALERT, Att: -6
2026-01-21 20:36:30,763 - WARNING - Alert L3: STATUS: CRITICAL ALERT, Att: -6
2026-01-21 20:36:31,017 - WARNING - Alert L3: STATUS: CRITICAL ALERT, Att: -5
2026-01-21 20:36:31,120 - WARNING - Alert L3: STATUS: CRITICAL ALERT, Att: -5
2026-01-21 20:36:31,205 - WARNING - Alert L3: STATUS: CRITICAL ALERT, Att: -5
2026-01-21 20:36:31,298 - WARNING - Alert L3: STATUS: CRITICAL ALERT, Att: -5
2026-01-21 20:36:31,380 - WARNING - Alert L3: STATUS: CRITICAL ALERT, Att: -5
2026-01-21 20:36:31,751 - WARNING - Alert L3: STATUS: CRITICAL ALERT, Att: -5
2026-01-21 20:36:32,061 - WARNING - Alert L3: STATUS: CRITICAL ALERT, Att: -5
2026-01-21 20:36:32,181 - WARNING - Alert L3: STATUS: CRITICAL ALERT, Att: -5
2026-01-21 20:36:32,279 - WARNING - Alert L3: STATUS: CRITICAL ALERT, Att: -8
2026-01-21 20:36:32,386 - WARNING - Alert L3: STATUS: CRITICAL ALERT, Att: -8
2026-01-21 20:36:32,654 - WARNING - Alert L3: STATUS: CRITICAL ALERT, Att: -8
2026-01-21 20:36:32,750 - WARNING - Alert L3: STATUS: CRITICAL ALERT, Att: -7
2026-01-21 20:36:32,858 - WARNING - Alert L3: STATUS: CRITICAL ALERT, Att: -7
2026-01-21 20:36:32,977 - WARNING - Alert L3: STATUS: CRITICAL ALERT, Att: -7
2026-01-21 20:36:33,059 - WARNING - Alert L3: STATUS: CRITICAL ALERT, Att: -6
2026-01-21 20:36:33,320 - WARNING - Alert L3: STATUS: CRITICAL ALERT, Att: -6
2026-01-21 20:36:33,559 - WARNING - Alert L3: STATUS: CRITICAL ALERT, Att: -6
2026-01-21 20:36:33,682 - WARNING - Alert L3: STATUS: CRITICAL ALERT, Att: -5
2026-01-21 20:36:33,826 - WARNING - Alert L3: STATUS: CRITICAL ALERT, Att: -5
2026-01-21 20:36:34,078 - WARNING - Alert L3: STATUS: CRITICAL ALERT, Att: -5
2026-01-21 20:36:34,386 - WARNING - Alert L3: STATUS: CRITICAL ALERT, Att: -5
2026-01-21 20:36:34,512 - WARNING - Alert L3: STATUS: CRITICAL ALERT, Att: -5
2026-01-21 20:36:34,631 - WARNING - Alert L3: STATUS: CRITICAL ALERT, Att: -5
2026-01-21 20:36:34,741 - WARNING - Alert L3: STATUS: CRITICAL ALERT, Att: -5
2026-01-21 20:36:34,844 - WARNING - Alert L3: STATUS: CRITICAL ALERT, Att: -5
2026-01-21 20:36:35,132 - WARNING - Alert L3: STATUS: CRITICAL ALERT, Att: -5
2026-01-21 20:36:35,364 - WARNING - Alert L3: STATUS: CRITICAL ALERT, Att: -5
2026-01-21 20:36:35,478 - WARNING - Alert L3: STATUS: CRITICAL ALERT, Att: -5
2026-01-21 20:36:35,576 - WARNING - Alert L3: STATUS: CRITICAL ALERT, Att: -5
2026-01-21 20:36:35,673 - WARNING - Alert L3: STATUS: CRITICAL ALERT, Att: -6
2026-01-21 20:36:36,034 - WARNING - Alert L3: STATUS: CRITICAL ALERT, Att: -6
2026-01-21 20:36:36,198 - WARNING - Alert L3: STATUS: CRITICAL ALERT, Att: -6
2026-01-21 20:36:36,327 - WARNING - Alert L3: STATUS: CRITICAL ALERT, Att: -6
2026-01-21 20:36:36,441 - WARNING - Alert L3: STATUS: CRITICAL ALERT, Att: -7
2026-01-21 20:36:36,723 - WARNING - Alert L3: STATUS: CRITICAL ALERT, Att: -7
2026-01-21 20:36:37,027 - WARNING - Alert L3: STATUS: CRITICAL ALERT, Att: -7
2026-01-21 20:36:37,148 - WARNING - Alert L3: STATUS: CRITICAL ALERT, Att: -8
2026-01-21 20:36:37,353 - WARNING - Alert L3: STATUS: CRITICAL ALERT, Att: -8
2026-01-21 20:36:37,655 - WARNING - Alert L3: STATUS: CRITICAL ALERT, Att: -8
2026-01-21 20:36:37,804 - WARNING - Alert L3: STATUS: CRITICAL ALERT, Att: -8
2026-01-21 20:39:23,553 - WARNING - Alert L3: STATUS: CRITICAL ALERT, Att: -5
2026-01-21 20:39:23,828 - WARNING - Alert L3: STATUS: CRITICAL ALERT, Att: -5
2026-01-21 20:39:24,074 - WARNING - Alert L3: STATUS: CRITICAL ALERT, Att: -5
2026-01-21 20:39:24,180 - WARNING - Alert L3: STATUS: CRITICAL ALERT, Att: -5
2026-01-21 20:39:24,280 - WARNING - Alert L3: STATUS: CRITICAL ALERT, Att: -5
2026-01-21 20:39:24,370 - WARNING - Alert L3: STATUS: CRITICAL ALERT, Att: -5
2026-01-21 20:39:24,588 - WARNING - Alert L3: STATUS: CRITICAL ALERT, Att: -5
2026-01-21 20:39:24,680 - WARNING - Alert L3: STATUS: CRITICAL ALERT, Att: -5
2026-01-21 20:39:24,747 - WARNING - Alert L3: STATUS: CRITICAL ALERT, Att: -5
2026-01-21 20:39:24,835 - WARNING - Alert L3: STATUS: CRITICAL ALERT, Att: -5
2026-01-21 20:39:24,917 - WARNING - Alert L3: STATUS: CRITICAL ALERT, Att: -5
2026-01-21 20:39:25,154 - WARNING - Alert L3: STATUS: CRITICAL ALERT, Att: -5
2026-01-21 20:39:25,350 - WARNING - Alert L3: STATUS: CRITICAL ALERT, Att: -5
2026-01-21 20:39:25,447 - WARNING - Alert L3: STATUS: CRITICAL ALERT, Att: -5
2026-01-21 20:39:25,534 - WARNING - Alert L3: STATUS: CRITICAL ALERT, Att: -5
2026-01-21 20:39:25,620 - WARNING - Alert L3: STATUS: CRITICAL ALERT, Att: -5
2026-01-21 20:39:25,832 - WARNING - Alert L3: STATUS: CRITICAL ALERT, Att: -5
2026-01-21 20:39:25,919 - WARNING - Alert L3: STATUS: CRITICAL ALERT, Att: -5
2026-01-21 20:39:26,011 - WARNING - Alert L3: STATUS: CRITICAL ALERT, Att: -5
2026-01-21 20:39:26,093 - WARNING - Alert L3: STATUS: CRITICAL ALERT, Att: -5
2026-01-21 20:39:26,177 - WARNING - Alert L3: STATUS: CRITICAL ALERT, Att: -5
2026-01-21 20:39:26,363 - WARNING - Alert L3: STATUS: CRITICAL ALERT, Att: -5
2026-01-21 20:39:26,604 - WARNING - Alert L3: STATUS: CRITICAL ALERT, Att: -5
2026-01-21 20:39:26,692 - WARNING - Alert L3: STATUS: CRITICAL ALERT, Att: -5
2026-01-21 20:39:26,796 - WARNING - Alert L3: STATUS: CRITICAL ALERT, Att: -5
2026-01-21 20:39:26,895 - WARNING - Alert L3: STATUS: CRITICAL ALERT, Att: -5
2026-01-21 20:39:27,110 - WARNING - Alert L3: STATUS: CRITICAL ALERT, Att: -5
2026-01-21 20:39:27,211 - WARNING - Alert L3: STATUS: CRITICAL ALERT, Att: -5
2026-01-21 20:39:27,338 - WARNING - Alert L3: STATUS: CRITICAL ALERT, Att: -5
2026-01-21 20:39:27,442 - WARNING - Alert L3: STATUS: CRITICAL ALERT, Att: -5
2026-01-21 20:39:27,530 - WARNING - Alert L3: STATUS: CRITICAL ALERT, Att: -5
2026-01-21 20:39:27,776 - WARNING - Alert L3: STATUS: CRITICAL ALERT, Att: -5
2026-01-21 20:39:28,019 - WARNING - Alert L3: STATUS: CRITICAL ALERT, Att: -5
2026-01-21 20:39:28,099 - WARNING - Alert L3: STATUS: CRITICAL ALERT, Att: -5
2026-01-21 20:39:28,180 - WARNING - Alert L3: STATUS: CRITICAL ALERT, Att: -5
2026-01-21 20:39:28,287 - WARNING - Alert L3: STATUS: CRITICAL ALERT, Att: -5
2026-01-21 20:39:28,542 - WARNING - Alert L3: STATUS: CRITICAL ALERT, Att: -5
2026-01-21 20:39:28,643 - WARNING - Alert L3: STATUS: CRITICAL ALERT, Att: -5
2026-01-21 20:39:28,733 - WARNING - Alert L3: STATUS: CRITICAL ALERT, Att: -5
2026-01-21 20:39:28,824 - WARNING - Alert L3: STATUS: CRITICAL ALERT, Att: -5
2026-01-21 20:39:28,930 - WARNING - Alert L3: STATUS: CRITICAL ALERT, Att: -5
2026-01-21 20:39:29,158 - WARNING - Alert L3: STATUS: CRITICAL ALERT, Att: -5
2026-01-21 20:39:29,360 - WARNING - Alert L3: STATUS: CRITICAL ALERT, Att: -5
2026-01-21 20:39:29,430 - WARNING - Alert L3: STATUS: CRITICAL ALERT, Att: -5
2026-01-21 20:39:29,514 - WARNING - Alert L3: STATUS: CRITICAL ALERT, Att: -5
2026-01-21 20:39:29,603 - WARNING - Alert L3: STATUS: CRITICAL ALERT, Att: -6
2026-01-21 20:39:29,952 - WARNING - Alert L3: STATUS: CRITICAL ALERT, Att: -6
2026-01-21 20:39:30,080 - WARNING - Alert L3: STATUS: CRITICAL ALERT, Att: -7
2026-01-21 20:39:30,201 - WARNING - Alert L3: STATUS: CRITICAL ALERT, Att: -7
2026-01-21 20:39:30,311 - WARNING - Alert L3: STATUS: CRITICAL ALERT, Att: -7
2026-01-21 20:39:30,434 - WARNING - Alert L3: STATUS: CRITICAL ALERT, Att: -8
2026-01-21 20:39:30,766 - WARNING - Alert L3: STATUS: CRITICAL ALERT, Att: -8
2026-01-21 20:39:41,346 - WARNING - Alert L3: STATUS: CRITICAL ALERT, Att: -5
2026-01-21 20:39:41,767 - WARNING - Alert L3: STATUS: CRITICAL ALERT, Att: -5
2026-01-21 20:39:42,031 - WARNING - Alert L3: STATUS: CRITICAL ALERT, Att: -5
2026-01-21 20:39:42,174 - WARNING - Alert L3: STATUS: CRITICAL ALERT, Att: -5
2026-01-21 20:39:42,293 - WARNING - Alert L3: STATUS: CRITICAL ALERT, Att: -5
2026-01-21 20:39:42,411 - WARNING - Alert L3: STATUS: CRITICAL ALERT, Att: -5
2026-01-21 20:39:42,701 - WARNING - Alert L3: STATUS: CRITICAL ALERT, Att: -5
2026-01-21 20:39:42,826 - WARNING - Alert L3: STATUS: CRITICAL ALERT, Att: -5
2026-01-21 20:39:42,937 - WARNING - Alert L3: STATUS: CRITICAL ALERT, Att: -5
2026-01-21 20:39:43,048 - WARNING - Alert L3: STATUS: CRITICAL ALERT, Att: -5
2026-01-21 20:39:43,146 - WARNING - Alert L3: STATUS: CRITICAL ALERT, Att: -5
2026-01-21 20:39:43,420 - WARNING - Alert L3: STATUS: CRITICAL ALERT, Att: -5
2026-01-21 20:39:43,786 - WARNING - Alert L3: STATUS: CRITICAL ALERT, Att: -5
2026-01-21 20:39:43,965 - WARNING - Alert L3: STATUS: CRITICAL ALERT, Att: -5
2026-01-21 20:39:44,085 - WARNING - Alert L3: STATUS: CRITICAL ALERT, Att: -5
2026-01-21 20:39:44,200 - WARNING - Alert L3: STATUS: CRITICAL ALERT, Att: -5
2026-01-21 20:39:44,496 - WARNING - Alert L3: STATUS: CRITICAL ALERT, Att: -5
2026-01-21 20:39:44,608 - WARNING - Alert L3: STATUS: CRITICAL ALERT, Att: -5
2026-01-21 20:39:44,711 - WARNING - Alert L3: STATUS: CRITICAL ALERT, Att: -5
2026-01-21 20:39:44,866 - WARNING - Alert L3: STATUS: CRITICAL ALERT, Att: -5
2026-01-21 20:39:44,999 - WARNING - Alert L3: STATUS: CRITICAL ALERT, Att: -5
2026-01-21 20:39:45,302 - WARNING - Alert L3: STATUS: CRITICAL ALERT, Att: -5
2026-01-21 20:39:45,598 - WARNING - Alert L3: STATUS: CRITICAL ALERT, Att: -5
2026-01-21 20:39:45,734 - WARNING - Alert L3: STATUS: CRITICAL ALERT, Att: -5
2026-01-21 20:39:45,883 - WARNING - Alert L3: STATUS: CRITICAL ALERT, Att: -5
2026-01-21 20:39:46,035 - WARNING - Alert L3: STATUS: CRITICAL ALERT, Att: -5
2026-01-21 20:39:46,348 - WARNING - Alert L3: STATUS: CRITICAL ALERT, Att: -5
2026-01-21 20:39:46,456 - WARNING - Alert L3: STATUS: CRITICAL ALERT, Att: -5
2026-01-21 20:39:46,554 - WARNING - Alert L3: STATUS: CRITICAL ALERT, Att: -5
2026-01-21 20:39:46,662 - WARNING - Alert L3: STATUS: CRITICAL ALERT, Att: -5
2026-01-21 20:39:46,755 - WARNING - Alert L3: STATUS: CRITICAL ALERT, Att: -5
2026-01-21 20:39:47,038 - WARNING - Alert L3: STATUS: CRITICAL ALERT, Att: -5
2026-01-21 20:39:47,273 - WARNING - Alert L3: STATUS: CRITICAL ALERT, Att: -5
2026-01-21 20:39:47,394 - WARNING - Alert L3: STATUS: CRITICAL ALERT, Att: -5
2026-01-21 20:39:47,505 - WARNING - Alert L3: STATUS: CRITICAL ALERT, Att: -5
2026-01-21 20:39:47,600 - WARNING - Alert L3: STATUS: CRITICAL ALERT, Att: -6
2026-01-21 20:39:47,848 - WARNING - Alert L3: STATUS: CRITICAL ALERT, Att: -6
2026-01-21 20:39:47,957 - WARNING - Alert L3: STATUS: CRITICAL ALERT, Att: -6
2026-01-21 20:39:48,053 - WARNING - Alert L3: STATUS: CRITICAL ALERT, Att: -5
2026-01-21 20:39:48,149 - WARNING - Alert L3: STATUS: CRITICAL ALERT, Att: -5
2026-01-21 20:39:48,246 - WARNING - Alert L3: STATUS: CRITICAL ALERT, Att: -5
2026-01-21 20:39:48,532 - WARNING - Alert L3: STATUS: CRITICAL ALERT, Att: -5
2026-01-21 20:39:48,848 - WARNING - Alert L3: STATUS: CRITICAL ALERT, Att: -5
2026-01-21 20:39:49,007 - WARNING - Alert L3: STATUS: CRITICAL ALERT, Att: -5
2026-01-21 20:39:49,162 - WARNING - Alert L3: STATUS: CRITICAL ALERT, Att: -5
2026-01-21 20:39:49,314 - WARNING - Alert L3: STATUS: CRITICAL ALERT, Att: -5
2026-01-21 20:39:49,613 - WARNING - Alert L3: STATUS: CRITICAL ALERT, Att: -5
2026-01-21 20:39:49,745 - WARNING - Alert L3: STATUS: CRITICAL ALERT, Att: -5
2026-01-21 20:39:49,869 - WARNING - Alert L3: STATUS: CRITICAL ALERT, Att: -5
2026-01-21 20:39:49,997 - WARNING - Alert L3: STATUS: CRITICAL ALERT, Att: -5
2026-01-21 20:39:50,117 - WARNING - Alert L3: STATUS: CRITICAL ALERT, Att: -5
2026-01-21 20:39:50,407 - WARNING - Alert L3: STATUS: CRITICAL ALERT, Att: -5
2026-01-21 20:52:45,154 - WARNING - From E:\anaconda3\envs\drowsy\lib\site-packages\keras\src\backend.py:1398: The name tf.executing_eagerly_outside_functions is deprecated. Please use tf.compat.v1.executing_eagerly_outside_functions instead.

2026-01-21 20:52:45,666 - WARNING - From E:\anaconda3\envs\drowsy\lib\site-packages\keras\src\layers\pooling\max_pooling2d.py:161: The name tf.nn.max_pool is deprecated. Please use tf.nn.max_pool2d instead.

2026-01-21 20:52:45,959 - WARNING - From E:\anaconda3\envs\drowsy\lib\site-packages\keras\src\optimizers\__init__.py:309: The name tf.train.Optimizer is deprecated. Please use tf.compat.v1.train.Optimizer instead.

2026-01-21 20:52:53,338 - INFO - Imported existing <module 'comtypes.gen' from 'E:\\anaconda3\\envs\\drowsy\\lib\\site-packages\\comtypes\\gen\\__init__.py'>
2026-01-21 20:52:53,339 - INFO - Using writeable comtypes cache directory: 'E:\anaconda3\envs\drowsy\lib\site-packages\comtypes\gen'
2026-01-21 20:53:28,295 - WARNING - Alert L1: STATUS: CAUTION - AWAKEN CHECK, Att: 45
2026-01-21 20:53:28,420 - WARNING - Alert L2: STATUS: DROWSINESS DETECTED, Att: 45
2026-01-21 20:53:28,618 - WARNING - Alert L2: STATUS: DROWSINESS DETECTED, Att: 45
2026-01-21 20:53:28,882 - WARNING - Alert L1: STATUS: CAUTION - AWAKEN CHECK, Att: 45
2026-01-21 20:53:28,949 - WARNING - Alert L1: STATUS: CAUTION - AWAKEN CHECK, Att: 45
2026-01-21 20:53:29,058 - WARNING - Alert L1: STATUS: CAUTION - AWAKEN CHECK, Att: 45
2026-01-21 20:53:29,166 - WARNING - Alert L1: STATUS: CAUTION - AWAKEN CHECK, Att: 45
2026-01-21 20:53:29,514 - WARNING - Alert L3: STATUS: CRITICAL ALERT, Att: -19
2026-01-21 20:53:29,638 - WARNING - Alert L3: STATUS: CRITICAL ALERT, Att: -19
2026-01-21 20:53:29,749 - WARNING - Alert L3: STATUS: CRITICAL ALERT, Att: -19
2026-01-21 20:53:29,850 - WARNING - Alert L3: STATUS: CRITICAL ALERT, Att: -19
2026-01-21 20:53:29,943 - WARNING - Alert L3: STATUS: CRITICAL ALERT, Att: -19
2026-01-21 20:53:30,151 - WARNING - Alert L3: STATUS: CRITICAL ALERT, Att: -19
2026-01-21 20:53:30,369 - WARNING - Alert L3: STATUS: CRITICAL ALERT, Att: -19
2026-01-21 20:53:30,494 - WARNING - Alert L3: STATUS: CRITICAL ALERT, Att: -18
2026-01-21 20:53:30,585 - WARNING - Alert L3: STATUS: CRITICAL ALERT, Att: -18
2026-01-21 20:53:30,704 - WARNING - Alert L3: STATUS: CRITICAL ALERT, Att: -18
2026-01-21 20:53:30,927 - WARNING - Alert L3: STATUS: CRITICAL ALERT, Att: -17
2026-01-21 20:53:31,002 - WARNING - Alert L3: STATUS: CRITICAL ALERT, Att: -17
2026-01-21 20:53:31,094 - WARNING - Alert L3: STATUS: CRITICAL ALERT, Att: -17
2026-01-21 20:53:31,197 - WARNING - Alert L3: STATUS: CRITICAL ALERT, Att: -16
2026-01-21 20:53:31,288 - WARNING - Alert L3: STATUS: CRITICAL ALERT, Att: -16
2026-01-21 20:53:31,573 - WARNING - Alert L3: STATUS: CRITICAL ALERT, Att: -16
2026-01-21 20:53:31,807 - WARNING - Alert L3: STATUS: CRITICAL ALERT, Att: -16
2026-01-21 20:53:31,898 - WARNING - Alert L3: STATUS: CRITICAL ALERT, Att: -15
2026-01-21 20:53:31,989 - WARNING - Alert L3: STATUS: CRITICAL ALERT, Att: -15
2026-01-21 20:53:32,085 - WARNING - Alert L3: STATUS: CRITICAL ALERT, Att: -15
2026-01-21 20:53:32,275 - WARNING - Alert L3: STATUS: CRITICAL ALERT, Att: -15
2026-01-21 20:53:32,359 - WARNING - Alert L3: STATUS: CRITICAL ALERT, Att: -15
2026-01-21 20:53:32,441 - WARNING - Alert L3: STATUS: CRITICAL ALERT, Att: -14
2026-01-21 20:53:32,524 - WARNING - Alert L3: STATUS: CRITICAL ALERT, Att: -14
2026-01-21 20:53:32,618 - WARNING - Alert L3: STATUS: CRITICAL ALERT, Att: -14
2026-01-21 20:53:32,825 - WARNING - Alert L3: STATUS: CRITICAL ALERT, Att: -14
2026-01-21 20:53:33,003 - WARNING - Alert L3: STATUS: CRITICAL ALERT, Att: -14
2026-01-21 20:53:33,094 - WARNING - Alert L3: STATUS: CRITICAL ALERT, Att: -14
2026-01-21 20:53:33,170 - WARNING - Alert L3: STATUS: CRITICAL ALERT, Att: -14
2026-01-21 20:53:33,268 - WARNING - Alert L3: STATUS: CRITICAL ALERT, Att: -13
2026-01-21 20:53:33,505 - WARNING - Alert L3: STATUS: CRITICAL ALERT, Att: -13
2026-01-21 20:53:33,619 - WARNING - Alert L3: STATUS: CRITICAL ALERT, Att: -13
2026-01-21 20:53:33,725 - WARNING - Alert L3: STATUS: CRITICAL ALERT, Att: -13
2026-01-21 20:53:33,828 - WARNING - Alert L3: STATUS: CRITICAL ALERT, Att: -13
2026-01-21 20:53:33,931 - WARNING - Alert L3: STATUS: CRITICAL ALERT, Att: -13
2026-01-21 20:53:34,159 - WARNING - Alert L3: STATUS: CRITICAL ALERT, Att: -13
2026-01-21 20:53:34,366 - WARNING - Alert L3: STATUS: CRITICAL ALERT, Att: -12
2026-01-21 20:53:34,458 - WARNING - Alert L3: STATUS: CRITICAL ALERT, Att: -12
2026-01-21 20:53:34,546 - WARNING - Alert L3: STATUS: CRITICAL ALERT, Att: -12
2026-01-21 20:53:34,640 - WARNING - Alert L3: STATUS: CRITICAL ALERT, Att: -12
2026-01-21 20:53:34,821 - WARNING - Alert L3: STATUS: CRITICAL ALERT, Att: -12
2026-01-21 20:53:34,905 - WARNING - Alert L3: STATUS: CRITICAL ALERT, Att: -12
2026-01-21 20:53:34,990 - WARNING - Alert L3: STATUS: CRITICAL ALERT, Att: -12
2026-01-21 20:53:35,071 - WARNING - Alert L3: STATUS: CRITICAL ALERT, Att: -12
2026-01-21 20:53:35,155 - WARNING - Alert L3: STATUS: CRITICAL ALERT, Att: -12
2026-01-21 20:53:35,354 - WARNING - Alert L3: STATUS: CRITICAL ALERT, Att: -12
2026-01-21 20:53:35,541 - WARNING - Alert L3: STATUS: CRITICAL ALERT, Att: -11
2026-01-21 20:53:35,629 - WARNING - Alert L3: STATUS: CRITICAL ALERT, Att: -11
2026-01-21 20:53:35,719 - WARNING - Alert L3: STATUS: CRITICAL ALERT, Att: -11
2026-01-21 20:53:35,808 - WARNING - Alert L3: STATUS: CRITICAL ALERT, Att: -11
2026-01-21 20:53:35,988 - WARNING - Alert L3: STATUS: CRITICAL ALERT, Att: -11
2026-01-21 20:53:36,076 - WARNING - Alert L3: STATUS: CRITICAL ALERT, Att: -11
2026-01-21 20:53:36,176 - WARNING - Alert L3: STATUS: CRITICAL ALERT, Att: -11
2026-01-21 20:53:36,277 - WARNING - Alert L3: STATUS: CRITICAL ALERT, Att: -11
2026-01-21 20:53:36,381 - WARNING - Alert L3: STATUS: CRITICAL ALERT, Att: -11
2026-01-21 20:53:36,630 - WARNING - Alert L3: STATUS: CRITICAL ALERT, Att: -11
2026-01-21 20:53:36,899 - WARNING - Alert L3: STATUS: CRITICAL ALERT, Att: -11
2026-01-21 20:53:36,988 - WARNING - Alert L3: STATUS: CRITICAL ALERT, Att: -11
2026-01-21 20:53:37,090 - WARNING - Alert L3: STATUS: CRITICAL ALERT, Att: -11
2026-01-21 20:53:37,176 - WARNING - Alert L3: STATUS: CRITICAL ALERT, Att: -10
2026-01-21 20:53:37,399 - WARNING - Alert L3: STATUS: CRITICAL ALERT, Att: -10
2026-01-21 20:53:37,496 - WARNING - Alert L3: STATUS: CRITICAL ALERT, Att: -10
2026-01-21 20:53:37,577 - WARNING - Alert L3: STATUS: CRITICAL ALERT, Att: -10
2026-01-21 20:53:37,660 - WARNING - Alert L3: STATUS: CRITICAL ALERT, Att: -10
2026-01-21 20:53:37,759 - WARNING - Alert L3: STATUS: CRITICAL ALERT, Att: -23
2026-01-21 20:53:37,944 - WARNING - Alert L3: STATUS: CRITICAL ALERT, Att: -23
2026-01-21 20:53:38,141 - WARNING - Alert L3: STATUS: CRITICAL ALERT, Att: -23
2026-01-21 20:53:38,232 - WARNING - Alert L3: STATUS: CRITICAL ALERT, Att: -25
2026-01-21 20:53:38,331 - WARNING - Alert L3: STATUS: CRITICAL ALERT, Att: -25
2026-01-21 20:53:38,435 - WARNING - Alert L3: STATUS: CRITICAL ALERT, Att: -25
2026-01-21 20:53:38,629 - WARNING - Alert L3: STATUS: CRITICAL ALERT, Att: -24
2026-01-21 20:53:38,712 - WARNING - Alert L3: STATUS: CRITICAL ALERT, Att: -23
2026-01-21 20:53:38,788 - WARNING - Alert L3: STATUS: CRITICAL ALERT, Att: -23
2026-01-21 20:53:38,871 - WARNING - Alert L3: STATUS: CRITICAL ALERT, Att: -10
2026-01-21 20:53:38,956 - WARNING - Alert L3: STATUS: CRITICAL ALERT, Att: -10
2026-01-21 20:53:39,147 - WARNING - Alert L3: STATUS: CRITICAL ALERT, Att: -10
2026-01-21 20:53:39,325 - WARNING - Alert L3: STATUS: CRITICAL ALERT, Att: -10
2026-01-21 20:53:39,416 - WARNING - Alert L3: STATUS: CRITICAL ALERT, Att: -10
2026-01-21 20:53:39,513 - WARNING - Alert L3: STATUS: CRITICAL ALERT, Att: -10
2026-01-21 20:53:39,611 - WARNING - Alert L3: STATUS: CRITICAL ALERT, Att: -10
2026-01-21 20:53:39,793 - WARNING - Alert L3: STATUS: CRITICAL ALERT, Att: -10
2026-01-21 20:53:39,876 - WARNING - Alert L3: STATUS: CRITICAL ALERT, Att: -10
2026-01-21 20:53:39,973 - WARNING - Alert L3: STATUS: CRITICAL ALERT, Att: -9
2026-01-21 20:53:40,059 - WARNING - Alert L3: STATUS: CRITICAL ALERT, Att: -9
2026-01-21 20:53:40,150 - WARNING - Alert L3: STATUS: CRITICAL ALERT, Att: -9
2026-01-21 20:53:40,368 - WARNING - Alert L3: STATUS: CRITICAL ALERT, Att: -9
2026-01-21 20:53:40,581 - WARNING - Alert L3: STATUS: CRITICAL ALERT, Att: -9
2026-01-21 20:53:40,690 - WARNING - Alert L3: STATUS: CRITICAL ALERT, Att: -9
2026-01-21 20:53:40,783 - WARNING - Alert L3: STATUS: CRITICAL ALERT, Att: -9
2026-01-21 20:53:40,896 - WARNING - Alert L3: STATUS: CRITICAL ALERT, Att: -9
2026-01-21 20:53:41,081 - WARNING - Alert L3: STATUS: CRITICAL ALERT, Att: -9
2026-01-21 20:53:41,169 - WARNING - Alert L3: STATUS: CRITICAL ALERT, Att: -9
2026-01-21 20:53:41,248 - WARNING - Alert L3: STATUS: CRITICAL ALERT, Att: -9
2026-01-21 20:53:41,354 - WARNING - Alert L3: STATUS: CRITICAL ALERT, Att: -9
2026-01-21 20:53:41,451 - WARNING - Alert L3: STATUS: CRITICAL ALERT, Att: -9
2026-01-21 20:53:41,661 - WARNING - Alert L3: STATUS: CRITICAL ALERT, Att: -9
2026-01-21 20:53:41,914 - WARNING - Alert L3: STATUS: CRITICAL ALERT, Att: -9
2026-01-21 20:53:42,032 - WARNING - Alert L3: STATUS: CRITICAL ALERT, Att: -9
2026-01-21 20:53:42,123 - WARNING - Alert L3: STATUS: CRITICAL ALERT, Att: -9
2026-01-21 20:53:42,216 - WARNING - Alert L3: STATUS: CRITICAL ALERT, Att: -9
2026-01-21 20:53:42,412 - WARNING - Alert L3: STATUS: CRITICAL ALERT, Att: -9
2026-01-21 20:53:42,501 - WARNING - Alert L3: STATUS: CRITICAL ALERT, Att: -9
2026-01-21 20:53:42,581 - WARNING - Alert L3: STATUS: CRITICAL ALERT, Att: -9
2026-01-21 20:53:42,666 - WARNING - Alert L3: STATUS: CRITICAL ALERT, Att: -9
2026-01-21 20:53:42,743 - WARNING - Alert L3: STATUS: CRITICAL ALERT, Att: -9
2026-01-21 20:53:43,026 - WARNING - Alert L3: STATUS: CRITICAL ALERT, Att: -8
2026-01-21 20:53:43,240 - WARNING - Alert L3: STATUS: CRITICAL ALERT, Att: -8
2026-01-21 20:53:43,374 - WARNING - Alert L3: STATUS: CRITICAL ALERT, Att: -8
2026-01-21 20:53:43,518 - WARNING - Alert L3: STATUS: CRITICAL ALERT, Att: -8
2026-01-21 20:53:43,640 - WARNING - Alert L3: STATUS: CRITICAL ALERT, Att: -8
2026-01-21 20:53:43,885 - WARNING - Alert L3: STATUS: CRITICAL ALERT, Att: -8
2026-01-21 20:53:43,996 - WARNING - Alert L3: STATUS: CRITICAL ALERT, Att: -8
2026-01-21 20:53:44,123 - WARNING - Alert L3: STATUS: CRITICAL ALERT, Att: -8
2026-01-21 20:53:44,241 - WARNING - Alert L3: STATUS: CRITICAL ALERT, Att: -8
2026-01-21 20:53:44,362 - WARNING - Alert L3: STATUS: CRITICAL ALERT, Att: -8
2026-01-21 20:53:44,585 - WARNING - Alert L3: STATUS: CRITICAL ALERT, Att: -8
2026-01-21 20:53:44,798 - WARNING - Alert L3: STATUS: CRITICAL ALERT, Att: -8
2026-01-21 20:53:44,891 - WARNING - Alert L3: STATUS: CRITICAL ALERT, Att: -8
2026-01-21 20:53:44,987 - WARNING - Alert L3: STATUS: CRITICAL ALERT, Att: -8
2026-01-21 20:53:45,083 - WARNING - Alert L3: STATUS: CRITICAL ALERT, Att: -8
2026-01-21 20:53:45,326 - WARNING - Alert L3: STATUS: CRITICAL ALERT, Att: -8
2026-01-21 20:53:45,416 - WARNING - Alert L3: STATUS: CRITICAL ALERT, Att: -8
2026-01-21 20:53:45,512 - WARNING - Alert L3: STATUS: CRITICAL ALERT, Att: -8
2026-01-21 20:53:45,603 - WARNING - Alert L3: STATUS: CRITICAL ALERT, Att: -8
2026-01-21 20:53:45,700 - WARNING - Alert L3: STATUS: CRITICAL ALERT, Att: -8
2026-01-21 20:53:45,941 - WARNING - Alert L3: STATUS: CRITICAL ALERT, Att: -37
2026-01-21 20:53:46,141 - WARNING - Alert L3: STATUS: CRITICAL ALERT, Att: -37
2026-01-21 20:53:46,265 - WARNING - Alert L3: STATUS: CRITICAL ALERT, Att: -37
2026-01-21 20:53:46,368 - WARNING - Alert L3: STATUS: CRITICAL ALERT, Att: -37
2026-01-21 20:53:46,481 - WARNING - Alert L3: STATUS: CRITICAL ALERT, Att: -37
2026-01-21 20:53:46,734 - WARNING - Alert L3: STATUS: CRITICAL ALERT, Att: -6
2026-01-21 20:53:46,842 - WARNING - Alert L3: STATUS: CRITICAL ALERT, Att: -6
2026-01-21 20:53:46,941 - WARNING - Alert L3: STATUS: CRITICAL ALERT, Att: -6
2026-01-21 20:53:47,045 - WARNING - Alert L3: STATUS: CRITICAL ALERT, Att: -6
2026-01-21 20:53:47,123 - WARNING - Alert L3: STATUS: CRITICAL ALERT, Att: -6
2026-01-21 20:53:47,322 - WARNING - Alert L3: STATUS: CRITICAL ALERT, Att: -6
2026-01-21 20:53:47,543 - WARNING - Alert L3: STATUS: CRITICAL ALERT, Att: -6
2026-01-21 20:53:47,635 - WARNING - Alert L3: STATUS: CRITICAL ALERT, Att: -5
2026-01-21 20:53:47,724 - WARNING - Alert L3: STATUS: CRITICAL ALERT, Att: -5
2026-01-21 20:53:47,813 - WARNING - Alert L3: STATUS: CRITICAL ALERT, Att: -5
2026-01-21 20:53:47,988 - WARNING - Alert L3: STATUS: CRITICAL ALERT, Att: -5
2026-01-21 20:53:48,063 - WARNING - Alert L3: STATUS: CRITICAL ALERT, Att: -5
2026-01-21 20:53:48,144 - WARNING - Alert L3: STATUS: CRITICAL ALERT, Att: -5
2026-01-21 20:53:48,230 - WARNING - Alert L3: STATUS: CRITICAL ALERT, Att: -5
2026-01-21 20:53:48,313 - WARNING - Alert L3: STATUS: CRITICAL ALERT, Att: -5
2026-01-21 20:53:48,488 - WARNING - Alert L3: STATUS: CRITICAL ALERT, Att: -5
2026-01-21 20:53:48,657 - WARNING - Alert L3: STATUS: CRITICAL ALERT, Att: -5
2026-01-21 20:53:48,738 - WARNING - Alert L3: STATUS: CRITICAL ALERT, Att: -5
2026-01-21 20:53:48,829 - WARNING - Alert L3: STATUS: CRITICAL ALERT, Att: -5
2026-01-21 20:53:48,913 - WARNING - Alert L3: STATUS: CRITICAL ALERT, Att: -5
2026-01-21 20:53:49,086 - WARNING - Alert L3: STATUS: CRITICAL ALERT, Att: -5
2026-01-21 20:53:49,167 - WARNING - Alert L3: STATUS: CRITICAL ALERT, Att: -5
2026-01-21 20:53:49,256 - WARNING - Alert L3: STATUS: CRITICAL ALERT, Att: -5
2026-01-21 20:53:49,351 - WARNING - Alert L3: STATUS: CRITICAL ALERT, Att: -5
2026-01-21 20:53:49,452 - WARNING - Alert L3: STATUS: CRITICAL ALERT, Att: -5
2026-01-21 20:53:49,645 - WARNING - Alert L3: STATUS: CRITICAL ALERT, Att: -5
2026-01-21 20:53:49,861 - WARNING - Alert L3: STATUS: CRITICAL ALERT, Att: -5
2026-01-21 20:53:49,969 - WARNING - Alert L3: STATUS: CRITICAL ALERT, Att: -5
2026-01-21 20:53:50,077 - WARNING - Alert L3: STATUS: CRITICAL ALERT, Att: -5
2026-01-21 20:53:50,173 - WARNING - Alert L3: STATUS: CRITICAL ALERT, Att: -5
2026-01-21 20:53:50,408 - WARNING - Alert L3: STATUS: CRITICAL ALERT, Att: -5
2026-01-21 20:53:50,503 - WARNING - Alert L3: STATUS: CRITICAL ALERT, Att: -5
2026-01-21 20:53:50,595 - WARNING - Alert L3: STATUS: CRITICAL ALERT, Att: -5
2026-01-21 20:53:50,723 - WARNING - Alert L3: STATUS: CRITICAL ALERT, Att: -5
2026-01-21 20:53:50,802 - WARNING - Alert L3: STATUS: CRITICAL ALERT, Att: -5
2026-01-21 20:53:51,009 - WARNING - Alert L3: STATUS: CRITICAL ALERT, Att: -5
2026-01-21 20:53:51,184 - WARNING - Alert L3: STATUS: CRITICAL ALERT, Att: -5
2026-01-21 20:53:51,294 - WARNING - Alert L3: STATUS: CRITICAL ALERT, Att: -5
2026-01-21 20:53:51,376 - WARNING - Alert L3: STATUS: CRITICAL ALERT, Att: -5
2026-01-21 20:53:51,475 - WARNING - Alert L3: STATUS: CRITICAL ALERT, Att: -5
2026-01-21 20:53:51,690 - WARNING - Alert L3: STATUS: CRITICAL ALERT, Att: -5
2026-01-21 20:53:51,785 - WARNING - Alert L3: STATUS: CRITICAL ALERT, Att: -5
2026-01-21 20:53:51,863 - WARNING - Alert L3: STATUS: CRITICAL ALERT, Att: -5
2026-01-21 20:53:51,960 - WARNING - Alert L3: STATUS: CRITICAL ALERT, Att: -5
2026-01-21 20:53:52,046 - WARNING - Alert L3: STATUS: CRITICAL ALERT, Att: -5
2026-01-21 20:53:52,327 - WARNING - Alert L3: STATUS: CRITICAL ALERT, Att: -5
2026-01-21 20:53:52,594 - WARNING - Alert L3: STATUS: CRITICAL ALERT, Att: -5
2026-01-21 20:53:52,714 - WARNING - Alert L3: STATUS: CRITICAL ALERT, Att: -5
2026-01-21 20:53:52,806 - WARNING - Alert L3: STATUS: CRITICAL ALERT, Att: -5
2026-01-21 20:53:52,896 - WARNING - Alert L3: STATUS: CRITICAL ALERT, Att: -5
2026-01-21 20:53:53,095 - WARNING - Alert L3: STATUS: CRITICAL ALERT, Att: -5
2026-01-21 20:53:53,199 - WARNING - Alert L3: STATUS: CRITICAL ALERT, Att: -5
2026-01-21 20:53:53,295 - WARNING - Alert L3: STATUS: CRITICAL ALERT, Att: -5
2026-01-21 20:53:53,386 - WARNING - Alert L3: STATUS: CRITICAL ALERT, Att: -5
2026-01-21 20:53:53,466 - WARNING - Alert L3: STATUS: CRITICAL ALERT, Att: -5
2026-01-21 20:53:53,670 - WARNING - Alert L3: STATUS: CRITICAL ALERT, Att: -5
2026-01-21 20:53:53,870 - WARNING - Alert L3: STATUS: CRITICAL ALERT, Att: -5
2026-01-21 20:53:53,960 - WARNING - Alert L3: STATUS: CRITICAL ALERT, Att: -17
2026-01-21 20:53:54,058 - WARNING - Alert L3: STATUS: CRITICAL ALERT, Att: -17
2026-01-21 20:53:54,157 - WARNING - Alert L3: STATUS: CRITICAL ALERT, Att: -17
2026-01-21 20:53:54,400 - WARNING - Alert L3: STATUS: CRITICAL ALERT, Att: -5
2026-01-21 20:53:54,492 - WARNING - Alert L3: STATUS: CRITICAL ALERT, Att: -5
2026-01-21 20:53:54,590 - WARNING - Alert L3: STATUS: CRITICAL ALERT, Att: -5
2026-01-21 20:53:54,685 - WARNING - Alert L3: STATUS: CRITICAL ALERT, Att: -5
2026-01-21 20:53:54,774 - WARNING - Alert L3: STATUS: CRITICAL ALERT, Att: -5
2026-01-21 20:53:55,016 - WARNING - Alert L3: STATUS: CRITICAL ALERT, Att: -5
2026-01-21 20:53:55,260 - WARNING - Alert L3: STATUS: CRITICAL ALERT, Att: -5
2026-01-21 20:53:55,394 - WARNING - Alert L3: STATUS: CRITICAL ALERT, Att: -5
2026-01-21 20:53:55,479 - WARNING - Alert L3: STATUS: CRITICAL ALERT, Att: -5
2026-01-21 20:53:55,567 - WARNING - Alert L3: STATUS: CRITICAL ALERT, Att: -5
2026-01-21 20:53:55,775 - WARNING - Alert L3: STATUS: CRITICAL ALERT, Att: -5
2026-01-21 20:53:55,865 - WARNING - Alert L3: STATUS: CRITICAL ALERT, Att: -5
2026-01-21 20:53:55,984 - WARNING - Alert L3: STATUS: CRITICAL ALERT, Att: -18
2026-01-21 20:53:56,081 - WARNING - Alert L3: STATUS: CRITICAL ALERT, Att: -18
2026-01-21 20:53:56,156 - WARNING - Alert L3: STATUS: CRITICAL ALERT, Att: -18
2026-01-21 20:53:56,402 - WARNING - Alert L3: STATUS: CRITICAL ALERT, Att: -5
2026-01-21 20:53:56,633 - WARNING - Alert L3: STATUS: CRITICAL ALERT, Att: -5
2026-01-21 20:53:56,758 - WARNING - Alert L3: STATUS: CRITICAL ALERT, Att: -5
2026-01-21 20:53:56,868 - WARNING - Alert L3: STATUS: CRITICAL ALERT, Att: -5
2026-01-21 20:53:57,012 - WARNING - Alert L3: STATUS: CRITICAL ALERT, Att: -5
2026-01-21 20:53:57,240 - WARNING - Alert L3: STATUS: CRITICAL ALERT, Att: -5
2026-01-21 20:53:57,341 - WARNING - Alert L3: STATUS: CRITICAL ALERT, Att: -5
2026-01-21 20:53:57,428 - WARNING - Alert L3: STATUS: CRITICAL ALERT, Att: -5
2026-01-21 20:53:57,542 - WARNING - Alert L3: STATUS: CRITICAL ALERT, Att: -5
2026-01-21 20:53:57,629 - WARNING - Alert L3: STATUS: CRITICAL ALERT, Att: -5
2026-01-21 20:54:04,730 - WARNING - Alert L3: STATUS: CRITICAL ALERT, Att: -5
2026-01-21 20:54:04,813 - WARNING - Alert L3: STATUS: CRITICAL ALERT, Att: -5
2026-01-21 20:54:04,915 - WARNING - Alert L3: STATUS: CRITICAL ALERT, Att: -5
2026-01-21 20:54:05,002 - WARNING - Alert L3: STATUS: CRITICAL ALERT, Att: -5
2026-01-21 20:54:05,209 - WARNING - Alert L3: STATUS: CRITICAL ALERT, Att: -5
2026-01-21 20:54:05,379 - WARNING - Alert L3: STATUS: CRITICAL ALERT, Att: -5
2026-01-21 20:54:05,469 - WARNING - Alert L3: STATUS: CRITICAL ALERT, Att: -5
2026-01-21 20:54:05,534 - WARNING - Alert L3: STATUS: CRITICAL ALERT, Att: -5
2026-01-21 20:54:05,647 - WARNING - Alert L3: STATUS: CRITICAL ALERT, Att: -5
2026-01-21 20:54:05,849 - WARNING - Alert L3: STATUS: CRITICAL ALERT, Att: -6
2026-01-21 20:54:05,943 - WARNING - Alert L3: STATUS: CRITICAL ALERT, Att: -6
2026-01-21 20:54:06,059 - WARNING - Alert L3: STATUS: CRITICAL ALERT, Att: -6
2026-01-21 20:54:06,168 - WARNING - Alert L3: STATUS: CRITICAL ALERT, Att: -6
2026-01-21 20:54:06,276 - WARNING - Alert L3: STATUS: CRITICAL ALERT, Att: -6
2026-01-21 20:54:06,554 - WARNING - Alert L3: STATUS: CRITICAL ALERT, Att: -6
2026-01-21 20:54:06,786 - WARNING - Alert L3: STATUS: CRITICAL ALERT, Att: -7
2026-01-21 20:54:06,885 - WARNING - Alert L3: STATUS: CRITICAL ALERT, Att: -7
2026-01-21 20:54:06,979 - WARNING - Alert L3: STATUS: CRITICAL ALERT, Att: -7
2026-01-21 20:54:07,076 - WARNING - Alert L3: STATUS: CRITICAL ALERT, Att: -6
2026-01-21 20:54:07,275 - WARNING - Alert L3: STATUS: CRITICAL ALERT, Att: -6
2026-01-21 20:54:07,376 - WARNING - Alert L3: STATUS: CRITICAL ALERT, Att: -6
2026-01-21 20:54:07,460 - WARNING - Alert L3: STATUS: CRITICAL ALERT, Att: -6
2026-01-21 20:54:07,557 - WARNING - Alert L3: STATUS: CRITICAL ALERT, Att: -6
2026-01-21 20:54:07,643 - WARNING - Alert L3: STATUS: CRITICAL ALERT, Att: -6
2026-01-21 20:54:07,845 - WARNING - Alert L3: STATUS: CRITICAL ALERT, Att: -6
2026-01-21 20:54:08,044 - WARNING - Alert L3: STATUS: CRITICAL ALERT, Att: -6
2026-01-21 20:54:08,134 - WARNING - Alert L3: STATUS: CRITICAL ALERT, Att: -6
2026-01-21 20:54:08,219 - WARNING - Alert L3: STATUS: CRITICAL ALERT, Att: -6
2026-01-21 20:54:08,320 - WARNING - Alert L3: STATUS: CRITICAL ALERT, Att: -6
2026-01-21 20:54:08,482 - WARNING - Alert L3: STATUS: CRITICAL ALERT, Att: -6
2026-01-21 20:54:08,570 - WARNING - Alert L3: STATUS: CRITICAL ALERT, Att: -6
2026-01-21 20:54:08,648 - WARNING - Alert L3: STATUS: CRITICAL ALERT, Att: -6
2026-01-21 20:54:08,732 - WARNING - Alert L3: STATUS: CRITICAL ALERT, Att: -6
2026-01-21 20:54:08,806 - WARNING - Alert L3: STATUS: CRITICAL ALERT, Att: -6
2026-01-21 20:54:08,990 - WARNING - Alert L3: STATUS: CRITICAL ALERT, Att: -6
2026-01-21 20:54:09,178 - WARNING - Alert L3: STATUS: CRITICAL ALERT, Att: -6
2026-01-21 20:54:09,285 - WARNING - Alert L3: STATUS: CRITICAL ALERT, Att: -6
2026-01-21 20:54:09,379 - WARNING - Alert L3: STATUS: CRITICAL ALERT, Att: -6
2026-01-21 20:54:09,475 - WARNING - Alert L3: STATUS: CRITICAL ALERT, Att: -6
2026-01-21 20:54:09,726 - WARNING - Alert L3: STATUS: CRITICAL ALERT, Att: -6
2026-01-21 20:54:09,834 - WARNING - Alert L3: STATUS: CRITICAL ALERT, Att: -6
2026-01-21 20:54:09,938 - WARNING - Alert L3: STATUS: CRITICAL ALERT, Att: -6
2026-01-21 20:54:10,032 - WARNING - Alert L3: STATUS: CRITICAL ALERT, Att: -6
2026-01-21 20:54:10,131 - WARNING - Alert L3: STATUS: CRITICAL ALERT, Att: -6
2026-01-21 20:54:10,374 - WARNING - Alert L3: STATUS: CRITICAL ALERT, Att: -6
2026-01-21 20:54:10,617 - WARNING - Alert L3: STATUS: CRITICAL ALERT, Att: -6
2026-01-21 20:54:10,724 - WARNING - Alert L3: STATUS: CRITICAL ALERT, Att: -6
2026-01-21 20:54:10,856 - WARNING - Alert L3: STATUS: CRITICAL ALERT, Att: -6
2026-01-21 20:54:10,969 - WARNING - Alert L3: STATUS: CRITICAL ALERT, Att: -6
2026-01-21 20:54:11,191 - WARNING - Alert L3: STATUS: CRITICAL ALERT, Att: -6
2026-01-21 20:54:11,306 - WARNING - Alert L3: STATUS: CRITICAL ALERT, Att: -6
2026-01-21 20:54:11,389 - WARNING - Alert L3: STATUS: CRITICAL ALERT, Att: -6
2026-01-21 20:54:11,469 - WARNING - Alert L3: STATUS: CRITICAL ALERT, Att: -6
2026-01-21 20:54:11,576 - WARNING - Alert L3: STATUS: CRITICAL ALERT, Att: -6
2026-01-21 20:54:11,791 - WARNING - Alert L3: STATUS: CRITICAL ALERT, Att: -6
2026-01-21 20:54:12,008 - WARNING - Alert L3: STATUS: CRITICAL ALERT, Att: -6
2026-01-21 20:54:12,092 - WARNING - Alert L3: STATUS: CRITICAL ALERT, Att: -6
2026-01-21 20:54:12,200 - WARNING - Alert L3: STATUS: CRITICAL ALERT, Att: -6
2026-01-21 20:54:12,315 - WARNING - Alert L3: STATUS: CRITICAL ALERT, Att: -6
2026-01-21 20:54:12,548 - WARNING - Alert L3: STATUS: CRITICAL ALERT, Att: -6
2026-01-21 20:54:12,655 - WARNING - Alert L3: STATUS: CRITICAL ALERT, Att: -6
2026-01-21 20:54:12,758 - WARNING - Alert L3: STATUS: CRITICAL ALERT, Att: -6
2026-01-21 20:54:12,856 - WARNING - Alert L3: STATUS: CRITICAL ALERT, Att: -6
2026-01-21 20:54:12,946 - WARNING - Alert L3: STATUS: CRITICAL ALERT, Att: -6
2026-01-21 20:54:13,278 - WARNING - Alert L3: STATUS: CRITICAL ALERT, Att: -6
2026-01-21 20:54:13,528 - WARNING - Alert L3: STATUS: CRITICAL ALERT, Att: -6
2026-01-21 20:54:13,649 - WARNING - Alert L3: STATUS: CRITICAL ALERT, Att: -6
2026-01-21 20:54:13,750 - WARNING - Alert L3: STATUS: CRITICAL ALERT, Att: -6
2026-01-21 20:54:13,880 - WARNING - Alert L3: STATUS: CRITICAL ALERT, Att: -6
2026-01-21 20:54:14,151 - WARNING - Alert L3: STATUS: CRITICAL ALERT, Att: -6
2026-01-21 20:54:14,234 - WARNING - Alert L3: STATUS: CRITICAL ALERT, Att: -6
2026-01-21 20:54:14,347 - WARNING - Alert L3: STATUS: CRITICAL ALERT, Att: -6
2026-01-21 20:54:14,433 - WARNING - Alert L3: STATUS: CRITICAL ALERT, Att: -6
2026-01-21 20:54:14,514 - WARNING - Alert L3: STATUS: CRITICAL ALERT, Att: -6
2026-01-21 20:54:14,734 - WARNING - Alert L3: STATUS: CRITICAL ALERT, Att: -6
2026-01-21 20:54:14,930 - WARNING - Alert L3: STATUS: CRITICAL ALERT, Att: -6
2026-01-21 20:54:15,013 - WARNING - Alert L3: STATUS: CRITICAL ALERT, Att: -6
2026-01-21 20:54:15,098 - WARNING - Alert L3: STATUS: CRITICAL ALERT, Att: -6
2026-01-21 20:54:15,199 - WARNING - Alert L3: STATUS: CRITICAL ALERT, Att: -6
2026-01-21 20:54:15,413 - WARNING - Alert L3: STATUS: CRITICAL ALERT, Att: -6
2026-01-21 20:54:15,502 - WARNING - Alert L3: STATUS: CRITICAL ALERT, Att: -6
2026-01-21 20:54:15,592 - WARNING - Alert L3: STATUS: CRITICAL ALERT, Att: -6
2026-01-21 20:54:15,682 - WARNING - Alert L3: STATUS: CRITICAL ALERT, Att: -6
2026-01-21 20:54:15,780 - WARNING - Alert L3: STATUS: CRITICAL ALERT, Att: -6
2026-01-21 20:54:16,075 - WARNING - Alert L3: STATUS: CRITICAL ALERT, Att: -6
2026-01-21 20:54:16,272 - WARNING - Alert L3: STATUS: CRITICAL ALERT, Att: -6
2026-01-21 20:54:16,402 - WARNING - Alert L3: STATUS: CRITICAL ALERT, Att: -6
2026-01-21 20:54:16,499 - WARNING - Alert L3: STATUS: CRITICAL ALERT, Att: -6
2026-01-21 20:54:16,601 - WARNING - Alert L3: STATUS: CRITICAL ALERT, Att: -6
2026-01-21 20:54:16,798 - WARNING - Alert L3: STATUS: CRITICAL ALERT, Att: -6
2026-01-21 20:54:16,885 - WARNING - Alert L3: STATUS: CRITICAL ALERT, Att: -6
2026-01-21 20:54:17,002 - WARNING - Alert L3: STATUS: CRITICAL ALERT, Att: -6
2026-01-21 20:54:17,110 - WARNING - Alert L3: STATUS: CRITICAL ALERT, Att: -6
2026-01-21 20:54:17,209 - WARNING - Alert L3: STATUS: CRITICAL ALERT, Att: -6
2026-01-21 20:54:17,457 - WARNING - Alert L3: STATUS: CRITICAL ALERT, Att: -6
2026-01-21 20:54:24,682 - WARNING - Alert L3: STATUS: CRITICAL ALERT, Att: -5
2026-01-21 20:54:24,952 - WARNING - Alert L3: STATUS: CRITICAL ALERT, Att: -5
2026-01-21 20:54:25,156 - WARNING - Alert L3: STATUS: CRITICAL ALERT, Att: -5
2026-01-21 20:54:25,262 - WARNING - Alert L3: STATUS: CRITICAL ALERT, Att: -5
2026-01-21 20:54:25,345 - WARNING - Alert L3: STATUS: CRITICAL ALERT, Att: -5
2026-01-21 20:54:25,436 - WARNING - Alert L3: STATUS: CRITICAL ALERT, Att: -5
2026-01-21 20:54:25,643 - WARNING - Alert L3: STATUS: CRITICAL ALERT, Att: -5
2026-01-21 20:54:25,740 - WARNING - Alert L3: STATUS: CRITICAL ALERT, Att: -5
2026-01-21 20:54:25,816 - WARNING - Alert L3: STATUS: CRITICAL ALERT, Att: -5
2026-01-21 20:54:25,945 - WARNING - Alert L3: STATUS: CRITICAL ALERT, Att: -5
2026-01-21 20:54:26,050 - WARNING - Alert L3: STATUS: CRITICAL ALERT, Att: -5
2026-01-21 20:54:26,336 - WARNING - Alert L3: STATUS: CRITICAL ALERT, Att: -5
2026-01-21 20:54:26,571 - WARNING - Alert L3: STATUS: CRITICAL ALERT, Att: -5
2026-01-21 20:54:26,699 - WARNING - Alert L3: STATUS: CRITICAL ALERT, Att: -5
2026-01-21 20:54:26,786 - WARNING - Alert L3: STATUS: CRITICAL ALERT, Att: -5
2026-01-21 20:54:26,876 - WARNING - Alert L3: STATUS: CRITICAL ALERT, Att: -5
2026-01-21 20:54:27,139 - WARNING - Alert L3: STATUS: CRITICAL ALERT, Att: -5
2026-01-21 20:54:27,230 - WARNING - Alert L3: STATUS: CRITICAL ALERT, Att: -5
2026-01-21 20:54:27,324 - WARNING - Alert L3: STATUS: CRITICAL ALERT, Att: -5
2026-01-21 20:54:27,425 - WARNING - Alert L3: STATUS: CRITICAL ALERT, Att: -5
2026-01-21 20:54:27,507 - WARNING - Alert L3: STATUS: CRITICAL ALERT, Att: -5
2026-01-21 20:54:27,765 - WARNING - Alert L3: STATUS: CRITICAL ALERT, Att: -5
2026-01-21 20:54:28,006 - WARNING - Alert L3: STATUS: CRITICAL ALERT, Att: -5
2026-01-21 20:54:28,119 - WARNING - Alert L3: STATUS: CRITICAL ALERT, Att: -5
2026-01-21 20:54:28,207 - WARNING - Alert L3: STATUS: CRITICAL ALERT, Att: -5
2026-01-21 20:54:28,298 - WARNING - Alert L3: STATUS: CRITICAL ALERT, Att: -5
2026-01-21 20:54:28,541 - WARNING - Alert L3: STATUS: CRITICAL ALERT, Att: -5
2026-01-21 20:54:28,633 - WARNING - Alert L3: STATUS: CRITICAL ALERT, Att: -5
2026-01-21 20:54:28,722 - WARNING - Alert L3: STATUS: CRITICAL ALERT, Att: -5
2026-01-21 20:54:28,811 - WARNING - Alert L3: STATUS: CRITICAL ALERT, Att: -5
2026-01-21 20:54:28,895 - WARNING - Alert L3: STATUS: CRITICAL ALERT, Att: -5
2026-01-21 20:54:29,147 - WARNING - Alert L3: STATUS: CRITICAL ALERT, Att: -5
2026-01-21 20:54:29,343 - WARNING - Alert L3: STATUS: CRITICAL ALERT, Att: -5
2026-01-21 20:54:29,428 - WARNING - Alert L3: STATUS: CRITICAL ALERT, Att: -5
2026-01-21 20:54:29,510 - WARNING - Alert L3: STATUS: CRITICAL ALERT, Att: -5
2026-01-21 20:54:29,600 - WARNING - Alert L3: STATUS: CRITICAL ALERT, Att: -5
2026-01-21 20:54:47,780 - WARNING - Alert L3: STATUS: CRITICAL ALERT, Att: -5
2026-01-21 20:54:48,498 - WARNING - Alert L3: STATUS: CRITICAL ALERT, Att: -5
2026-01-21 20:54:48,860 - WARNING - Alert L3: STATUS: CRITICAL ALERT, Att: -5
2026-01-21 20:54:49,033 - WARNING - Alert L3: STATUS: CRITICAL ALERT, Att: -5
2026-01-21 20:54:49,218 - WARNING - Alert L3: STATUS: CRITICAL ALERT, Att: -5
2026-01-21 20:54:49,446 - WARNING - Alert L3: STATUS: CRITICAL ALERT, Att: -5
2026-01-21 20:54:50,167 - WARNING - Alert L3: STATUS: CRITICAL ALERT, Att: -5
2026-01-21 20:54:50,404 - WARNING - Alert L3: STATUS: CRITICAL ALERT, Att: -5
2026-01-21 20:54:50,577 - WARNING - Alert L3: STATUS: CRITICAL ALERT, Att: -5
2026-01-21 20:54:50,773 - WARNING - Alert L3: STATUS: CRITICAL ALERT, Att: -5
2026-01-21 20:54:51,010 - WARNING - Alert L3: STATUS: CRITICAL ALERT, Att: -5
2026-01-21 20:54:51,813 - WARNING - Alert L3: STATUS: CRITICAL ALERT, Att: -5
2026-01-21 20:54:52,362 - WARNING - Alert L3: STATUS: CRITICAL ALERT, Att: -5
2026-01-21 20:54:52,565 - WARNING - Alert L3: STATUS: CRITICAL ALERT, Att: -5
2026-01-21 20:54:52,796 - WARNING - Alert L3: STATUS: CRITICAL ALERT, Att: -5
2026-01-21 20:54:53,022 - WARNING - Alert L3: STATUS: CRITICAL ALERT, Att: -5
2026-01-21 20:54:53,784 - WARNING - Alert L3: STATUS: CRITICAL ALERT, Att: -5
2026-01-21 20:54:54,023 - WARNING - Alert L3: STATUS: CRITICAL ALERT, Att: -5
2026-01-21 21:32:54,740 - WARNING - From E:\anaconda3\envs\drowsy\lib\site-packages\keras\src\backend.py:1398: The name tf.executing_eagerly_outside_functions is deprecated. Please use tf.compat.v1.executing_eagerly_outside_functions instead.

2026-01-21 21:32:55,297 - WARNING - From E:\anaconda3\envs\drowsy\lib\site-packages\keras\src\layers\pooling\max_pooling2d.py:161: The name tf.nn.max_pool is deprecated. Please use tf.nn.max_pool2d instead.

2026-01-21 21:32:55,597 - WARNING - From E:\anaconda3\envs\drowsy\lib\site-packages\keras\src\optimizers\__init__.py:309: The name tf.train.Optimizer is deprecated. Please use tf.compat.v1.train.Optimizer instead.

2026-01-21 21:33:01,009 - INFO - Imported existing <module 'comtypes.gen' from 'E:\\anaconda3\\envs\\drowsy\\lib\\site-packages\\comtypes\\gen\\__init__.py'>
2026-01-21 21:33:01,010 - INFO - Using writeable comtypes cache directory: 'E:\anaconda3\envs\drowsy\lib\site-packages\comtypes\gen'
2026-01-21 21:33:52,394 - WARNING - Alert L1: CAUTION: LOOKING UP/DOWN, Att: 60
2026-01-21 21:33:52,510 - WARNING - Alert L1: CAUTION: LOOKING UP/DOWN, Att: 60
2026-01-21 21:33:52,612 - WARNING - Alert L1: CAUTION: LOOKING UP/DOWN, Att: 60
2026-01-21 21:33:52,796 - WARNING - Alert L1: CAUTION: LOOKING UP/DOWN, Att: 60
2026-01-21 21:33:52,873 - WARNING - Alert L1: CAUTION: LOOKING UP/DOWN, Att: 60
2026-01-21 21:33:52,960 - WARNING - Alert L1: CAUTION: LOOKING UP/DOWN, Att: 60
2026-01-21 21:33:53,031 - WARNING - Alert L1: CAUTION: LOOKING UP/DOWN, Att: 60
2026-01-21 21:33:53,105 - WARNING - Alert L1: CAUTION: LOOKING UP/DOWN, Att: 60
2026-01-21 21:33:53,355 - WARNING - Alert L2: DISTRACTION: LOOKING UP/DOWN, Att: 26
2026-01-21 21:33:53,573 - WARNING - Alert L2: DISTRACTION: LOOKING UP/DOWN, Att: 26
2026-01-21 21:33:53,648 - WARNING - Alert L2: DISTRACTION: LOOKING UP/DOWN, Att: 26
2026-01-21 21:33:53,728 - WARNING - Alert L2: DISTRACTION: LOOKING UP/DOWN, Att: 26
2026-01-21 21:33:53,816 - WARNING - Alert L2: DISTRACTION: LOOKING UP/DOWN, Att: 26
2026-01-21 21:33:54,014 - WARNING - Alert L2: DISTRACTION: LOOKING UP/DOWN, Att: 26
2026-01-21 21:33:54,085 - WARNING - Alert L2: DISTRACTION: LOOKING UP/DOWN, Att: 26
2026-01-21 21:33:54,159 - WARNING - Alert L2: DISTRACTION: LOOKING UP/DOWN, Att: 26
2026-01-21 21:33:54,226 - WARNING - Alert L2: DISTRACTION: LOOKING UP/DOWN, Att: 26
2026-01-21 21:33:54,304 - WARNING - Alert L3: CRITICAL ALERT, Att: -4
2026-01-21 21:33:54,634 - WARNING - Alert L3: CRITICAL ALERT, Att: -4
2026-01-21 21:33:54,868 - WARNING - Alert L3: CRITICAL ALERT, Att: -4
2026-01-21 21:33:54,967 - WARNING - Alert L3: CRITICAL ALERT, Att: -4
2026-01-21 21:33:55,049 - WARNING - Alert L3: CRITICAL ALERT, Att: -4
2026-01-21 21:33:55,133 - WARNING - Alert L3: CRITICAL ALERT, Att: -4
2026-01-21 21:33:55,369 - WARNING - Alert L3: CRITICAL ALERT, Att: -4
2026-01-21 21:33:55,465 - WARNING - Alert L3: CRITICAL ALERT, Att: -5
2026-01-21 21:33:55,577 - WARNING - Alert L3: CRITICAL ALERT, Att: -6
2026-01-21 21:33:55,658 - WARNING - Alert L3: CRITICAL ALERT, Att: -21
2026-01-21 21:33:55,759 - WARNING - Alert L3: CRITICAL ALERT, Att: -22
2026-01-21 21:33:56,046 - WARNING - Alert L3: CRITICAL ALERT, Att: -22
2026-01-21 21:33:56,323 - WARNING - Alert L3: CRITICAL ALERT, Att: -29
2026-01-21 21:33:56,425 - WARNING - Alert L3: CRITICAL ALERT, Att: -29
2026-01-21 21:33:56,502 - WARNING - Alert L3: CRITICAL ALERT, Att: -30
2026-01-21 21:33:56,595 - WARNING - Alert L3: CRITICAL ALERT, Att: -30
2026-01-21 21:33:56,792 - WARNING - Alert L3: CRITICAL ALERT, Att: -30
2026-01-21 21:33:56,877 - WARNING - Alert L3: CRITICAL ALERT, Att: -31
2026-01-21 21:33:56,975 - WARNING - Alert L3: CRITICAL ALERT, Att: -13
2026-01-21 21:33:57,061 - WARNING - Alert L3: CRITICAL ALERT, Att: -14
2026-01-21 21:33:57,135 - WARNING - Alert L3: CRITICAL ALERT, Att: -14
2026-01-21 21:33:57,330 - WARNING - Alert L3: CRITICAL ALERT, Att: -14
2026-01-21 21:33:57,522 - WARNING - Alert L3: CRITICAL ALERT, Att: -14
2026-01-21 21:33:57,602 - WARNING - Alert L3: CRITICAL ALERT, Att: -15
2026-01-21 21:33:57,703 - WARNING - Alert L3: CRITICAL ALERT, Att: -18
2026-01-21 21:33:57,801 - WARNING - Alert L3: CRITICAL ALERT, Att: -18
2026-01-21 21:33:57,994 - WARNING - Alert L3: CRITICAL ALERT, Att: -18
2026-01-21 21:33:58,075 - WARNING - Alert L3: CRITICAL ALERT, Att: -15
2026-01-21 21:33:58,154 - WARNING - Alert L3: CRITICAL ALERT, Att: -15
2026-01-21 21:33:58,248 - WARNING - Alert L3: CRITICAL ALERT, Att: -14
2026-01-21 21:33:58,345 - WARNING - Alert L3: CRITICAL ALERT, Att: -14
2026-01-21 21:33:58,604 - WARNING - Alert L3: CRITICAL ALERT, Att: -14
2026-01-21 21:33:58,783 - WARNING - Alert L3: CRITICAL ALERT, Att: -15
2026-01-21 21:33:58,861 - WARNING - Alert L3: CRITICAL ALERT, Att: -15
2026-01-21 21:33:58,936 - WARNING - Alert L3: CRITICAL ALERT, Att: -14
2026-01-21 21:33:59,031 - WARNING - Alert L3: CRITICAL ALERT, Att: -14
2026-01-21 21:33:59,231 - WARNING - Alert L3: CRITICAL ALERT, Att: -15
2026-01-21 21:33:59,317 - WARNING - Alert L3: CRITICAL ALERT, Att: -15
2026-01-21 21:33:59,391 - WARNING - Alert L3: CRITICAL ALERT, Att: -15
2026-01-21 21:33:59,489 - WARNING - Alert L3: CRITICAL ALERT, Att: -35
2026-01-21 21:33:59,566 - WARNING - Alert L3: CRITICAL ALERT, Att: -35
2026-01-21 21:33:59,800 - WARNING - Alert L3: CRITICAL ALERT, Att: -35
2026-01-21 21:34:00,073 - WARNING - Alert L3: CRITICAL ALERT, Att: -16
2026-01-21 21:34:00,164 - WARNING - Alert L3: CRITICAL ALERT, Att: -16
2026-01-21 21:34:00,262 - WARNING - Alert L3: CRITICAL ALERT, Att: -16
2026-01-21 21:34:00,352 - WARNING - Alert L3: CRITICAL ALERT, Att: -17
2026-01-21 21:34:00,593 - WARNING - Alert L3: CRITICAL ALERT, Att: -16
2026-01-21 21:34:00,778 - WARNING - Alert L3: CRITICAL ALERT, Att: -16
2026-01-21 21:34:00,930 - WARNING - Alert L3: CRITICAL ALERT, Att: -16
2026-01-21 21:34:01,010 - WARNING - Alert L3: CRITICAL ALERT, Att: -16
2026-01-21 21:34:01,256 - WARNING - Alert L3: CRITICAL ALERT, Att: -16
2026-01-21 21:34:01,490 - WARNING - Alert L3: CRITICAL ALERT, Att: -16
2026-01-21 21:34:01,593 - WARNING - Alert L3: CRITICAL ALERT, Att: -15
2026-01-21 21:34:01,676 - WARNING - Alert L3: CRITICAL ALERT, Att: -15
2026-01-21 21:34:01,786 - WARNING - Alert L3: CRITICAL ALERT, Att: -15
2026-01-21 21:34:02,005 - WARNING - Alert L3: CRITICAL ALERT, Att: -15
2026-01-21 21:34:02,078 - WARNING - Alert L3: CRITICAL ALERT, Att: -15
2026-01-21 21:34:02,154 - WARNING - Alert L3: CRITICAL ALERT, Att: -15
2026-01-21 21:34:02,249 - WARNING - Alert L3: CRITICAL ALERT, Att: -15
2026-01-21 21:34:02,341 - WARNING - Alert L3: CRITICAL ALERT, Att: -15
2026-01-21 21:34:02,571 - WARNING - Alert L3: CRITICAL ALERT, Att: -15
2026-01-21 21:34:02,744 - WARNING - Alert L3: CRITICAL ALERT, Att: -14
2026-01-21 21:34:02,829 - WARNING - Alert L3: CRITICAL ALERT, Att: -14
2026-01-21 21:34:02,916 - WARNING - Alert L3: CRITICAL ALERT, Att: -14
2026-01-21 21:34:03,004 - WARNING - Alert L3: CRITICAL ALERT, Att: -14
2026-01-21 21:34:03,192 - WARNING - Alert L3: CRITICAL ALERT, Att: -14
2026-01-21 21:34:03,269 - WARNING - Alert L3: CRITICAL ALERT, Att: -14
2026-01-21 21:34:03,347 - WARNING - Alert L3: CRITICAL ALERT, Att: -14
2026-01-21 21:34:03,429 - WARNING - Alert L3: CRITICAL ALERT, Att: -14
2026-01-21 21:34:03,510 - WARNING - Alert L3: CRITICAL ALERT, Att: -14
2026-01-21 21:34:03,729 - WARNING - Alert L3: CRITICAL ALERT, Att: -14
2026-01-21 21:34:03,927 - WARNING - Alert L3: CRITICAL ALERT, Att: -14
2026-01-21 21:34:03,999 - WARNING - Alert L3: CRITICAL ALERT, Att: -14
2026-01-21 21:34:04,077 - WARNING - Alert L3: CRITICAL ALERT, Att: -13
2026-01-21 21:34:04,170 - WARNING - Alert L3: CRITICAL ALERT, Att: -13
2026-01-21 21:34:04,347 - WARNING - Alert L3: CRITICAL ALERT, Att: -13
2026-01-21 21:34:04,442 - WARNING - Alert L3: CRITICAL ALERT, Att: -13
2026-01-21 21:34:04,526 - WARNING - Alert L3: CRITICAL ALERT, Att: -13
2026-01-21 21:34:04,604 - WARNING - Alert L3: CRITICAL ALERT, Att: -13
2026-01-21 21:34:04,677 - WARNING - Alert L3: CRITICAL ALERT, Att: -13
2026-01-21 21:34:04,876 - WARNING - Alert L3: CRITICAL ALERT, Att: -13
2026-01-21 21:34:05,048 - WARNING - Alert L3: CRITICAL ALERT, Att: -13
2026-01-21 21:34:05,133 - WARNING - Alert L3: CRITICAL ALERT, Att: -13
2026-01-21 21:34:05,213 - WARNING - Alert L3: CRITICAL ALERT, Att: -13
2026-01-21 21:34:05,304 - WARNING - Alert L3: CRITICAL ALERT, Att: -13
2026-01-21 21:34:05,491 - WARNING - Alert L3: CRITICAL ALERT, Att: -13
2026-01-21 21:34:05,576 - WARNING - Alert L3: CRITICAL ALERT, Att: -13
2026-01-21 21:34:05,648 - WARNING - Alert L3: CRITICAL ALERT, Att: -13
2026-01-21 21:34:05,719 - WARNING - Alert L3: CRITICAL ALERT, Att: -12
2026-01-21 21:34:05,801 - WARNING - Alert L3: CRITICAL ALERT, Att: -12
2026-01-21 21:34:06,001 - WARNING - Alert L3: CRITICAL ALERT, Att: -12
2026-01-21 21:34:06,162 - WARNING - Alert L3: CRITICAL ALERT, Att: -12
2026-01-21 21:34:06,234 - WARNING - Alert L3: CRITICAL ALERT, Att: -12
2026-01-21 21:34:06,309 - WARNING - Alert L3: CRITICAL ALERT, Att: -12
2026-01-21 21:34:06,394 - WARNING - Alert L3: CRITICAL ALERT, Att: -12
2026-01-21 21:34:06,589 - WARNING - Alert L3: CRITICAL ALERT, Att: -12
2026-01-21 21:34:06,668 - WARNING - Alert L3: CRITICAL ALERT, Att: -12
2026-01-21 21:34:06,732 - WARNING - Alert L3: CRITICAL ALERT, Att: -12
2026-01-21 21:34:06,807 - WARNING - Alert L3: CRITICAL ALERT, Att: -12
2026-01-21 21:34:06,871 - WARNING - Alert L3: CRITICAL ALERT, Att: -12
2026-01-21 21:34:07,059 - WARNING - Alert L3: CRITICAL ALERT, Att: -12
2026-01-21 21:34:07,213 - WARNING - Alert L3: CRITICAL ALERT, Att: -12
2026-01-21 21:34:07,288 - WARNING - Alert L3: CRITICAL ALERT, Att: -12
2026-01-21 21:34:07,357 - WARNING - Alert L3: CRITICAL ALERT, Att: -12
2026-01-21 21:34:07,476 - WARNING - Alert L3: CRITICAL ALERT, Att: -12
2026-01-21 21:34:07,666 - WARNING - Alert L3: CRITICAL ALERT, Att: -12
2026-01-21 21:34:07,742 - WARNING - Alert L3: CRITICAL ALERT, Att: -12
2026-01-21 21:34:07,811 - WARNING - Alert L3: CRITICAL ALERT, Att: -12
2026-01-21 21:34:07,894 - WARNING - Alert L3: CRITICAL ALERT, Att: -12
2026-01-21 21:34:07,967 - WARNING - Alert L3: CRITICAL ALERT, Att: -11
2026-01-21 21:34:08,166 - WARNING - Alert L3: CRITICAL ALERT, Att: -12
2026-01-21 21:34:08,354 - WARNING - Alert L3: CRITICAL ALERT, Att: -11
2026-01-21 21:34:08,452 - WARNING - Alert L3: CRITICAL ALERT, Att: -11
2026-01-21 21:34:08,537 - WARNING - Alert L3: CRITICAL ALERT, Att: -11
2026-01-21 21:34:08,647 - WARNING - Alert L3: CRITICAL ALERT, Att: -11
2026-01-21 21:34:08,853 - WARNING - Alert L3: CRITICAL ALERT, Att: -12
2026-01-21 21:34:08,928 - WARNING - Alert L3: CRITICAL ALERT, Att: -12
2026-01-21 21:34:08,994 - WARNING - Alert L3: CRITICAL ALERT, Att: -12
2026-01-21 21:34:09,073 - WARNING - Alert L3: CRITICAL ALERT, Att: -12
2026-01-21 21:34:09,151 - WARNING - Alert L3: CRITICAL ALERT, Att: -12
2026-01-21 21:34:09,330 - WARNING - Alert L3: CRITICAL ALERT, Att: -12
2026-01-21 21:34:09,517 - WARNING - Alert L3: CRITICAL ALERT, Att: -12
2026-01-21 21:34:09,601 - WARNING - Alert L3: CRITICAL ALERT, Att: -12
2026-01-21 21:34:09,682 - WARNING - Alert L3: CRITICAL ALERT, Att: -12
2026-01-21 21:34:09,771 - WARNING - Alert L3: CRITICAL ALERT, Att: -12
2026-01-21 21:34:09,972 - WARNING - Alert L3: CRITICAL ALERT, Att: -11
2026-01-21 21:34:10,054 - WARNING - Alert L3: CRITICAL ALERT, Att: -11
2026-01-21 21:34:10,138 - WARNING - Alert L3: CRITICAL ALERT, Att: -11
2026-01-21 21:34:10,227 - WARNING - Alert L3: CRITICAL ALERT, Att: -11
2026-01-21 21:34:10,306 - WARNING - Alert L3: CRITICAL ALERT, Att: -11
2026-01-21 21:34:10,539 - WARNING - Alert L3: CRITICAL ALERT, Att: -11
2026-01-21 21:34:10,730 - WARNING - Alert L3: CRITICAL ALERT, Att: -11
2026-01-21 21:34:10,816 - WARNING - Alert L3: CRITICAL ALERT, Att: -11
2026-01-21 21:34:10,897 - WARNING - Alert L3: CRITICAL ALERT, Att: -11
2026-01-21 21:34:10,991 - WARNING - Alert L3: CRITICAL ALERT, Att: -11
2026-01-21 21:34:11,212 - WARNING - Alert L3: CRITICAL ALERT, Att: -11
2026-01-21 21:34:11,342 - WARNING - Alert L3: CRITICAL ALERT, Att: -11
2026-01-21 21:34:11,436 - WARNING - Alert L3: CRITICAL ALERT, Att: -11
2026-01-21 21:34:11,553 - WARNING - Alert L3: CRITICAL ALERT, Att: -11
2026-01-21 21:34:11,653 - WARNING - Alert L3: CRITICAL ALERT, Att: -11
2026-01-21 21:34:11,911 - WARNING - Alert L3: CRITICAL ALERT, Att: -11
2026-01-21 21:34:12,100 - WARNING - Alert L3: CRITICAL ALERT, Att: -11
2026-01-21 21:34:12,195 - WARNING - Alert L3: CRITICAL ALERT, Att: -11
2026-01-21 21:34:12,281 - WARNING - Alert L3: CRITICAL ALERT, Att: -11
2026-01-21 21:34:12,376 - WARNING - Alert L3: CRITICAL ALERT, Att: -11
2026-01-21 21:34:12,587 - WARNING - Alert L3: CRITICAL ALERT, Att: -11
2026-01-21 21:34:12,675 - WARNING - Alert L3: CRITICAL ALERT, Att: -11
2026-01-21 21:34:12,773 - WARNING - Alert L3: CRITICAL ALERT, Att: -11
2026-01-21 21:34:12,878 - WARNING - Alert L3: CRITICAL ALERT, Att: -11
2026-01-21 21:34:12,964 - WARNING - Alert L3: CRITICAL ALERT, Att: -11
2026-01-21 21:34:17,288 - WARNING - Alert L1: CAUTION: LOOKING UP/DOWN, Att: 60
2026-01-21 21:34:17,410 - WARNING - Alert L1: CAUTION: LOOKING UP/DOWN, Att: 60
2026-01-21 21:34:17,532 - WARNING - Alert L1: CAUTION: LOOKING UP/DOWN, Att: 60
2026-01-21 21:34:17,694 - WARNING - Alert L1: CAUTION: LOOKING UP/DOWN, Att: 60
2026-01-21 21:34:17,798 - WARNING - Alert L1: CAUTION: LOOKING UP/DOWN, Att: 60
2026-01-21 21:34:17,882 - WARNING - Alert L1: CAUTION: LOOKING UP/DOWN, Att: 60
2026-01-21 21:34:17,966 - WARNING - Alert L1: CAUTION: LOOKING UP/DOWN, Att: 60
2026-01-21 21:34:18,043 - WARNING - Alert L1: CAUTION: LOOKING UP/DOWN, Att: 60
2026-01-21 21:34:18,293 - WARNING - Alert L2: DISTRACTION: LOOKING UP/DOWN, Att: 25
2026-01-21 21:34:18,562 - WARNING - Alert L2: DISTRACTION: LOOKING UP/DOWN, Att: 25
2026-01-21 21:34:18,687 - WARNING - Alert L2: DISTRACTION: LOOKING UP/DOWN, Att: 25
2026-01-21 21:34:18,792 - WARNING - Alert L2: DISTRACTION: LOOKING UP/DOWN, Att: 25
2026-01-21 21:34:18,882 - WARNING - Alert L2: DISTRACTION: LOOKING UP/DOWN, Att: 25
2026-01-21 21:34:19,094 - WARNING - Alert L2: DISTRACTION: LOOKING UP/DOWN, Att: 25
2026-01-21 21:34:19,175 - WARNING - Alert L2: DISTRACTION: LOOKING UP/DOWN, Att: 25
2026-01-21 21:34:19,257 - WARNING - Alert L3: CRITICAL ALERT, Att: -5
2026-01-21 21:34:19,365 - WARNING - Alert L3: CRITICAL ALERT, Att: -5
2026-01-21 21:34:19,517 - WARNING - Alert L3: CRITICAL ALERT, Att: -5
2026-01-21 21:34:19,817 - WARNING - Alert L3: CRITICAL ALERT, Att: -5
2026-01-21 21:34:20,040 - WARNING - Alert L3: CRITICAL ALERT, Att: -5
2026-01-21 21:34:20,142 - WARNING - Alert L3: CRITICAL ALERT, Att: -5
2026-01-21 21:34:20,232 - WARNING - Alert L3: CRITICAL ALERT, Att: -5
2026-01-21 21:34:20,353 - WARNING - Alert L3: CRITICAL ALERT, Att: -5
2026-01-21 21:34:20,665 - WARNING - Alert L3: CRITICAL ALERT, Att: -5
2026-01-21 21:34:20,816 - WARNING - Alert L3: CRITICAL ALERT, Att: -5
2026-01-21 21:34:20,905 - WARNING - Alert L3: CRITICAL ALERT, Att: -5
2026-01-21 21:34:21,015 - WARNING - Alert L3: CRITICAL ALERT, Att: -5
2026-01-21 21:34:21,150 - WARNING - Alert L3: CRITICAL ALERT, Att: -5
2026-01-21 21:34:21,388 - WARNING - Alert L3: CRITICAL ALERT, Att: -5
2026-01-21 21:34:21,649 - WARNING - Alert L3: CRITICAL ALERT, Att: -5
2026-01-21 21:34:21,765 - WARNING - Alert L3: CRITICAL ALERT, Att: -5
2026-01-21 21:34:21,883 - WARNING - Alert L3: CRITICAL ALERT, Att: -5
2026-01-21 21:34:21,983 - WARNING - Alert L3: CRITICAL ALERT, Att: -5
2026-01-21 21:34:22,197 - WARNING - Alert L3: CRITICAL ALERT, Att: -5
2026-01-21 21:34:22,279 - WARNING - Alert L3: CRITICAL ALERT, Att: -5
2026-01-21 21:34:22,364 - WARNING - Alert L3: CRITICAL ALERT, Att: -5
2026-01-21 21:34:22,457 - WARNING - Alert L3: CRITICAL ALERT, Att: -5
2026-01-21 21:34:22,552 - WARNING - Alert L3: CRITICAL ALERT, Att: -5
2026-01-21 21:34:22,790 - WARNING - Alert L3: CRITICAL ALERT, Att: -10
2026-01-21 21:34:22,975 - WARNING - Alert L3: CRITICAL ALERT, Att: -10
2026-01-21 21:34:23,089 - WARNING - Alert L3: CRITICAL ALERT, Att: -10
2026-01-21 21:34:23,183 - WARNING - Alert L3: CRITICAL ALERT, Att: -5
2026-01-21 21:34:23,289 - WARNING - Alert L3: CRITICAL ALERT, Att: -5
2026-01-21 21:34:23,550 - WARNING - Alert L3: CRITICAL ALERT, Att: -5
2026-01-21 21:34:23,657 - WARNING - Alert L3: CRITICAL ALERT, Att: -5
2026-01-21 21:34:23,765 - WARNING - Alert L3: CRITICAL ALERT, Att: -5
2026-01-21 21:34:23,858 - WARNING - Alert L3: CRITICAL ALERT, Att: -5
2026-01-21 21:34:23,954 - WARNING - Alert L3: CRITICAL ALERT, Att: -5
2026-01-21 21:34:24,267 - WARNING - Alert L3: CRITICAL ALERT, Att: -5
2026-01-21 21:34:24,495 - WARNING - Alert L3: CRITICAL ALERT, Att: -5
2026-01-21 21:34:24,592 - WARNING - Alert L3: CRITICAL ALERT, Att: -5
2026-01-21 21:34:24,695 - WARNING - Alert L3: CRITICAL ALERT, Att: -5
2026-01-21 21:34:24,796 - WARNING - Alert L3: CRITICAL ALERT, Att: -5
2026-01-21 21:34:25,021 - WARNING - Alert L3: CRITICAL ALERT, Att: -10
2026-01-21 21:34:25,105 - WARNING - Alert L3: CRITICAL ALERT, Att: -10
2026-01-21 21:34:25,177 - WARNING - Alert L3: CRITICAL ALERT, Att: -10
2026-01-21 21:34:25,262 - WARNING - Alert L3: CRITICAL ALERT, Att: -5
2026-01-21 21:34:25,356 - WARNING - Alert L3: CRITICAL ALERT, Att: -5
2026-01-21 21:34:25,637 - WARNING - Alert L3: CRITICAL ALERT, Att: -5
2026-01-21 21:34:25,839 - WARNING - Alert L3: CRITICAL ALERT, Att: -5
2026-01-21 21:34:25,911 - WARNING - Alert L3: CRITICAL ALERT, Att: -5
2026-01-21 21:34:25,992 - WARNING - Alert L3: CRITICAL ALERT, Att: -5
2026-01-21 21:34:26,075 - WARNING - Alert L3: CRITICAL ALERT, Att: -8
2026-01-21 21:34:26,277 - WARNING - Alert L3: CRITICAL ALERT, Att: -8
2026-01-21 21:34:26,384 - WARNING - Alert L3: CRITICAL ALERT, Att: -8
2026-01-21 21:34:26,484 - WARNING - Alert L3: CRITICAL ALERT, Att: -5
2026-01-21 21:34:26,604 - WARNING - Alert L3: CRITICAL ALERT, Att: -5
2026-01-21 21:34:26,716 - WARNING - Alert L3: CRITICAL ALERT, Att: -5
2026-01-21 21:34:26,983 - WARNING - Alert L3: CRITICAL ALERT, Att: -5
2026-01-21 21:34:27,196 - WARNING - Alert L3: CRITICAL ALERT, Att: -5
2026-01-21 21:34:27,318 - WARNING - Alert L3: CRITICAL ALERT, Att: -5
2026-01-21 21:34:27,413 - WARNING - Alert L3: CRITICAL ALERT, Att: -10
2026-01-21 21:34:27,510 - WARNING - Alert L3: CRITICAL ALERT, Att: -10
2026-01-21 21:34:27,697 - WARNING - Alert L3: CRITICAL ALERT, Att: -10
2026-01-21 21:34:27,794 - WARNING - Alert L3: CRITICAL ALERT, Att: -5
2026-01-21 21:34:27,890 - WARNING - Alert L3: CRITICAL ALERT, Att: -5
2026-01-21 21:34:27,972 - WARNING - Alert L3: CRITICAL ALERT, Att: -5
2026-01-21 21:34:28,056 - WARNING - Alert L3: CRITICAL ALERT, Att: -5
2026-01-21 21:34:28,254 - WARNING - Alert L3: CRITICAL ALERT, Att: -5
2026-01-21 21:34:28,511 - WARNING - Alert L3: CRITICAL ALERT, Att: -5
2026-01-21 21:34:28,630 - WARNING - Alert L3: CRITICAL ALERT, Att: -10
2026-01-21 21:34:28,731 - WARNING - Alert L3: CRITICAL ALERT, Att: -10
2026-01-21 21:34:28,841 - WARNING - Alert L3: CRITICAL ALERT, Att: -10
2026-01-21 21:34:29,205 - WARNING - Alert L3: CRITICAL ALERT, Att: -5
2026-01-21 21:34:29,300 - WARNING - Alert L3: CRITICAL ALERT, Att: -5
2026-01-21 21:34:29,389 - WARNING - Alert L3: CRITICAL ALERT, Att: -5
2026-01-21 21:34:29,498 - WARNING - Alert L3: CRITICAL ALERT, Att: -5
2026-01-21 21:34:29,583 - WARNING - Alert L3: CRITICAL ALERT, Att: -5
2026-01-21 21:34:29,820 - WARNING - Alert L3: CRITICAL ALERT, Att: -5
2026-01-21 21:34:29,999 - WARNING - Alert L3: CRITICAL ALERT, Att: -5
2026-01-21 21:34:30,077 - WARNING - Alert L3: CRITICAL ALERT, Att: -5
2026-01-21 21:34:30,173 - WARNING - Alert L3: CRITICAL ALERT, Att: -5
2026-01-21 21:34:30,259 - WARNING - Alert L3: CRITICAL ALERT, Att: -5
2026-01-21 21:34:30,436 - WARNING - Alert L3: CRITICAL ALERT, Att: -5
2026-01-21 21:34:30,535 - WARNING - Alert L3: CRITICAL ALERT, Att: -5
2026-01-21 21:34:30,626 - WARNING - Alert L3: CRITICAL ALERT, Att: -5
2026-01-21 21:34:30,710 - WARNING - Alert L3: CRITICAL ALERT, Att: -5
2026-01-21 21:34:30,793 - WARNING - Alert L3: CRITICAL ALERT, Att: -5
2026-01-21 21:34:31,027 - WARNING - Alert L3: CRITICAL ALERT, Att: -12
2026-01-21 21:34:31,250 - WARNING - Alert L3: CRITICAL ALERT, Att: -12
2026-01-21 21:34:31,344 - WARNING - Alert L3: CRITICAL ALERT, Att: -12
2026-01-21 21:34:31,444 - WARNING - Alert L3: CRITICAL ALERT, Att: -5
2026-01-21 21:34:31,522 - WARNING - Alert L3: CRITICAL ALERT, Att: -5
2026-01-21 21:34:31,707 - WARNING - Alert L3: CRITICAL ALERT, Att: -5
2026-01-21 21:34:31,787 - WARNING - Alert L3: CRITICAL ALERT, Att: -5
2026-01-21 21:34:31,859 - WARNING - Alert L3: CRITICAL ALERT, Att: -5
2026-01-21 21:34:31,940 - WARNING - Alert L3: CRITICAL ALERT, Att: -5
2026-01-21 21:34:32,012 - WARNING - Alert L3: CRITICAL ALERT, Att: -5
2026-01-21 21:34:32,200 - WARNING - Alert L3: CRITICAL ALERT, Att: -5
2026-01-21 21:34:32,377 - WARNING - Alert L3: CRITICAL ALERT, Att: -5
2026-01-21 21:34:32,469 - WARNING - Alert L3: CRITICAL ALERT, Att: -5
2026-01-21 21:34:32,548 - WARNING - Alert L3: CRITICAL ALERT, Att: -5
2026-01-21 21:34:32,636 - WARNING - Alert L3: CRITICAL ALERT, Att: -5
2026-01-21 21:34:32,835 - WARNING - Alert L3: CRITICAL ALERT, Att: -5
2026-01-21 21:34:32,935 - WARNING - Alert L3: CRITICAL ALERT, Att: -5
2026-01-21 21:34:33,028 - WARNING - Alert L3: CRITICAL ALERT, Att: -5
2026-01-21 21:34:33,125 - WARNING - Alert L3: CRITICAL ALERT, Att: -5
2026-01-21 21:34:33,228 - WARNING - Alert L3: CRITICAL ALERT, Att: -5
2026-01-21 21:34:33,464 - WARNING - Alert L3: CRITICAL ALERT, Att: -5
2026-01-21 21:34:33,663 - WARNING - Alert L3: CRITICAL ALERT, Att: -5
2026-01-21 21:34:33,750 - WARNING - Alert L3: CRITICAL ALERT, Att: -5
2026-01-21 21:34:33,837 - WARNING - Alert L3: CRITICAL ALERT, Att: -5
2026-01-21 21:34:33,910 - WARNING - Alert L3: CRITICAL ALERT, Att: -5
2026-01-21 21:34:44,371 - WARNING - Alert L1: CAUTION: LOOKING UP/DOWN, Att: 80
2026-01-21 21:34:44,457 - WARNING - Alert L1: CAUTION: LOOKING UP/DOWN, Att: 80
2026-01-21 21:34:44,541 - WARNING - Alert L1: CAUTION: LOOKING UP/DOWN, Att: 60
2026-01-21 21:34:44,686 - WARNING - Alert L1: CAUTION: LOOKING UP/DOWN, Att: 60
2026-01-21 21:34:44,762 - WARNING - Alert L1: CAUTION: LOOKING UP/DOWN, Att: 60
2026-01-21 21:34:44,829 - WARNING - Alert L1: CAUTION: LOOKING UP/DOWN, Att: 60
2026-01-21 21:34:44,906 - WARNING - Alert L1: CAUTION: LOOKING UP/DOWN, Att: 60
2026-01-21 21:34:44,979 - WARNING - Alert L1: CAUTION: LOOKING UP/DOWN, Att: 60
2026-01-21 21:34:45,195 - WARNING - Alert L2: DISTRACTION: LOOKING UP/DOWN, Att: 25
2026-01-21 21:34:45,387 - WARNING - Alert L2: DISTRACTION: LOOKING UP/DOWN, Att: 25
2026-01-21 21:34:45,476 - WARNING - Alert L2: DISTRACTION: LOOKING UP/DOWN, Att: 25
2026-01-21 21:34:45,555 - WARNING - Alert L2: DISTRACTION: LOOKING UP/DOWN, Att: 25
2026-01-21 21:34:45,646 - WARNING - Alert L2: DISTRACTION: LOOKING UP/DOWN, Att: 25
2026-01-21 21:34:45,866 - WARNING - Alert L2: DISTRACTION: LOOKING UP/DOWN, Att: 25
2026-01-21 21:34:45,939 - WARNING - Alert L2: DISTRACTION: LOOKING UP/DOWN, Att: 25
2026-01-21 21:34:46,019 - WARNING - Alert L2: DISTRACTION: LOOKING UP/DOWN, Att: 25
2026-01-21 21:34:46,123 - WARNING - Alert L2: DISTRACTION: LOOKING UP/DOWN, Att: 25
2026-01-21 21:34:46,240 - WARNING - Alert L2: DISTRACTION: LOOKING UP/DOWN, Att: 25
2026-01-21 21:34:46,480 - WARNING - Alert L3: CRITICAL ALERT, Att: -5
2026-01-21 21:34:46,713 - WARNING - Alert L3: CRITICAL ALERT, Att: -5
2026-01-21 21:34:46,810 - WARNING - Alert L3: CRITICAL ALERT, Att: -11
2026-01-21 21:34:46,888 - WARNING - Alert L3: CRITICAL ALERT, Att: -11
2026-01-21 21:34:46,983 - WARNING - Alert L3: CRITICAL ALERT, Att: -11
2026-01-21 21:34:47,185 - WARNING - Alert L3: CRITICAL ALERT, Att: -12
2026-01-21 21:34:47,276 - WARNING - Alert L3: CRITICAL ALERT, Att: -12
2026-01-21 21:34:47,358 - WARNING - Alert L3: CRITICAL ALERT, Att: -12
2026-01-21 21:34:47,452 - WARNING - Alert L3: CRITICAL ALERT, Att: -11
2026-01-21 21:34:47,541 - WARNING - Alert L3: CRITICAL ALERT, Att: -11
2026-01-21 21:34:47,759 - WARNING - Alert L3: CRITICAL ALERT, Att: -11
2026-01-21 21:34:47,955 - WARNING - Alert L3: CRITICAL ALERT, Att: -5
2026-01-21 21:34:48,043 - WARNING - Alert L3: CRITICAL ALERT, Att: -5
2026-01-21 21:34:48,120 - WARNING - Alert L3: CRITICAL ALERT, Att: -5
2026-01-21 21:34:48,199 - WARNING - Alert L3: CRITICAL ALERT, Att: -5
2026-01-21 21:34:48,413 - WARNING - Alert L3: CRITICAL ALERT, Att: -5
2026-01-21 21:34:48,513 - WARNING - Alert L3: CRITICAL ALERT, Att: -5
2026-01-21 21:34:48,597 - WARNING - Alert L3: CRITICAL ALERT, Att: -5
2026-01-21 21:34:48,700 - WARNING - Alert L3: CRITICAL ALERT, Att: -5
2026-01-21 21:34:48,801 - WARNING - Alert L3: CRITICAL ALERT, Att: -5
2026-01-21 21:34:49,048 - WARNING - Alert L3: CRITICAL ALERT, Att: -5
2026-01-21 21:34:49,244 - WARNING - Alert L3: CRITICAL ALERT, Att: -5
2026-01-21 21:34:49,319 - WARNING - Alert L3: CRITICAL ALERT, Att: -5
2026-01-21 21:34:49,419 - WARNING - Alert L3: CRITICAL ALERT, Att: -5
2026-01-21 21:34:49,527 - WARNING - Alert L3: CRITICAL ALERT, Att: -5
2026-01-21 21:34:49,761 - WARNING - Alert L3: CRITICAL ALERT, Att: -5
2026-01-21 21:34:49,856 - WARNING - Alert L3: CRITICAL ALERT, Att: -5
2026-01-21 21:34:49,942 - WARNING - Alert L3: CRITICAL ALERT, Att: -5
2026-01-21 21:34:50,046 - WARNING - Alert L3: CRITICAL ALERT, Att: -5
2026-01-21 21:34:50,139 - WARNING - Alert L3: CRITICAL ALERT, Att: -5
2026-01-21 21:34:50,360 - WARNING - Alert L3: CRITICAL ALERT, Att: -5
2026-01-21 21:34:50,618 - WARNING - Alert L3: CRITICAL ALERT, Att: -5
2026-01-21 21:34:50,726 - WARNING - Alert L3: CRITICAL ALERT, Att: -5
2026-01-21 21:34:50,834 - WARNING - Alert L3: CRITICAL ALERT, Att: -5
2026-01-21 21:34:50,935 - WARNING - Alert L3: CRITICAL ALERT, Att: -5
2026-01-21 21:34:51,183 - WARNING - Alert L3: CRITICAL ALERT, Att: -13
2026-01-21 21:34:51,272 - WARNING - Alert L3: CRITICAL ALERT, Att: -13
2026-01-21 21:34:51,355 - WARNING - Alert L3: CRITICAL ALERT, Att: -13
2026-01-21 21:34:51,447 - WARNING - Alert L3: CRITICAL ALERT, Att: -5
2026-01-21 21:34:51,554 - WARNING - Alert L3: CRITICAL ALERT, Att: -5
2026-01-21 21:34:56,172 - WARNING - Alert L1: CAUTION: LOOKING UP/DOWN, Att: 54
2026-01-21 21:34:56,272 - WARNING - Alert L1: CAUTION: LOOKING UP/DOWN, Att: 54
2026-01-21 21:34:56,388 - WARNING - Alert L1: CAUTION: LOOKING UP/DOWN, Att: 60
2026-01-21 21:34:56,604 - WARNING - Alert L1: CAUTION: LOOKING UP/DOWN, Att: 60
2026-01-21 21:34:56,698 - WARNING - Alert L1: CAUTION: LOOKING UP/DOWN, Att: 60
2026-01-21 21:34:56,798 - WARNING - Alert L1: CAUTION: LOOKING SIDEWAYS, Att: 52
2026-01-21 21:34:56,876 - WARNING - Alert L1: CAUTION: LOOKING SIDEWAYS, Att: 52
2026-01-21 21:34:56,964 - WARNING - Alert L1: CAUTION: LOOKING SIDEWAYS, Att: 52
2026-01-21 21:34:57,299 - WARNING - Alert L2: DISTRACTION: LOOKING UP/DOWN, Att: 25
2026-01-21 21:34:57,500 - WARNING - Alert L2: DISTRACTION: LOOKING UP/DOWN, Att: 25
2026-01-21 21:34:57,578 - WARNING - Alert L2: DISTRACTION: LOOKING UP/DOWN, Att: 25
2026-01-21 21:34:57,676 - WARNING - Alert L2: DISTRACTION: LOOKING UP/DOWN, Att: 25
2026-01-21 21:34:57,757 - WARNING - Alert L2: DISTRACTION: LOOKING UP/DOWN, Att: 25
2026-01-21 21:34:57,957 - WARNING - Alert L2: DISTRACTION: LOOKING UP/DOWN, Att: 25
2026-01-21 21:34:58,033 - WARNING - Alert L3: CRITICAL ALERT, Att: -12
2026-01-21 21:34:58,121 - WARNING - Alert L3: CRITICAL ALERT, Att: -12
2026-01-21 21:34:58,208 - WARNING - Alert L3: CRITICAL ALERT, Att: -12
2026-01-21 21:34:58,300 - WARNING - Alert L3: CRITICAL ALERT, Att: -5
2026-01-21 21:34:58,492 - WARNING - Alert L3: CRITICAL ALERT, Att: -5
2026-01-21 21:34:58,649 - WARNING - Alert L3: CRITICAL ALERT, Att: -5
2026-01-21 21:34:58,715 - WARNING - Alert L3: CRITICAL ALERT, Att: -5
2026-01-21 21:34:58,794 - WARNING - Alert L3: CRITICAL ALERT, Att: -5
2026-01-21 21:34:58,882 - WARNING - Alert L3: CRITICAL ALERT, Att: -5
2026-01-21 21:34:59,071 - WARNING - Alert L3: CRITICAL ALERT, Att: -5
2026-01-21 21:34:59,157 - WARNING - Alert L3: CRITICAL ALERT, Att: -5
2026-01-21 21:34:59,231 - WARNING - Alert L3: CRITICAL ALERT, Att: -5
2026-01-21 21:34:59,333 - WARNING - Alert L3: CRITICAL ALERT, Att: -5
2026-01-21 21:34:59,409 - WARNING - Alert L3: CRITICAL ALERT, Att: -5
2026-01-21 21:34:59,666 - WARNING - Alert L3: CRITICAL ALERT, Att: -5
2026-01-21 21:34:59,857 - WARNING - Alert L3: CRITICAL ALERT, Att: -5
2026-01-21 21:34:59,932 - WARNING - Alert L3: CRITICAL ALERT, Att: -5
2026-01-21 21:35:00,032 - WARNING - Alert L3: CRITICAL ALERT, Att: -5
2026-01-21 21:35:00,129 - WARNING - Alert L3: CRITICAL ALERT, Att: -5
2026-01-21 21:35:00,317 - WARNING - Alert L3: CRITICAL ALERT, Att: -5
2026-01-21 21:35:00,386 - WARNING - Alert L3: CRITICAL ALERT, Att: -5
2026-01-21 21:35:00,464 - WARNING - Alert L3: CRITICAL ALERT, Att: -5
2026-01-21 21:35:00,542 - WARNING - Alert L3: CRITICAL ALERT, Att: -5
2026-01-21 21:35:00,607 - WARNING - Alert L3: CRITICAL ALERT, Att: -5
2026-01-21 21:51:05,983 - WARNING - From E:\anaconda3\envs\drowsy\lib\site-packages\keras\src\backend.py:1398: The name tf.executing_eagerly_outside_functions is deprecated. Please use tf.compat.v1.executing_eagerly_outside_functions instead.

2026-01-21 21:51:06,133 - WARNING - From E:\anaconda3\envs\drowsy\lib\site-packages\keras\src\layers\pooling\max_pooling2d.py:161: The name tf.nn.max_pool is deprecated. Please use tf.nn.max_pool2d instead.

2026-01-21 21:51:06,319 - WARNING - From E:\anaconda3\envs\drowsy\lib\site-packages\keras\src\optimizers\__init__.py:309: The name tf.train.Optimizer is deprecated. Please use tf.compat.v1.train.Optimizer instead.

2026-01-21 21:51:10,502 - INFO - Imported existing <module 'comtypes.gen' from 'E:\\anaconda3\\envs\\drowsy\\lib\\site-packages\\comtypes\\gen\\__init__.py'>
2026-01-21 21:51:10,503 - INFO - Using writeable comtypes cache directory: 'E:\anaconda3\envs\drowsy\lib\site-packages\comtypes\gen'
2026-01-21 21:51:29,134 - WARNING - Alert L2: DISTRACTION: LOOKING UP/DOWN, Att: 25
2026-01-21 21:51:29,299 - WARNING - Alert L2: DISTRACTION: LOOKING UP/DOWN, Att: 25
2026-01-21 21:51:29,342 - WARNING - Alert L2: DISTRACTION: LOOKING UP/DOWN, Att: 25
2026-01-21 21:51:29,402 - WARNING - Alert L2: DISTRACTION: LOOKING UP/DOWN, Att: 25
2026-01-21 21:51:29,468 - WARNING - Alert L2: DISTRACTION: LOOKING UP/DOWN, Att: 25
2026-01-21 21:51:29,624 - WARNING - Alert L2: DISTRACTION: LOOKING UP/DOWN, Att: 25
2026-01-21 21:51:29,676 - WARNING - Alert L2: DISTRACTION: LOOKING UP/DOWN, Att: 25
2026-01-21 21:51:29,729 - WARNING - Alert L2: DISTRACTION: LOOKING UP/DOWN, Att: 25
2026-01-21 21:51:29,775 - WARNING - Alert L2: DISTRACTION: LOOKING UP/DOWN, Att: -5
2026-01-21 21:51:29,835 - WARNING - Alert L2: DISTRACTION: LOOKING UP/DOWN, Att: -5
2026-01-21 21:51:29,969 - WARNING - Alert L2: DISTRACTION: LOOKING UP/DOWN, Att: -5
2026-01-21 21:51:30,095 - WARNING - Alert L2: DISTRACTION: LOOKING UP/DOWN, Att: -5
2026-01-21 21:51:30,151 - WARNING - Alert L2: DISTRACTION: LOOKING UP/DOWN, Att: -5
2026-01-21 21:51:30,197 - WARNING - Alert L2: DISTRACTION: LOOKING UP/DOWN, Att: -5
2026-01-21 21:51:30,249 - WARNING - Alert L2: DISTRACTION: LOOKING UP/DOWN, Att: -5
2026-01-21 21:51:30,379 - WARNING - Alert L2: DISTRACTION: LOOKING UP/DOWN, Att: -5
2026-01-21 21:51:30,422 - WARNING - Alert L2: DISTRACTION: LOOKING UP/DOWN, Att: -5
2026-01-21 21:51:30,465 - WARNING - Alert L2: DISTRACTION: LOOKING UP/DOWN, Att: -5
2026-01-21 21:51:30,512 - WARNING - Alert L2: DISTRACTION: LOOKING UP/DOWN, Att: -5
2026-01-21 21:51:30,561 - WARNING - Alert L2: DISTRACTION: LOOKING UP/DOWN, Att: -5
2026-01-21 21:51:30,667 - WARNING - Alert L2: DISTRACTION: LOOKING UP/DOWN, Att: -5
2026-01-21 21:51:30,774 - WARNING - Alert L2: DISTRACTION: LOOKING UP/DOWN, Att: -5
2026-01-21 21:51:30,837 - WARNING - Alert L3: CRITICAL ALERT, Att: -5
2026-01-21 21:51:30,903 - WARNING - Alert L3: CRITICAL ALERT, Att: -5
2026-01-21 21:51:30,984 - WARNING - Alert L3: CRITICAL ALERT, Att: -5
2026-01-21 21:51:31,161 - WARNING - Alert L3: CRITICAL ALERT, Att: -5
2026-01-21 21:51:31,217 - WARNING - Alert L3: CRITICAL ALERT, Att: -5
2026-01-21 21:51:31,265 - WARNING - Alert L3: CRITICAL ALERT, Att: -5
2026-01-21 21:51:31,323 - WARNING - Alert L3: CRITICAL ALERT, Att: -5
2026-01-21 21:51:31,381 - WARNING - Alert L3: CRITICAL ALERT, Att: -5
2026-01-21 21:51:31,555 - WARNING - Alert L3: CRITICAL ALERT, Att: -5
2026-01-21 21:51:31,677 - WARNING - Alert L3: CRITICAL ALERT, Att: -5
2026-01-21 21:51:31,729 - WARNING - Alert L3: CRITICAL ALERT, Att: -5
2026-01-21 21:51:31,772 - WARNING - Alert L3: CRITICAL ALERT, Att: -5
2026-01-21 21:51:31,821 - WARNING - Alert L3: CRITICAL ALERT, Att: -5
2026-01-21 21:51:31,926 - WARNING - Alert L3: CRITICAL ALERT, Att: -5
2026-01-21 21:51:31,982 - WARNING - Alert L3: CRITICAL ALERT, Att: -5
2026-01-21 21:51:32,023 - WARNING - Alert L3: CRITICAL ALERT, Att: -5
2026-01-21 21:51:32,075 - WARNING - Alert L3: CRITICAL ALERT, Att: -5
2026-01-21 21:51:32,123 - WARNING - Alert L3: CRITICAL ALERT, Att: -5
2026-01-21 21:51:32,233 - WARNING - Alert L3: CRITICAL ALERT, Att: -5
2026-01-21 21:51:32,335 - WARNING - Alert L3: CRITICAL ALERT, Att: -5
2026-01-21 21:51:32,389 - WARNING - Alert L3: CRITICAL ALERT, Att: -5
2026-01-21 21:51:32,442 - WARNING - Alert L3: CRITICAL ALERT, Att: -5
2026-01-21 21:51:32,492 - WARNING - Alert L3: CRITICAL ALERT, Att: -5
2026-01-21 21:51:32,591 - WARNING - Alert L3: CRITICAL ALERT, Att: -5
2026-01-21 21:51:32,640 - WARNING - Alert L3: CRITICAL ALERT, Att: -5
2026-01-21 21:51:32,686 - WARNING - Alert L3: CRITICAL ALERT, Att: -5
2026-01-21 21:51:32,742 - WARNING - Alert L3: CRITICAL ALERT, Att: -5
2026-01-21 21:51:32,791 - WARNING - Alert L3: CRITICAL ALERT, Att: -5
2026-01-21 21:51:32,896 - WARNING - Alert L3: CRITICAL ALERT, Att: -5
2026-01-21 21:51:33,034 - WARNING - Alert L3: CRITICAL ALERT, Att: -5
2026-01-21 21:51:33,086 - WARNING - Alert L3: CRITICAL ALERT, Att: -5
2026-01-21 21:51:33,131 - WARNING - Alert L3: CRITICAL ALERT, Att: -5
2026-01-21 21:51:33,179 - WARNING - Alert L3: CRITICAL ALERT, Att: -5
2026-01-21 21:51:33,291 - WARNING - Alert L3: CRITICAL ALERT, Att: -5
2026-01-21 21:51:33,335 - WARNING - Alert L3: CRITICAL ALERT, Att: -5
2026-01-21 21:51:33,376 - WARNING - Alert L3: CRITICAL ALERT, Att: -5
2026-01-21 21:51:33,424 - WARNING - Alert L3: CRITICAL ALERT, Att: -5
2026-01-21 21:51:33,468 - WARNING - Alert L3: CRITICAL ALERT, Att: -5
2026-01-21 21:51:33,582 - WARNING - Alert L3: CRITICAL ALERT, Att: -5
2026-01-21 21:51:33,680 - WARNING - Alert L3: CRITICAL ALERT, Att: -5
2026-01-21 21:51:33,733 - WARNING - Alert L3: CRITICAL ALERT, Att: -5
2026-01-21 21:51:33,785 - WARNING - Alert L3: CRITICAL ALERT, Att: -5
2026-01-21 21:51:33,834 - WARNING - Alert L3: CRITICAL ALERT, Att: -5
2026-01-21 21:51:33,931 - WARNING - Alert L3: CRITICAL ALERT, Att: -5
2026-01-21 21:51:33,979 - WARNING - Alert L3: CRITICAL ALERT, Att: -5
2026-01-21 21:51:34,036 - WARNING - Alert L3: CRITICAL ALERT, Att: -5
2026-01-21 21:51:34,076 - WARNING - Alert L3: CRITICAL ALERT, Att: -5
2026-01-21 21:51:34,117 - WARNING - Alert L3: CRITICAL ALERT, Att: -5
2026-01-21 21:51:34,224 - WARNING - Alert L3: CRITICAL ALERT, Att: -5
2026-01-21 21:51:34,321 - WARNING - Alert L3: CRITICAL ALERT, Att: -5
2026-01-21 21:51:34,375 - WARNING - Alert L3: CRITICAL ALERT, Att: -5
2026-01-21 21:51:34,427 - WARNING - Alert L3: CRITICAL ALERT, Att: -6
2026-01-21 21:51:34,490 - WARNING - Alert L3: CRITICAL ALERT, Att: -6
2026-01-21 21:51:34,617 - WARNING - Alert L3: CRITICAL ALERT, Att: -6
2026-01-21 21:51:34,669 - WARNING - Alert L3: CRITICAL ALERT, Att: -7
2026-01-21 21:51:34,720 - WARNING - Alert L3: CRITICAL ALERT, Att: -8
2026-01-21 21:51:34,770 - WARNING - Alert L3: CRITICAL ALERT, Att: -9
2026-01-21 21:51:34,812 - WARNING - Alert L3: CRITICAL ALERT, Att: -9
2026-01-21 21:51:34,926 - WARNING - Alert L3: CRITICAL ALERT, Att: -10
2026-01-21 21:51:35,075 - WARNING - Alert L3: CRITICAL ALERT, Att: -9
2026-01-21 21:51:35,128 - WARNING - Alert L3: CRITICAL ALERT, Att: -10
2026-01-21 21:51:35,187 - WARNING - Alert L3: CRITICAL ALERT, Att: -10
2026-01-21 21:51:35,238 - WARNING - Alert L3: CRITICAL ALERT, Att: -11
2026-01-21 21:51:35,342 - WARNING - Alert L3: CRITICAL ALERT, Att: -13
2026-01-21 21:51:35,399 - WARNING - Alert L3: CRITICAL ALERT, Att: -14
2026-01-21 21:51:35,451 - WARNING - Alert L3: CRITICAL ALERT, Att: -15
2026-01-21 21:51:35,504 - WARNING - Alert L3: CRITICAL ALERT, Att: -14
2026-01-21 21:51:35,543 - WARNING - Alert L3: CRITICAL ALERT, Att: -13
2026-01-21 21:51:35,656 - WARNING - Alert L3: CRITICAL ALERT, Att: -13
2026-01-21 21:51:35,801 - WARNING - Alert L3: CRITICAL ALERT, Att: -12
2026-01-21 21:51:35,859 - WARNING - Alert L3: CRITICAL ALERT, Att: -11
2026-01-21 21:51:35,913 - WARNING - Alert L3: CRITICAL ALERT, Att: -11
2026-01-21 21:51:35,966 - WARNING - Alert L3: CRITICAL ALERT, Att: -11
2026-01-21 21:51:36,081 - WARNING - Alert L3: CRITICAL ALERT, Att: -11
2026-01-21 21:51:36,124 - WARNING - Alert L3: CRITICAL ALERT, Att: -11
2026-01-21 21:51:36,167 - WARNING - Alert L3: CRITICAL ALERT, Att: -11
2026-01-21 21:51:36,217 - WARNING - Alert L3: CRITICAL ALERT, Att: -11
2026-01-21 21:51:36,263 - WARNING - Alert L3: CRITICAL ALERT, Att: -11
2026-01-21 21:51:36,375 - WARNING - Alert L3: CRITICAL ALERT, Att: -11
2026-01-21 21:51:36,455 - WARNING - Alert L3: CRITICAL ALERT, Att: -11
2026-01-21 21:51:36,507 - WARNING - Alert L3: CRITICAL ALERT, Att: -11
2026-01-21 21:51:36,559 - WARNING - Alert L3: CRITICAL ALERT, Att: -11
2026-01-21 21:51:36,607 - WARNING - Alert L3: CRITICAL ALERT, Att: -11
2026-01-21 21:51:36,711 - WARNING - Alert L3: CRITICAL ALERT, Att: -11
2026-01-21 21:51:36,765 - WARNING - Alert L3: CRITICAL ALERT, Att: -11
2026-01-21 21:51:36,807 - WARNING - Alert L3: CRITICAL ALERT, Att: -11
2026-01-21 21:51:36,870 - WARNING - Alert L3: CRITICAL ALERT, Att: -11
2026-01-21 21:51:36,927 - WARNING - Alert L3: CRITICAL ALERT, Att: -11
2026-01-21 21:51:37,047 - WARNING - Alert L3: CRITICAL ALERT, Att: -11
2026-01-21 21:51:37,147 - WARNING - Alert L3: CRITICAL ALERT, Att: -11
2026-01-21 21:51:37,209 - WARNING - Alert L3: CRITICAL ALERT, Att: -11
2026-01-21 21:51:37,260 - WARNING - Alert L3: CRITICAL ALERT, Att: -11
2026-01-21 21:51:37,315 - WARNING - Alert L3: CRITICAL ALERT, Att: -11
2026-01-21 21:51:37,415 - WARNING - Alert L3: CRITICAL ALERT, Att: -12
2026-01-21 21:51:37,465 - WARNING - Alert L3: CRITICAL ALERT, Att: -12
2026-01-21 21:51:37,507 - WARNING - Alert L3: CRITICAL ALERT, Att: -12
2026-01-21 21:51:37,552 - WARNING - Alert L3: CRITICAL ALERT, Att: -12
2026-01-21 21:51:37,591 - WARNING - Alert L3: CRITICAL ALERT, Att: -12
2026-01-21 21:51:37,702 - WARNING - Alert L3: CRITICAL ALERT, Att: -12
2026-01-21 21:51:37,806 - WARNING - Alert L3: CRITICAL ALERT, Att: -12
2026-01-21 21:51:37,862 - WARNING - Alert L3: CRITICAL ALERT, Att: -12
2026-01-21 21:51:37,925 - WARNING - Alert L3: CRITICAL ALERT, Att: -12
2026-01-21 21:51:37,980 - WARNING - Alert L3: CRITICAL ALERT, Att: -14
2026-01-21 21:51:38,138 - WARNING - Alert L3: CRITICAL ALERT, Att: -16
2026-01-21 21:51:38,208 - WARNING - Alert L3: CRITICAL ALERT, Att: -18
2026-01-21 21:51:38,265 - WARNING - Alert L3: CRITICAL ALERT, Att: -19
2026-01-21 21:51:38,335 - WARNING - Alert L3: CRITICAL ALERT, Att: -19
2026-01-21 21:51:38,389 - WARNING - Alert L3: CRITICAL ALERT, Att: -16
2026-01-21 21:51:38,519 - WARNING - Alert L3: CRITICAL ALERT, Att: -14
2026-01-21 21:51:38,673 - WARNING - Alert L3: CRITICAL ALERT, Att: -12
2026-01-21 21:51:38,726 - WARNING - Alert L3: CRITICAL ALERT, Att: -12
2026-01-21 21:51:38,780 - WARNING - Alert L3: CRITICAL ALERT, Att: -12
2026-01-21 21:51:38,823 - WARNING - Alert L3: CRITICAL ALERT, Att: -12
2026-01-21 21:51:38,935 - WARNING - Alert L3: CRITICAL ALERT, Att: -12
2026-01-21 21:51:38,984 - WARNING - Alert L3: CRITICAL ALERT, Att: -12
2026-01-21 21:51:39,034 - WARNING - Alert L3: CRITICAL ALERT, Att: -12
2026-01-21 21:51:39,100 - WARNING - Alert L3: CRITICAL ALERT, Att: -12
2026-01-21 21:51:39,163 - WARNING - Alert L3: CRITICAL ALERT, Att: -12
2026-01-21 21:51:39,275 - WARNING - Alert L3: CRITICAL ALERT, Att: -12
2026-01-21 21:51:39,387 - WARNING - Alert L3: CRITICAL ALERT, Att: -12
2026-01-21 21:51:39,451 - WARNING - Alert L3: CRITICAL ALERT, Att: -12
2026-01-21 21:51:39,489 - WARNING - Alert L3: CRITICAL ALERT, Att: -12
2026-01-21 21:51:39,542 - WARNING - Alert L3: CRITICAL ALERT, Att: -12
2026-01-21 21:51:39,664 - WARNING - Alert L3: CRITICAL ALERT, Att: -12
2026-01-21 21:51:39,719 - WARNING - Alert L3: CRITICAL ALERT, Att: -12
2026-01-21 21:51:39,786 - WARNING - Alert L3: CRITICAL ALERT, Att: -12
2026-01-21 21:51:39,849 - WARNING - Alert L3: CRITICAL ALERT, Att: -12
2026-01-21 21:51:39,897 - WARNING - Alert L3: CRITICAL ALERT, Att: -13
2026-01-21 21:51:40,012 - WARNING - Alert L3: CRITICAL ALERT, Att: -13
2026-01-21 21:51:40,195 - WARNING - Alert L3: CRITICAL ALERT, Att: -13
2026-01-21 21:51:40,257 - WARNING - Alert L3: CRITICAL ALERT, Att: -13
2026-01-21 21:51:40,311 - WARNING - Alert L3: CRITICAL ALERT, Att: -13
2026-01-21 21:51:40,366 - WARNING - Alert L3: CRITICAL ALERT, Att: -13
2026-01-21 21:51:40,509 - WARNING - Alert L3: CRITICAL ALERT, Att: -13
2026-01-21 21:51:40,554 - WARNING - Alert L3: CRITICAL ALERT, Att: -13
2026-01-21 21:51:40,605 - WARNING - Alert L3: CRITICAL ALERT, Att: -13
2026-01-21 21:51:40,654 - WARNING - Alert L3: CRITICAL ALERT, Att: -13
2026-01-21 21:51:40,707 - WARNING - Alert L3: CRITICAL ALERT, Att: -13
2026-01-21 21:51:40,823 - WARNING - Alert L3: CRITICAL ALERT, Att: -13
2026-01-21 21:51:40,918 - WARNING - Alert L3: CRITICAL ALERT, Att: -13
2026-01-21 21:51:40,966 - WARNING - Alert L3: CRITICAL ALERT, Att: -13
2026-01-21 21:51:41,041 - WARNING - Alert L3: CRITICAL ALERT, Att: -13
2026-01-21 21:51:41,115 - WARNING - Alert L3: CRITICAL ALERT, Att: -13
2026-01-21 21:51:41,248 - WARNING - Alert L3: CRITICAL ALERT, Att: -13
2026-01-21 21:51:41,324 - WARNING - Alert L3: CRITICAL ALERT, Att: -13
2026-01-21 21:51:41,387 - WARNING - Alert L3: CRITICAL ALERT, Att: -13
2026-01-21 21:51:41,448 - WARNING - Alert L3: CRITICAL ALERT, Att: -13
2026-01-21 21:51:41,492 - WARNING - Alert L3: CRITICAL ALERT, Att: -14
2026-01-21 21:51:41,606 - WARNING - Alert L3: CRITICAL ALERT, Att: -16
2026-01-21 21:51:45,345 - WARNING - Alert L1: CAUTION: LOOKING UP/DOWN, Att: 100
2026-01-21 21:51:45,403 - WARNING - Alert L1: CAUTION: LOOKING UP/DOWN, Att: 100
2026-01-21 21:51:45,504 - WARNING - Alert L1: CAUTION: LOOKING UP/DOWN, Att: 100
2026-01-21 21:51:45,560 - WARNING - Alert L1: CAUTION: LOOKING UP/DOWN, Att: 100
2026-01-21 21:51:45,621 - WARNING - Alert L1: CAUTION: LOOKING UP/DOWN, Att: 100
2026-01-21 21:51:45,677 - WARNING - Alert L1: CAUTION: LOOKING UP/DOWN, Att: 80
2026-01-21 21:51:45,735 - WARNING - Alert L1: CAUTION: LOOKING UP/DOWN, Att: 80
2026-01-21 21:51:45,877 - WARNING - Alert L2: DISTRACTION: LOOKING UP/DOWN, Att: 39
2026-01-21 21:51:46,027 - WARNING - Alert L2: DISTRACTION: LOOKING UP/DOWN, Att: 32
2026-01-21 21:51:46,101 - WARNING - Alert L2: DISTRACTION: LOOKING UP/DOWN, Att: 25
2026-01-21 21:51:46,161 - WARNING - Alert L2: DISTRACTION: LOOKING SIDEWAYS, Att: 18
2026-01-21 21:51:46,207 - WARNING - Alert L2: DISTRACTION: LOOKING SIDEWAYS, Att: 11
2026-01-21 21:51:46,311 - WARNING - Alert L2: DISTRACTION: LOOKING SIDEWAYS, Att: 10
2026-01-21 21:51:46,376 - WARNING - Alert L2: DISTRACTION: LOOKING UP/DOWN, Att: 11
2026-01-21 21:51:46,427 - WARNING - Alert L2: DISTRACTION: LOOKING UP/DOWN, Att: 11
2026-01-21 21:51:46,473 - WARNING - Alert L2: DISTRACTION: LOOKING UP/DOWN, Att: 12
2026-01-21 21:51:46,518 - WARNING - Alert L2: DISTRACTION: LOOKING UP/DOWN, Att: 13
2026-01-21 21:51:46,633 - WARNING - Alert L2: DISTRACTION: LOOKING UP/DOWN, Att: 15
2026-01-21 21:51:46,743 - WARNING - Alert L2: DISTRACTION: LOOKING UP/DOWN, Att: 15
2026-01-21 21:51:46,800 - WARNING - Alert L2: DISTRACTION: LOOKING UP/DOWN, Att: 15
2026-01-21 21:51:46,846 - WARNING - Alert L2: DISTRACTION: LOOKING UP/DOWN, Att: 16
2026-01-21 21:51:46,896 - WARNING - Alert L2: DISTRACTION: LOOKING UP/DOWN, Att: 16
2026-01-21 21:51:47,014 - WARNING - Alert L2: DISTRACTION: LOOKING UP/DOWN, Att: 16
2026-01-21 21:51:47,077 - WARNING - Alert L2: DISTRACTION: LOOKING UP/DOWN, Att: 16
2026-01-21 21:51:47,122 - WARNING - Alert L2: DISTRACTION: LOOKING UP/DOWN, Att: 16
2026-01-21 21:51:47,171 - WARNING - Alert L2: DISTRACTION: LOOKING UP/DOWN, Att: 17
2026-01-21 21:51:47,221 - WARNING - Alert L2: DISTRACTION: LOOKING UP/DOWN, Att: 17
2026-01-21 21:51:47,327 - WARNING - Alert L2: DISTRACTION: LOOKING UP/DOWN, Att: 17
2026-01-21 21:51:47,461 - WARNING - Alert L2: DISTRACTION: LOOKING UP/DOWN, Att: 17
2026-01-21 21:51:47,513 - WARNING - Alert L2: DISTRACTION: LOOKING UP/DOWN, Att: 17
2026-01-21 21:51:47,559 - WARNING - Alert L2: DISTRACTION: LOOKING UP/DOWN, Att: 17
2026-01-21 21:51:47,613 - WARNING - Alert L2: DISTRACTION: LOOKING UP/DOWN, Att: 18
2026-01-21 21:51:47,715 - WARNING - Alert L3: CRITICAL ALERT, Att: -12
2026-01-21 21:51:47,784 - WARNING - Alert L3: CRITICAL ALERT, Att: -12
2026-01-21 21:51:47,873 - WARNING - Alert L3: CRITICAL ALERT, Att: -12
2026-01-21 21:51:47,950 - WARNING - Alert L3: CRITICAL ALERT, Att: -12
2026-01-21 21:51:48,005 - WARNING - Alert L3: CRITICAL ALERT, Att: -12
2026-01-21 21:51:48,132 - WARNING - Alert L3: CRITICAL ALERT, Att: -12
2026-01-21 21:51:48,241 - WARNING - Alert L3: CRITICAL ALERT, Att: -12
2026-01-21 21:51:48,302 - WARNING - Alert L3: CRITICAL ALERT, Att: -11
2026-01-21 21:51:48,352 - WARNING - Alert L3: CRITICAL ALERT, Att: -11
2026-01-21 21:51:48,406 - WARNING - Alert L3: CRITICAL ALERT, Att: -11
2026-01-21 21:51:48,510 - WARNING - Alert L3: CRITICAL ALERT, Att: -11
2026-01-21 21:51:48,562 - WARNING - Alert L3: CRITICAL ALERT, Att: -11
2026-01-21 21:51:48,612 - WARNING - Alert L3: CRITICAL ALERT, Att: -11
2026-01-21 21:51:48,659 - WARNING - Alert L3: CRITICAL ALERT, Att: -11
2026-01-21 21:51:48,704 - WARNING - Alert L3: CRITICAL ALERT, Att: -11
2026-01-21 21:51:48,815 - WARNING - Alert L3: CRITICAL ALERT, Att: -11
2026-01-21 21:51:48,918 - WARNING - Alert L3: CRITICAL ALERT, Att: -11
2026-01-21 21:51:48,977 - WARNING - Alert L3: CRITICAL ALERT, Att: -10
2026-01-21 21:51:49,026 - WARNING - Alert L3: CRITICAL ALERT, Att: -10
2026-01-21 21:51:49,082 - WARNING - Alert L3: CRITICAL ALERT, Att: -10
2026-01-21 21:51:49,195 - WARNING - Alert L3: CRITICAL ALERT, Att: -10
2026-01-21 21:51:49,248 - WARNING - Alert L3: CRITICAL ALERT, Att: -10
2026-01-21 21:51:49,297 - WARNING - Alert L3: CRITICAL ALERT, Att: -10
2026-01-21 21:51:49,354 - WARNING - Alert L3: CRITICAL ALERT, Att: -10
2026-01-21 21:51:49,409 - WARNING - Alert L3: CRITICAL ALERT, Att: -10
2026-01-21 21:51:49,520 - WARNING - Alert L3: CRITICAL ALERT, Att: -10
2026-01-21 21:51:49,622 - WARNING - Alert L3: CRITICAL ALERT, Att: -10
2026-01-21 21:51:49,683 - WARNING - Alert L3: CRITICAL ALERT, Att: -10
2026-01-21 21:51:49,725 - WARNING - Alert L3: CRITICAL ALERT, Att: -10
2026-01-21 21:51:49,775 - WARNING - Alert L3: CRITICAL ALERT, Att: -10
2026-01-21 21:51:49,885 - WARNING - Alert L3: CRITICAL ALERT, Att: -10
2026-01-21 21:51:49,936 - WARNING - Alert L3: CRITICAL ALERT, Att: -10
2026-01-21 21:51:49,984 - WARNING - Alert L3: CRITICAL ALERT, Att: -9
2026-01-21 21:51:50,040 - WARNING - Alert L3: CRITICAL ALERT, Att: -9
2026-01-21 21:51:50,093 - WARNING - Alert L3: CRITICAL ALERT, Att: -9
2026-01-21 21:51:50,207 - WARNING - Alert L3: CRITICAL ALERT, Att: -9
2026-01-21 21:51:50,318 - WARNING - Alert L3: CRITICAL ALERT, Att: -9
2026-01-21 21:51:50,395 - WARNING - Alert L3: CRITICAL ALERT, Att: -9
2026-01-21 21:51:50,449 - WARNING - Alert L3: CRITICAL ALERT, Att: -9
2026-01-21 21:51:50,500 - WARNING - Alert L3: CRITICAL ALERT, Att: -9
2026-01-21 21:51:50,608 - WARNING - Alert L3: CRITICAL ALERT, Att: -9
2026-01-21 21:51:50,667 - WARNING - Alert L3: CRITICAL ALERT, Att: -9
2026-01-21 21:51:50,725 - WARNING - Alert L3: CRITICAL ALERT, Att: -9
2026-01-21 21:51:50,779 - WARNING - Alert L3: CRITICAL ALERT, Att: -9
2026-01-21 21:51:50,839 - WARNING - Alert L3: CRITICAL ALERT, Att: -9
2026-01-21 21:51:50,961 - WARNING - Alert L3: CRITICAL ALERT, Att: -9
2026-01-21 21:51:51,075 - WARNING - Alert L3: CRITICAL ALERT, Att: -9
2026-01-21 21:51:51,142 - WARNING - Alert L3: CRITICAL ALERT, Att: -9
2026-01-21 21:51:51,192 - WARNING - Alert L3: CRITICAL ALERT, Att: -9
2026-01-21 21:51:51,240 - WARNING - Alert L3: CRITICAL ALERT, Att: -9
2026-01-21 21:51:51,350 - WARNING - Alert L3: CRITICAL ALERT, Att: -9
2026-01-21 21:51:51,403 - WARNING - Alert L3: CRITICAL ALERT, Att: -9
2026-01-21 21:51:51,449 - WARNING - Alert L3: CRITICAL ALERT, Att: -9
2026-01-21 21:51:51,510 - WARNING - Alert L3: CRITICAL ALERT, Att: -8
2026-01-21 21:51:51,565 - WARNING - Alert L3: CRITICAL ALERT, Att: -8
2026-01-21 21:51:51,678 - WARNING - Alert L3: CRITICAL ALERT, Att: -8
2026-01-21 21:51:51,782 - WARNING - Alert L3: CRITICAL ALERT, Att: -8
2026-01-21 21:51:51,838 - WARNING - Alert L3: CRITICAL ALERT, Att: -8
2026-01-21 21:51:51,889 - WARNING - Alert L3: CRITICAL ALERT, Att: -8
2026-01-21 21:51:51,936 - WARNING - Alert L3: CRITICAL ALERT, Att: -8
2026-01-21 21:51:52,045 - WARNING - Alert L3: CRITICAL ALERT, Att: -8
2026-01-21 21:51:52,105 - WARNING - Alert L3: CRITICAL ALERT, Att: -8
2026-01-21 21:51:52,151 - WARNING - Alert L3: CRITICAL ALERT, Att: -8
2026-01-21 21:51:52,201 - WARNING - Alert L3: CRITICAL ALERT, Att: -8
2026-01-21 21:51:52,247 - WARNING - Alert L3: CRITICAL ALERT, Att: -8
2026-01-21 21:51:52,356 - WARNING - Alert L3: CRITICAL ALERT, Att: -8
2026-01-21 21:51:52,457 - WARNING - Alert L3: CRITICAL ALERT, Att: -8
2026-01-21 21:51:52,518 - WARNING - Alert L3: CRITICAL ALERT, Att: -8
2026-01-21 21:51:52,568 - WARNING - Alert L3: CRITICAL ALERT, Att: -8
2026-01-21 21:51:52,615 - WARNING - Alert L3: CRITICAL ALERT, Att: -8
2026-01-21 21:51:52,717 - WARNING - Alert L3: CRITICAL ALERT, Att: -8
2026-01-21 21:51:52,766 - WARNING - Alert L3: CRITICAL ALERT, Att: -8
2026-01-21 21:51:52,824 - WARNING - Alert L3: CRITICAL ALERT, Att: -8
2026-01-21 21:51:52,899 - WARNING - Alert L3: CRITICAL ALERT, Att: -8
2026-01-21 21:51:52,952 - WARNING - Alert L3: CRITICAL ALERT, Att: -8
2026-01-21 21:51:53,060 - WARNING - Alert L3: CRITICAL ALERT, Att: -8
2026-01-21 21:51:53,173 - WARNING - Alert L3: CRITICAL ALERT, Att: -8
2026-01-21 21:51:53,232 - WARNING - Alert L3: CRITICAL ALERT, Att: -8
2026-01-21 21:51:53,284 - WARNING - Alert L3: CRITICAL ALERT, Att: -8
2026-01-21 21:51:53,337 - WARNING - Alert L3: CRITICAL ALERT, Att: -8
2026-01-21 21:51:53,447 - WARNING - Alert L3: CRITICAL ALERT, Att: -8
2026-01-21 21:51:53,514 - WARNING - Alert L3: CRITICAL ALERT, Att: -8
2026-01-21 21:51:53,566 - WARNING - Alert L3: CRITICAL ALERT, Att: -8
2026-01-21 21:51:53,621 - WARNING - Alert L3: CRITICAL ALERT, Att: -8
2026-01-21 21:51:53,671 - WARNING - Alert L3: CRITICAL ALERT, Att: -8
2026-01-21 21:51:53,806 - WARNING - Alert L3: CRITICAL ALERT, Att: -8
2026-01-21 21:51:53,924 - WARNING - Alert L3: CRITICAL ALERT, Att: -7
2026-01-21 21:51:53,981 - WARNING - Alert L3: CRITICAL ALERT, Att: -7
2026-01-21 21:51:54,032 - WARNING - Alert L3: CRITICAL ALERT, Att: -7
2026-01-21 21:51:54,089 - WARNING - Alert L3: CRITICAL ALERT, Att: -7
2026-01-21 21:51:54,188 - WARNING - Alert L3: CRITICAL ALERT, Att: -7
2026-01-21 21:51:54,241 - WARNING - Alert L3: CRITICAL ALERT, Att: -7
2026-01-21 21:51:54,295 - WARNING - Alert L3: CRITICAL ALERT, Att: -7
2026-01-21 21:51:54,346 - WARNING - Alert L3: CRITICAL ALERT, Att: -7
2026-01-21 21:51:54,391 - WARNING - Alert L3: CRITICAL ALERT, Att: -7
2026-01-21 21:51:54,501 - WARNING - Alert L3: CRITICAL ALERT, Att: -7
2026-01-21 21:51:54,598 - WARNING - Alert L3: CRITICAL ALERT, Att: -7
2026-01-21 21:51:54,660 - WARNING - Alert L3: CRITICAL ALERT, Att: -7
2026-01-21 21:51:54,706 - WARNING - Alert L3: CRITICAL ALERT, Att: -7
2026-01-21 21:51:54,760 - WARNING - Alert L3: CRITICAL ALERT, Att: -7
2026-01-21 21:51:54,861 - WARNING - Alert L3: CRITICAL ALERT, Att: -7
2026-01-21 21:51:54,921 - WARNING - Alert L3: CRITICAL ALERT, Att: -7
2026-01-21 21:51:54,970 - WARNING - Alert L3: CRITICAL ALERT, Att: -7
2026-01-21 21:51:55,038 - WARNING - Alert L3: CRITICAL ALERT, Att: -7
2026-01-21 21:51:55,095 - WARNING - Alert L3: CRITICAL ALERT, Att: -6
2026-01-21 21:51:55,205 - WARNING - Alert L3: CRITICAL ALERT, Att: -6
2026-01-21 21:51:55,337 - WARNING - Alert L3: CRITICAL ALERT, Att: -6
2026-01-21 21:51:55,401 - WARNING - Alert L3: CRITICAL ALERT, Att: -6
2026-01-21 21:51:55,449 - WARNING - Alert L3: CRITICAL ALERT, Att: -6
2026-01-21 21:51:55,507 - WARNING - Alert L3: CRITICAL ALERT, Att: -6
2026-01-21 21:51:55,625 - WARNING - Alert L3: CRITICAL ALERT, Att: -6
2026-01-21 21:51:55,687 - WARNING - Alert L3: CRITICAL ALERT, Att: -6
2026-01-21 21:51:55,735 - WARNING - Alert L3: CRITICAL ALERT, Att: -6
2026-01-21 21:51:55,793 - WARNING - Alert L3: CRITICAL ALERT, Att: -6
2026-01-21 21:51:55,840 - WARNING - Alert L3: CRITICAL ALERT, Att: -6
2026-01-21 21:51:55,961 - WARNING - Alert L3: CRITICAL ALERT, Att: -6
2026-01-21 21:51:56,090 - WARNING - Alert L3: CRITICAL ALERT, Att: -6
2026-01-21 21:51:56,157 - WARNING - Alert L3: CRITICAL ALERT, Att: -5
2026-01-21 21:51:56,212 - WARNING - Alert L3: CRITICAL ALERT, Att: -5
2026-01-21 21:51:56,283 - WARNING - Alert L3: CRITICAL ALERT, Att: -5
2026-01-21 21:51:56,414 - WARNING - Alert L3: CRITICAL ALERT, Att: -5
2026-01-21 21:51:56,473 - WARNING - Alert L3: CRITICAL ALERT, Att: -5
2026-01-21 21:51:56,524 - WARNING - Alert L3: CRITICAL ALERT, Att: -5
2026-01-21 21:51:56,587 - WARNING - Alert L3: CRITICAL ALERT, Att: -5
2026-01-21 21:51:56,648 - WARNING - Alert L3: CRITICAL ALERT, Att: -5
2026-01-21 21:51:56,773 - WARNING - Alert L3: CRITICAL ALERT, Att: -5
2026-01-21 21:51:56,896 - WARNING - Alert L3: CRITICAL ALERT, Att: -5
2026-01-21 21:51:56,953 - WARNING - Alert L3: CRITICAL ALERT, Att: -5
2026-01-21 21:51:57,005 - WARNING - Alert L3: CRITICAL ALERT, Att: -5
2026-01-21 21:51:57,062 - WARNING - Alert L3: CRITICAL ALERT, Att: -5
2026-01-21 21:51:57,173 - WARNING - Alert L3: CRITICAL ALERT, Att: -5
2026-01-21 21:51:57,229 - WARNING - Alert L3: CRITICAL ALERT, Att: -5
2026-01-21 21:51:57,275 - WARNING - Alert L3: CRITICAL ALERT, Att: -5
2026-01-21 21:51:57,330 - WARNING - Alert L3: CRITICAL ALERT, Att: -5
2026-01-21 21:51:57,383 - WARNING - Alert L3: CRITICAL ALERT, Att: -5
2026-01-21 21:51:57,500 - WARNING - Alert L3: CRITICAL ALERT, Att: -5
2026-01-21 21:51:57,593 - WARNING - Alert L3: CRITICAL ALERT, Att: -5
2026-01-21 21:51:57,659 - WARNING - Alert L3: CRITICAL ALERT, Att: -5
2026-01-21 21:51:57,708 - WARNING - Alert L3: CRITICAL ALERT, Att: -5
2026-01-21 21:51:57,760 - WARNING - Alert L3: CRITICAL ALERT, Att: -5
2026-01-21 21:51:57,869 - WARNING - Alert L3: CRITICAL ALERT, Att: -5
2026-01-21 21:51:57,925 - WARNING - Alert L3: CRITICAL ALERT, Att: -5
2026-01-21 21:51:57,977 - WARNING - Alert L3: CRITICAL ALERT, Att: -5
2026-01-21 21:51:58,036 - WARNING - Alert L3: CRITICAL ALERT, Att: -5
2026-01-21 21:51:58,087 - WARNING - Alert L3: CRITICAL ALERT, Att: -5
2026-01-21 21:51:58,226 - WARNING - Alert L3: CRITICAL ALERT, Att: -5
2026-01-21 21:51:58,354 - WARNING - Alert L3: CRITICAL ALERT, Att: -5
2026-01-21 21:51:58,409 - WARNING - Alert L3: CRITICAL ALERT, Att: -5
2026-01-21 21:51:58,461 - WARNING - Alert L3: CRITICAL ALERT, Att: -5
2026-01-21 21:51:58,514 - WARNING - Alert L3: CRITICAL ALERT, Att: -5
2026-01-21 21:51:58,617 - WARNING - Alert L3: CRITICAL ALERT, Att: -5
2026-01-21 21:51:58,666 - WARNING - Alert L3: CRITICAL ALERT, Att: -5
2026-01-21 21:51:58,710 - WARNING - Alert L3: CRITICAL ALERT, Att: -5
2026-01-21 21:51:58,767 - WARNING - Alert L3: CRITICAL ALERT, Att: -5
2026-01-21 21:51:58,815 - WARNING - Alert L3: CRITICAL ALERT, Att: -5
2026-01-21 21:51:58,934 - WARNING - Alert L3: CRITICAL ALERT, Att: -5
2026-01-21 21:51:59,061 - WARNING - Alert L3: CRITICAL ALERT, Att: -5
2026-01-21 21:51:59,113 - WARNING - Alert L3: CRITICAL ALERT, Att: -5
2026-01-21 21:51:59,169 - WARNING - Alert L3: CRITICAL ALERT, Att: -5
2026-01-21 21:51:59,224 - WARNING - Alert L3: CRITICAL ALERT, Att: -5
2026-01-21 21:51:59,341 - WARNING - Alert L3: CRITICAL ALERT, Att: -5
2026-01-21 21:51:59,398 - WARNING - Alert L3: CRITICAL ALERT, Att: -5
2026-01-21 21:51:59,447 - WARNING - Alert L3: CRITICAL ALERT, Att: -5
2026-01-21 21:51:59,507 - WARNING - Alert L3: CRITICAL ALERT, Att: -5
2026-01-21 21:51:59,561 - WARNING - Alert L3: CRITICAL ALERT, Att: -5
2026-01-21 21:51:59,689 - WARNING - Alert L3: CRITICAL ALERT, Att: -5
2026-01-21 21:51:59,780 - WARNING - Alert L3: CRITICAL ALERT, Att: -5
2026-01-21 21:51:59,842 - WARNING - Alert L3: CRITICAL ALERT, Att: -5
2026-01-21 21:51:59,897 - WARNING - Alert L3: CRITICAL ALERT, Att: -5
2026-01-21 21:51:59,941 - WARNING - Alert L3: CRITICAL ALERT, Att: -5
2026-01-21 21:52:00,055 - WARNING - Alert L3: CRITICAL ALERT, Att: -5
2026-01-21 21:52:00,116 - WARNING - Alert L3: CRITICAL ALERT, Att: -5
2026-01-21 21:52:00,163 - WARNING - Alert L3: CRITICAL ALERT, Att: -5
2026-01-21 21:52:00,209 - WARNING - Alert L3: CRITICAL ALERT, Att: -5
2026-01-21 21:52:00,261 - WARNING - Alert L3: CRITICAL ALERT, Att: -5
2026-01-21 21:52:00,380 - WARNING - Alert L3: CRITICAL ALERT, Att: -5
2026-01-21 21:52:00,493 - WARNING - Alert L3: CRITICAL ALERT, Att: -5
2026-01-21 21:52:00,558 - WARNING - Alert L3: CRITICAL ALERT, Att: -5
2026-01-21 21:52:00,605 - WARNING - Alert L3: CRITICAL ALERT, Att: -5
2026-01-21 21:52:00,662 - WARNING - Alert L3: CRITICAL ALERT, Att: -5
2026-01-21 21:52:00,775 - WARNING - Alert L3: CRITICAL ALERT, Att: -5
2026-01-21 21:52:00,821 - WARNING - Alert L3: CRITICAL ALERT, Att: -5
2026-01-21 21:52:00,870 - WARNING - Alert L3: CRITICAL ALERT, Att: -5
2026-01-21 21:52:00,924 - WARNING - Alert L3: CRITICAL ALERT, Att: -5
2026-01-21 21:52:00,973 - WARNING - Alert L3: CRITICAL ALERT, Att: -5
2026-01-21 21:52:01,099 - WARNING - Alert L3: CRITICAL ALERT, Att: -5
2026-01-21 21:52:01,184 - WARNING - Alert L3: CRITICAL ALERT, Att: -5
2026-01-21 21:52:01,248 - WARNING - Alert L3: CRITICAL ALERT, Att: -5
2026-01-21 21:52:01,303 - WARNING - Alert L3: CRITICAL ALERT, Att: -5
2026-01-21 21:52:01,367 - WARNING - Alert L3: CRITICAL ALERT, Att: -5
2026-01-21 21:52:01,473 - WARNING - Alert L3: CRITICAL ALERT, Att: -5
2026-01-21 21:52:01,528 - WARNING - Alert L3: CRITICAL ALERT, Att: -5
2026-01-21 21:52:01,583 - WARNING - Alert L3: CRITICAL ALERT, Att: -5
2026-01-21 21:52:01,634 - WARNING - Alert L3: CRITICAL ALERT, Att: -5
2026-01-21 21:52:01,678 - WARNING - Alert L3: CRITICAL ALERT, Att: -5
2026-01-21 21:52:01,789 - WARNING - Alert L3: CRITICAL ALERT, Att: -5
2026-01-21 21:52:01,971 - WARNING - Alert L3: CRITICAL ALERT, Att: -5
2026-01-21 21:52:02,044 - WARNING - Alert L3: CRITICAL ALERT, Att: -5
2026-01-21 21:52:02,224 - WARNING - Alert L3: CRITICAL ALERT, Att: -5
2026-01-21 21:52:02,326 - WARNING - Alert L3: CRITICAL ALERT, Att: -5
2026-01-21 21:52:02,387 - WARNING - Alert L3: CRITICAL ALERT, Att: -5
2026-01-21 21:52:02,442 - WARNING - Alert L3: CRITICAL ALERT, Att: -5
2026-01-21 21:52:02,555 - WARNING - Alert L3: CRITICAL ALERT, Att: -5
2026-01-21 21:52:02,653 - WARNING - Alert L3: CRITICAL ALERT, Att: -5
2026-01-21 21:52:02,733 - WARNING - Alert L3: CRITICAL ALERT, Att: -5
2026-01-21 21:52:02,782 - WARNING - Alert L3: CRITICAL ALERT, Att: -5
2026-01-21 21:52:02,832 - WARNING - Alert L3: CRITICAL ALERT, Att: -5
2026-01-21 21:52:02,953 - WARNING - Alert L3: CRITICAL ALERT, Att: -5
2026-01-21 21:52:03,003 - WARNING - Alert L3: CRITICAL ALERT, Att: -5
2026-01-21 21:52:03,060 - WARNING - Alert L3: CRITICAL ALERT, Att: -5
2026-01-21 21:52:03,137 - WARNING - Alert L3: CRITICAL ALERT, Att: -5
2026-01-21 21:52:03,208 - WARNING - Alert L3: CRITICAL ALERT, Att: -5
2026-01-21 21:52:03,330 - WARNING - Alert L3: CRITICAL ALERT, Att: -5
2026-01-21 21:52:03,453 - WARNING - Alert L3: CRITICAL ALERT, Att: -5
2026-01-21 21:52:03,520 - WARNING - Alert L3: CRITICAL ALERT, Att: -5
2026-01-21 21:52:03,581 - WARNING - Alert L3: CRITICAL ALERT, Att: -5
2026-01-21 21:52:03,642 - WARNING - Alert L3: CRITICAL ALERT, Att: -5
2026-01-21 21:52:03,758 - WARNING - Alert L3: CRITICAL ALERT, Att: -5
2026-01-21 21:52:03,809 - WARNING - Alert L3: CRITICAL ALERT, Att: -5
2026-01-21 21:52:03,866 - WARNING - Alert L3: CRITICAL ALERT, Att: -5
2026-01-21 21:52:03,925 - WARNING - Alert L3: CRITICAL ALERT, Att: -5
2026-01-21 21:52:03,980 - WARNING - Alert L3: CRITICAL ALERT, Att: -5
2026-01-21 21:52:04,105 - WARNING - Alert L3: CRITICAL ALERT, Att: -5
2026-01-21 21:52:04,214 - WARNING - Alert L3: CRITICAL ALERT, Att: -5
2026-01-21 21:52:04,283 - WARNING - Alert L3: CRITICAL ALERT, Att: -5
2026-01-21 21:52:04,330 - WARNING - Alert L3: CRITICAL ALERT, Att: -5
2026-01-21 21:52:04,392 - WARNING - Alert L3: CRITICAL ALERT, Att: -5
2026-01-21 21:52:04,525 - WARNING - Alert L3: CRITICAL ALERT, Att: -5
2026-01-21 21:52:04,588 - WARNING - Alert L3: CRITICAL ALERT, Att: -5
2026-01-21 21:52:04,667 - WARNING - Alert L3: CRITICAL ALERT, Att: -5
2026-01-21 21:52:04,762 - WARNING - Alert L3: CRITICAL ALERT, Att: -5
2026-01-21 21:52:04,827 - WARNING - Alert L3: CRITICAL ALERT, Att: -5
2026-01-21 21:52:04,984 - WARNING - Alert L3: CRITICAL ALERT, Att: -5
2026-01-21 21:52:05,191 - WARNING - Alert L3: CRITICAL ALERT, Att: -5
2026-01-21 21:52:05,257 - WARNING - Alert L3: CRITICAL ALERT, Att: -5
2026-01-21 21:52:05,323 - WARNING - Alert L3: CRITICAL ALERT, Att: -5
2026-01-21 21:52:05,389 - WARNING - Alert L3: CRITICAL ALERT, Att: -5
2026-01-21 21:52:05,515 - WARNING - Alert L3: CRITICAL ALERT, Att: -5
2026-01-21 21:52:05,590 - WARNING - Alert L3: CRITICAL ALERT, Att: -5
2026-01-21 21:52:05,645 - WARNING - Alert L3: CRITICAL ALERT, Att: -5
2026-01-21 21:52:05,701 - WARNING - Alert L3: CRITICAL ALERT, Att: -5
2026-01-21 21:52:05,746 - WARNING - Alert L3: CRITICAL ALERT, Att: -5
2026-01-21 21:52:05,873 - WARNING - Alert L3: CRITICAL ALERT, Att: -5
2026-01-21 21:52:06,040 - WARNING - Alert L3: CRITICAL ALERT, Att: -7
2026-01-21 21:52:06,103 - WARNING - Alert L3: CRITICAL ALERT, Att: -9
2026-01-21 21:52:06,159 - WARNING - Alert L3: CRITICAL ALERT, Att: -11
2026-01-21 21:52:06,219 - WARNING - Alert L3: CRITICAL ALERT, Att: -13
2026-01-21 21:52:06,341 - WARNING - Alert L3: CRITICAL ALERT, Att: -15
2026-01-21 21:52:06,406 - WARNING - Alert L3: CRITICAL ALERT, Att: -15
2026-01-21 21:52:06,462 - WARNING - Alert L3: CRITICAL ALERT, Att: -15
2026-01-21 21:52:06,523 - WARNING - Alert L3: CRITICAL ALERT, Att: -15
2026-01-21 21:52:06,572 - WARNING - Alert L3: CRITICAL ALERT, Att: -15
2026-01-21 21:52:06,691 - WARNING - Alert L3: CRITICAL ALERT, Att: -15
2026-01-21 21:52:06,818 - WARNING - Alert L3: CRITICAL ALERT, Att: -15
2026-01-21 21:52:06,884 - WARNING - Alert L3: CRITICAL ALERT, Att: -15
2026-01-21 21:52:06,939 - WARNING - Alert L3: CRITICAL ALERT, Att: -15
2026-01-21 21:52:06,993 - WARNING - Alert L3: CRITICAL ALERT, Att: -15
2026-01-21 21:52:07,117 - WARNING - Alert L3: CRITICAL ALERT, Att: -15
2026-01-21 21:52:07,185 - WARNING - Alert L3: CRITICAL ALERT, Att: -15
2026-01-21 21:52:07,266 - WARNING - Alert L3: CRITICAL ALERT, Att: -15
2026-01-21 21:52:07,348 - WARNING - Alert L3: CRITICAL ALERT, Att: -15
2026-01-21 21:52:07,405 - WARNING - Alert L3: CRITICAL ALERT, Att: -15
2026-01-21 21:52:07,529 - WARNING - Alert L3: CRITICAL ALERT, Att: -15
2026-01-21 21:52:07,729 - WARNING - Alert L3: CRITICAL ALERT, Att: -15
2026-01-21 21:52:07,783 - WARNING - Alert L3: CRITICAL ALERT, Att: -15
2026-01-21 21:52:07,831 - WARNING - Alert L3: CRITICAL ALERT, Att: -15
2026-01-21 21:52:07,885 - WARNING - Alert L3: CRITICAL ALERT, Att: -15
2026-01-21 21:52:07,993 - WARNING - Alert L3: CRITICAL ALERT, Att: -15
2026-01-21 21:52:08,044 - WARNING - Alert L3: CRITICAL ALERT, Att: -15
2026-01-21 21:52:08,094 - WARNING - Alert L3: CRITICAL ALERT, Att: -15
2026-01-21 21:52:08,147 - WARNING - Alert L3: CRITICAL ALERT, Att: -15
2026-01-21 21:52:08,194 - WARNING - Alert L3: CRITICAL ALERT, Att: -15
2026-01-21 21:52:08,309 - WARNING - Alert L3: CRITICAL ALERT, Att: -15
2026-01-21 21:52:08,418 - WARNING - Alert L3: CRITICAL ALERT, Att: -15
2026-01-21 21:52:08,479 - WARNING - Alert L3: CRITICAL ALERT, Att: -15
2026-01-21 21:52:08,537 - WARNING - Alert L3: CRITICAL ALERT, Att: -15
2026-01-21 21:52:08,589 - WARNING - Alert L3: CRITICAL ALERT, Att: -15
2026-01-21 21:52:08,697 - WARNING - Alert L3: CRITICAL ALERT, Att: -15
2026-01-21 21:52:08,742 - WARNING - Alert L3: CRITICAL ALERT, Att: -15
2026-01-21 21:52:08,790 - WARNING - Alert L3: CRITICAL ALERT, Att: -15
2026-01-21 21:52:08,833 - WARNING - Alert L3: CRITICAL ALERT, Att: -15
2026-01-21 21:52:08,881 - WARNING - Alert L3: CRITICAL ALERT, Att: -15
2026-01-21 21:52:08,995 - WARNING - Alert L3: CRITICAL ALERT, Att: -15
2026-01-21 21:52:09,087 - WARNING - Alert L3: CRITICAL ALERT, Att: -15
2026-01-21 21:52:09,146 - WARNING - Alert L3: CRITICAL ALERT, Att: -15
2026-01-21 21:52:09,195 - WARNING - Alert L3: CRITICAL ALERT, Att: -15
2026-01-21 21:52:09,246 - WARNING - Alert L3: CRITICAL ALERT, Att: -15
2026-01-21 21:52:09,347 - WARNING - Alert L3: CRITICAL ALERT, Att: -15
2026-01-21 21:52:09,396 - WARNING - Alert L3: CRITICAL ALERT, Att: -16
2026-01-21 21:52:09,445 - WARNING - Alert L3: CRITICAL ALERT, Att: -16
2026-01-21 21:52:09,497 - WARNING - Alert L3: CRITICAL ALERT, Att: -16
2026-01-21 21:52:09,545 - WARNING - Alert L3: CRITICAL ALERT, Att: -16
2026-01-21 21:52:09,655 - WARNING - Alert L3: CRITICAL ALERT, Att: -16
2026-01-21 21:52:09,742 - WARNING - Alert L3: CRITICAL ALERT, Att: -15
2026-01-21 21:52:09,806 - WARNING - Alert L3: CRITICAL ALERT, Att: -15
2026-01-21 21:52:09,861 - WARNING - Alert L3: CRITICAL ALERT, Att: -15
2026-01-21 21:52:09,912 - WARNING - Alert L3: CRITICAL ALERT, Att: -15
2026-01-21 21:52:10,018 - WARNING - Alert L3: CRITICAL ALERT, Att: -15
2026-01-21 21:52:10,067 - WARNING - Alert L3: CRITICAL ALERT, Att: -15
2026-01-21 21:52:10,113 - WARNING - Alert L3: CRITICAL ALERT, Att: -15
2026-01-21 21:52:10,165 - WARNING - Alert L3: CRITICAL ALERT, Att: -15
2026-01-21 21:52:10,219 - WARNING - Alert L3: CRITICAL ALERT, Att: -15
2026-01-21 21:52:10,337 - WARNING - Alert L3: CRITICAL ALERT, Att: -15
2026-01-21 21:52:10,480 - WARNING - Alert L3: CRITICAL ALERT, Att: -15
2026-01-21 21:52:10,547 - WARNING - Alert L3: CRITICAL ALERT, Att: -16
2026-01-21 21:52:10,609 - WARNING - Alert L3: CRITICAL ALERT, Att: -17
2026-01-21 21:52:10,755 - WARNING - Alert L3: CRITICAL ALERT, Att: -18
2026-01-21 21:52:10,815 - WARNING - Alert L3: CRITICAL ALERT, Att: -18
2026-01-21 21:52:10,867 - WARNING - Alert L3: CRITICAL ALERT, Att: -18
2026-01-21 21:52:10,930 - WARNING - Alert L3: CRITICAL ALERT, Att: -17
2026-01-21 21:52:10,981 - WARNING - Alert L3: CRITICAL ALERT, Att: -16
2026-01-21 21:52:11,097 - WARNING - Alert L3: CRITICAL ALERT, Att: -15
2026-01-21 21:52:11,220 - WARNING - Alert L3: CRITICAL ALERT, Att: -15
2026-01-21 21:52:11,295 - WARNING - Alert L3: CRITICAL ALERT, Att: -15
2026-01-21 21:52:11,355 - WARNING - Alert L3: CRITICAL ALERT, Att: -15
2026-01-21 21:52:11,413 - WARNING - Alert L3: CRITICAL ALERT, Att: -15
2026-01-21 21:52:11,551 - WARNING - Alert L3: CRITICAL ALERT, Att: -15
2026-01-21 21:52:11,613 - WARNING - Alert L3: CRITICAL ALERT, Att: -16
2026-01-21 21:52:11,662 - WARNING - Alert L3: CRITICAL ALERT, Att: -16
2026-01-21 21:52:11,707 - WARNING - Alert L3: CRITICAL ALERT, Att: -16
2026-01-21 21:52:11,751 - WARNING - Alert L3: CRITICAL ALERT, Att: -16
2026-01-21 21:52:11,926 - WARNING - Alert L3: CRITICAL ALERT, Att: -16
2026-01-21 21:52:12,130 - WARNING - Alert L3: CRITICAL ALERT, Att: -15
2026-01-21 21:52:12,188 - WARNING - Alert L3: CRITICAL ALERT, Att: -15
2026-01-21 21:52:12,233 - WARNING - Alert L3: CRITICAL ALERT, Att: -15
2026-01-21 21:52:12,282 - WARNING - Alert L3: CRITICAL ALERT, Att: -15
2026-01-21 21:52:12,396 - WARNING - Alert L3: CRITICAL ALERT, Att: -15
2026-01-21 21:52:12,456 - WARNING - Alert L3: CRITICAL ALERT, Att: -15
2026-01-21 21:52:12,515 - WARNING - Alert L3: CRITICAL ALERT, Att: -15
2026-01-21 21:52:12,589 - WARNING - Alert L3: CRITICAL ALERT, Att: -15
2026-01-21 21:52:12,646 - WARNING - Alert L3: CRITICAL ALERT, Att: -15
2026-01-21 21:52:12,791 - WARNING - Alert L3: CRITICAL ALERT, Att: -15
2026-01-21 21:52:12,945 - WARNING - Alert L3: CRITICAL ALERT, Att: -15
2026-01-21 21:52:13,025 - WARNING - Alert L3: CRITICAL ALERT, Att: -15
2026-01-21 21:52:13,082 - WARNING - Alert L3: CRITICAL ALERT, Att: -15
2026-01-21 21:52:13,133 - WARNING - Alert L3: CRITICAL ALERT, Att: -15
2026-01-21 21:52:13,230 - WARNING - Alert L3: CRITICAL ALERT, Att: -15
2026-01-21 21:52:13,287 - WARNING - Alert L3: CRITICAL ALERT, Att: -15
2026-01-21 21:52:13,334 - WARNING - Alert L3: CRITICAL ALERT, Att: -15
2026-01-21 21:52:13,376 - WARNING - Alert L3: CRITICAL ALERT, Att: -15
2026-01-21 21:52:13,420 - WARNING - Alert L3: CRITICAL ALERT, Att: -15
2026-01-21 21:52:37,377 - WARNING - Alert L2: DISTRACTION: LOOKING UP/DOWN, Att: 26
2026-01-21 21:52:37,420 - WARNING - Alert L2: DISTRACTION: LOOKING UP/DOWN, Att: 26
2026-01-21 21:52:37,476 - WARNING - Alert L2: DISTRACTION: LOOKING UP/DOWN, Att: 26
2026-01-21 21:52:37,536 - WARNING - Alert L2: DISTRACTION: LOOKING UP/DOWN, Att: 25
2026-01-21 21:52:37,690 - WARNING - Alert L2: DISTRACTION: LOOKING UP/DOWN, Att: 25
2026-01-21 21:52:37,725 - WARNING - Alert L2: DISTRACTION: LOOKING UP/DOWN, Att: 25
2026-01-21 21:52:37,767 - WARNING - Alert L2: DISTRACTION: LOOKING UP/DOWN, Att: 25
2026-01-21 21:52:37,810 - WARNING - Alert L2: DISTRACTION: LOOKING UP/DOWN, Att: 25
2026-01-21 21:52:37,851 - WARNING - Alert L2: DISTRACTION: LOOKING UP/DOWN, Att: 25
2026-01-21 21:52:37,959 - WARNING - Alert L2: DISTRACTION: LOOKING UP/DOWN, Att: 25
2026-01-21 21:52:38,069 - WARNING - Alert L2: DISTRACTION: LOOKING UP/DOWN, Att: 25
2026-01-21 21:52:38,109 - WARNING - Alert L2: DISTRACTION: LOOKING UP/DOWN, Att: 25
2026-01-21 21:52:38,158 - WARNING - Alert L2: DISTRACTION: LOOKING UP/DOWN, Att: 25
2026-01-21 21:52:38,215 - WARNING - Alert L2: DISTRACTION: LOOKING UP/DOWN, Att: 25
2026-01-21 21:52:38,343 - WARNING - Alert L2: DISTRACTION: LOOKING UP/DOWN, Att: 25
2026-01-21 21:52:38,399 - WARNING - Alert L2: DISTRACTION: LOOKING UP/DOWN, Att: 25
2026-01-21 21:52:38,447 - WARNING - Alert L2: DISTRACTION: LOOKING UP/DOWN, Att: 25
2026-01-21 21:52:38,498 - WARNING - Alert L2: DISTRACTION: LOOKING UP/DOWN, Att: 25
2026-01-21 21:52:38,542 - WARNING - Alert L2: DISTRACTION: LOOKING UP/DOWN, Att: -5
2026-01-21 21:52:38,723 - WARNING - Alert L2: DISTRACTION: LOOKING UP/DOWN, Att: -5
2026-01-21 21:52:38,819 - WARNING - Alert L2: DISTRACTION: LOOKING UP/DOWN, Att: -5
2026-01-21 21:52:38,861 - WARNING - Alert L2: DISTRACTION: LOOKING UP/DOWN, Att: -5
2026-01-21 21:52:38,911 - WARNING - Alert L3: CRITICAL ALERT, Att: -5
2026-01-21 21:52:38,958 - WARNING - Alert L3: CRITICAL ALERT, Att: -5
2026-01-21 21:52:39,127 - WARNING - Alert L3: CRITICAL ALERT, Att: -5
2026-01-21 21:52:39,174 - WARNING - Alert L3: CRITICAL ALERT, Att: -5
2026-01-21 21:52:39,220 - WARNING - Alert L3: CRITICAL ALERT, Att: -5
2026-01-21 21:52:39,263 - WARNING - Alert L3: CRITICAL ALERT, Att: -5
2026-01-21 21:52:39,305 - WARNING - Alert L3: CRITICAL ALERT, Att: -5
2026-01-21 21:52:39,413 - WARNING - Alert L3: CRITICAL ALERT, Att: -5
2026-01-21 21:52:39,502 - WARNING - Alert L3: CRITICAL ALERT, Att: -5
2026-01-21 21:52:39,540 - WARNING - Alert L3: CRITICAL ALERT, Att: -5
2026-01-21 21:52:39,586 - WARNING - Alert L3: CRITICAL ALERT, Att: -5
2026-01-21 21:52:39,629 - WARNING - Alert L3: CRITICAL ALERT, Att: -5
2026-01-21 21:52:39,730 - WARNING - Alert L3: CRITICAL ALERT, Att: -5
2026-01-21 21:52:39,774 - WARNING - Alert L3: CRITICAL ALERT, Att: -5
2026-01-21 21:52:39,816 - WARNING - Alert L3: CRITICAL ALERT, Att: -5
2026-01-21 21:52:39,861 - WARNING - Alert L3: CRITICAL ALERT, Att: -5
2026-01-21 21:52:39,909 - WARNING - Alert L3: CRITICAL ALERT, Att: -5
2026-01-21 21:52:40,017 - WARNING - Alert L3: CRITICAL ALERT, Att: -5
2026-01-21 21:52:40,117 - WARNING - Alert L3: CRITICAL ALERT, Att: -5
2026-01-21 21:52:40,156 - WARNING - Alert L3: CRITICAL ALERT, Att: -5
2026-01-21 21:52:40,205 - WARNING - Alert L3: CRITICAL ALERT, Att: -5
2026-01-21 21:52:40,251 - WARNING - Alert L3: CRITICAL ALERT, Att: -5
2026-01-21 21:52:40,361 - WARNING - Alert L3: CRITICAL ALERT, Att: -5
2026-01-21 21:52:40,406 - WARNING - Alert L3: CRITICAL ALERT, Att: -5
2026-01-21 21:52:40,453 - WARNING - Alert L3: CRITICAL ALERT, Att: -5
2026-01-21 21:52:40,507 - WARNING - Alert L3: CRITICAL ALERT, Att: -5
2026-01-21 21:52:40,579 - WARNING - Alert L3: CRITICAL ALERT, Att: -5
2026-01-21 21:52:40,705 - WARNING - Alert L3: CRITICAL ALERT, Att: -5
2026-01-21 21:52:40,812 - WARNING - Alert L3: CRITICAL ALERT, Att: -5
2026-01-21 21:52:40,862 - WARNING - Alert L3: CRITICAL ALERT, Att: -5
2026-01-21 21:52:40,918 - WARNING - Alert L3: CRITICAL ALERT, Att: -5
2026-01-21 21:52:40,974 - WARNING - Alert L3: CRITICAL ALERT, Att: -5
2026-01-21 21:52:41,110 - WARNING - Alert L3: CRITICAL ALERT, Att: -5
2026-01-21 21:52:41,162 - WARNING - Alert L3: CRITICAL ALERT, Att: -5
2026-01-21 21:52:41,202 - WARNING - Alert L3: CRITICAL ALERT, Att: -5
2026-01-21 21:52:41,265 - WARNING - Alert L3: CRITICAL ALERT, Att: -5
2026-01-21 21:52:41,307 - WARNING - Alert L3: CRITICAL ALERT, Att: -5
2026-01-21 21:52:41,407 - WARNING - Alert L3: CRITICAL ALERT, Att: -5
2026-01-21 21:52:41,498 - WARNING - Alert L3: CRITICAL ALERT, Att: -5
2026-01-21 21:52:41,538 - WARNING - Alert L3: CRITICAL ALERT, Att: -5
2026-01-21 21:52:41,578 - WARNING - Alert L3: CRITICAL ALERT, Att: -5
2026-01-21 21:52:41,623 - WARNING - Alert L3: CRITICAL ALERT, Att: -5
2026-01-21 21:52:41,727 - WARNING - Alert L3: CRITICAL ALERT, Att: -5
2026-01-21 21:52:41,773 - WARNING - Alert L3: CRITICAL ALERT, Att: -6
2026-01-21 21:52:41,815 - WARNING - Alert L3: CRITICAL ALERT, Att: -6
2026-01-21 21:52:41,862 - WARNING - Alert L3: CRITICAL ALERT, Att: -6
2026-01-21 21:52:41,907 - WARNING - Alert L3: CRITICAL ALERT, Att: -6
2026-01-21 21:52:42,032 - WARNING - Alert L3: CRITICAL ALERT, Att: -7
2026-01-21 21:52:42,137 - WARNING - Alert L3: CRITICAL ALERT, Att: -7
2026-01-21 21:52:42,185 - WARNING - Alert L3: CRITICAL ALERT, Att: -7
2026-01-21 21:52:42,237 - WARNING - Alert L3: CRITICAL ALERT, Att: -7
2026-01-21 21:52:42,287 - WARNING - Alert L3: CRITICAL ALERT, Att: -7
2026-01-21 21:52:42,390 - WARNING - Alert L3: CRITICAL ALERT, Att: -7
2026-01-21 21:52:42,443 - WARNING - Alert L3: CRITICAL ALERT, Att: -7
2026-01-21 21:52:42,520 - WARNING - Alert L3: CRITICAL ALERT, Att: -7
2026-01-21 21:52:42,573 - WARNING - Alert L3: CRITICAL ALERT, Att: -7
2026-01-21 21:52:42,608 - WARNING - Alert L3: CRITICAL ALERT, Att: -7
2026-01-21 21:52:42,723 - WARNING - Alert L3: CRITICAL ALERT, Att: -7
2026-01-21 21:52:42,846 - WARNING - Alert L3: CRITICAL ALERT, Att: -7
2026-01-21 21:52:42,895 - WARNING - Alert L3: CRITICAL ALERT, Att: -7
2026-01-21 21:52:42,944 - WARNING - Alert L3: CRITICAL ALERT, Att: -7
2026-01-21 21:52:43,001 - WARNING - Alert L3: CRITICAL ALERT, Att: -7
2026-01-21 21:52:43,115 - WARNING - Alert L3: CRITICAL ALERT, Att: -7
2026-01-21 21:52:43,162 - WARNING - Alert L3: CRITICAL ALERT, Att: -7
2026-01-21 21:52:43,204 - WARNING - Alert L3: CRITICAL ALERT, Att: -7
2026-01-21 21:52:43,257 - WARNING - Alert L3: CRITICAL ALERT, Att: -8
2026-01-21 21:52:43,305 - WARNING - Alert L3: CRITICAL ALERT, Att: -8
2026-01-21 21:52:43,422 - WARNING - Alert L3: CRITICAL ALERT, Att: -8
2026-01-21 21:52:43,569 - WARNING - Alert L3: CRITICAL ALERT, Att: -8
2026-01-21 21:52:43,641 - WARNING - Alert L3: CRITICAL ALERT, Att: -9
2026-01-21 21:52:43,701 - WARNING - Alert L3: CRITICAL ALERT, Att: -9
2026-01-21 21:52:43,829 - WARNING - Alert L3: CRITICAL ALERT, Att: -9
2026-01-21 21:52:43,878 - WARNING - Alert L3: CRITICAL ALERT, Att: -9
2026-01-21 21:52:43,930 - WARNING - Alert L3: CRITICAL ALERT, Att: -13
2026-01-21 21:52:43,997 - WARNING - Alert L3: CRITICAL ALERT, Att: -18
2026-01-21 21:52:44,057 - WARNING - Alert L3: CRITICAL ALERT, Att: -22
2026-01-21 21:52:44,205 - WARNING - Alert L3: CRITICAL ALERT, Att: -23
2026-01-21 21:52:44,317 - WARNING - Alert L3: CRITICAL ALERT, Att: -23
2026-01-21 21:52:44,373 - WARNING - Alert L3: CRITICAL ALERT, Att: -20
2026-01-21 21:52:44,420 - WARNING - Alert L3: CRITICAL ALERT, Att: -16
2026-01-21 21:52:44,473 - WARNING - Alert L3: CRITICAL ALERT, Att: -12
2026-01-21 21:52:44,575 - WARNING - Alert L3: CRITICAL ALERT, Att: -12
2026-01-21 21:52:44,621 - WARNING - Alert L3: CRITICAL ALERT, Att: -11
2026-01-21 21:52:44,672 - WARNING - Alert L3: CRITICAL ALERT, Att: -11
2026-01-21 21:52:44,727 - WARNING - Alert L3: CRITICAL ALERT, Att: -11
2026-01-21 21:52:44,774 - WARNING - Alert L3: CRITICAL ALERT, Att: -11
2026-01-21 21:52:44,873 - WARNING - Alert L3: CRITICAL ALERT, Att: -11
2026-01-21 21:52:44,970 - WARNING - Alert L3: CRITICAL ALERT, Att: -11
2026-01-21 21:52:45,039 - WARNING - Alert L3: CRITICAL ALERT, Att: -11
2026-01-21 21:52:45,117 - WARNING - Alert L3: CRITICAL ALERT, Att: -11
2026-01-21 21:52:45,180 - WARNING - Alert L3: CRITICAL ALERT, Att: -11
2026-01-21 21:52:45,287 - WARNING - Alert L3: CRITICAL ALERT, Att: -13
2026-01-21 21:52:45,358 - WARNING - Alert L3: CRITICAL ALERT, Att: -14
2026-01-21 21:52:45,406 - WARNING - Alert L3: CRITICAL ALERT, Att: -15
2026-01-21 21:52:45,457 - WARNING - Alert L3: CRITICAL ALERT, Att: -15
2026-01-21 21:52:45,507 - WARNING - Alert L3: CRITICAL ALERT, Att: -15
2026-01-21 21:52:45,614 - WARNING - Alert L3: CRITICAL ALERT, Att: -14
2026-01-21 21:52:45,716 - WARNING - Alert L3: CRITICAL ALERT, Att: -12
2026-01-21 21:52:45,766 - WARNING - Alert L3: CRITICAL ALERT, Att: -11
2026-01-21 21:52:45,811 - WARNING - Alert L3: CRITICAL ALERT, Att: -11
2026-01-21 21:52:45,872 - WARNING - Alert L3: CRITICAL ALERT, Att: -11
2026-01-21 21:52:46,002 - WARNING - Alert L3: CRITICAL ALERT, Att: -11
2026-01-21 21:52:46,064 - WARNING - Alert L3: CRITICAL ALERT, Att: -11
2026-01-21 21:52:46,110 - WARNING - Alert L3: CRITICAL ALERT, Att: -11
2026-01-21 21:52:46,150 - WARNING - Alert L3: CRITICAL ALERT, Att: -11
2026-01-21 21:52:46,202 - WARNING - Alert L3: CRITICAL ALERT, Att: -11
2026-01-21 21:52:46,334 - WARNING - Alert L3: CRITICAL ALERT, Att: -11
2026-01-21 21:52:46,446 - WARNING - Alert L3: CRITICAL ALERT, Att: -11
2026-01-21 21:52:46,499 - WARNING - Alert L3: CRITICAL ALERT, Att: -11
2026-01-21 21:52:46,549 - WARNING - Alert L3: CRITICAL ALERT, Att: -11
2026-01-21 21:52:46,610 - WARNING - Alert L3: CRITICAL ALERT, Att: -11
2026-01-21 21:52:46,728 - WARNING - Alert L3: CRITICAL ALERT, Att: -11
2026-01-21 21:52:46,793 - WARNING - Alert L3: CRITICAL ALERT, Att: -13
2026-01-21 21:52:46,861 - WARNING - Alert L3: CRITICAL ALERT, Att: -15
2026-01-21 21:52:46,910 - WARNING - Alert L3: CRITICAL ALERT, Att: -16
2026-01-21 21:52:46,955 - WARNING - Alert L3: CRITICAL ALERT, Att: -16
2026-01-21 21:52:47,076 - WARNING - Alert L3: CRITICAL ALERT, Att: -16
2026-01-21 21:52:47,202 - WARNING - Alert L3: CRITICAL ALERT, Att: -15
2026-01-21 21:52:47,288 - WARNING - Alert L3: CRITICAL ALERT, Att: -15
2026-01-21 21:52:47,346 - WARNING - Alert L3: CRITICAL ALERT, Att: -15
2026-01-21 21:52:47,396 - WARNING - Alert L3: CRITICAL ALERT, Att: -17
2026-01-21 21:52:47,497 - WARNING - Alert L3: CRITICAL ALERT, Att: -17
2026-01-21 21:52:47,546 - WARNING - Alert L3: CRITICAL ALERT, Att: -17
2026-01-21 21:52:47,600 - WARNING - Alert L3: CRITICAL ALERT, Att: -16
2026-01-21 21:52:47,652 - WARNING - Alert L3: CRITICAL ALERT, Att: -15
2026-01-21 21:52:47,691 - WARNING - Alert L3: CRITICAL ALERT, Att: -15
2026-01-21 21:52:47,794 - WARNING - Alert L3: CRITICAL ALERT, Att: -17
2026-01-21 21:52:47,877 - WARNING - Alert L3: CRITICAL ALERT, Att: -17
2026-01-21 21:52:47,928 - WARNING - Alert L3: CRITICAL ALERT, Att: -17
2026-01-21 21:52:47,990 - WARNING - Alert L3: CRITICAL ALERT, Att: -15
2026-01-21 21:52:48,048 - WARNING - Alert L3: CRITICAL ALERT, Att: -14
2026-01-21 21:52:48,149 - WARNING - Alert L3: CRITICAL ALERT, Att: -12
2026-01-21 21:52:48,201 - WARNING - Alert L3: CRITICAL ALERT, Att: -12
2026-01-21 21:52:48,247 - WARNING - Alert L3: CRITICAL ALERT, Att: -12
2026-01-21 21:52:48,290 - WARNING - Alert L3: CRITICAL ALERT, Att: -12
2026-01-21 21:52:48,333 - WARNING - Alert L3: CRITICAL ALERT, Att: -12
2026-01-21 21:52:48,443 - WARNING - Alert L3: CRITICAL ALERT, Att: -14
2026-01-21 21:52:48,530 - WARNING - Alert L3: CRITICAL ALERT, Att: -16
2026-01-21 21:52:48,586 - WARNING - Alert L3: CRITICAL ALERT, Att: -17
2026-01-21 21:52:48,641 - WARNING - Alert L3: CRITICAL ALERT, Att: -17
2026-01-21 21:52:48,686 - WARNING - Alert L3: CRITICAL ALERT, Att: -17
2026-01-21 21:52:52,933 - WARNING - Alert L2: DISTRACTION: LOOKING UP/DOWN, Att: 25
2026-01-21 21:52:52,987 - WARNING - Alert L2: DISTRACTION: LOOKING UP/DOWN, Att: 25
2026-01-21 21:52:53,087 - WARNING - Alert L2: DISTRACTION: LOOKING UP/DOWN, Att: 25
2026-01-21 21:52:53,166 - WARNING - Alert L2: DISTRACTION: LOOKING UP/DOWN, Att: 25
2026-01-21 21:52:53,294 - WARNING - Alert L2: DISTRACTION: LOOKING UP/DOWN, Att: 25
2026-01-21 21:52:53,329 - WARNING - Alert L2: DISTRACTION: LOOKING UP/DOWN, Att: 25
2026-01-21 21:52:53,369 - WARNING - Alert L2: DISTRACTION: LOOKING UP/DOWN, Att: 25
2026-01-21 21:52:53,414 - WARNING - Alert L2: DISTRACTION: LOOKING UP/DOWN, Att: 25
2026-01-21 21:52:53,452 - WARNING - Alert L2: DISTRACTION: LOOKING UP/DOWN, Att: 25
2026-01-21 21:52:53,553 - WARNING - Alert L2: DISTRACTION: LOOKING UP/DOWN, Att: 25
2026-01-21 21:52:53,644 - WARNING - Alert L2: DISTRACTION: LOOKING UP/DOWN, Att: 25
2026-01-21 21:52:53,703 - WARNING - Alert L2: DISTRACTION: LOOKING UP/DOWN, Att: 25
2026-01-21 21:52:53,752 - WARNING - Alert L2: DISTRACTION: LOOKING UP/DOWN, Att: 25
2026-01-21 21:52:53,792 - WARNING - Alert L2: DISTRACTION: LOOKING UP/DOWN, Att: 25
2026-01-21 21:52:53,901 - WARNING - Alert L2: DISTRACTION: LOOKING UP/DOWN, Att: 25
2026-01-21 21:52:53,937 - WARNING - Alert L2: DISTRACTION: LOOKING UP/DOWN, Att: 25
2026-01-21 21:52:53,987 - WARNING - Alert L2: DISTRACTION: LOOKING UP/DOWN, Att: 25
2026-01-21 21:52:54,042 - WARNING - Alert L2: DISTRACTION: LOOKING UP/DOWN, Att: 25
2026-01-21 21:52:54,087 - WARNING - Alert L2: DISTRACTION: LOOKING UP/DOWN, Att: -5
2026-01-21 21:52:54,197 - WARNING - Alert L2: DISTRACTION: LOOKING UP/DOWN, Att: -5
2026-01-21 21:52:54,287 - WARNING - Alert L2: DISTRACTION: LOOKING UP/DOWN, Att: -5
2026-01-21 21:52:54,344 - WARNING - Alert L2: DISTRACTION: LOOKING UP/DOWN, Att: -5
2026-01-21 21:52:54,404 - WARNING - Alert L3: CRITICAL ALERT, Att: -5
2026-01-21 21:52:54,465 - WARNING - Alert L3: CRITICAL ALERT, Att: -5
2026-01-21 21:52:54,607 - WARNING - Alert L3: CRITICAL ALERT, Att: -5
2026-01-21 21:52:54,668 - WARNING - Alert L3: CRITICAL ALERT, Att: -5
2026-01-21 21:52:54,713 - WARNING - Alert L3: CRITICAL ALERT, Att: -5
2026-01-21 21:52:54,764 - WARNING - Alert L3: CRITICAL ALERT, Att: -5
2026-01-21 21:52:54,811 - WARNING - Alert L3: CRITICAL ALERT, Att: -5
2026-01-21 21:52:54,933 - WARNING - Alert L3: CRITICAL ALERT, Att: -5
2026-01-21 21:52:55,055 - WARNING - Alert L3: CRITICAL ALERT, Att: -5
2026-01-21 21:52:55,109 - WARNING - Alert L3: CRITICAL ALERT, Att: -5
2026-01-21 21:52:55,161 - WARNING - Alert L3: CRITICAL ALERT, Att: -5
2026-01-21 21:52:55,243 - WARNING - Alert L3: CRITICAL ALERT, Att: -5
2026-01-21 21:52:55,370 - WARNING - Alert L3: CRITICAL ALERT, Att: -5
2026-01-21 21:52:55,418 - WARNING - Alert L3: CRITICAL ALERT, Att: -5
2026-01-21 21:52:55,466 - WARNING - Alert L3: CRITICAL ALERT, Att: -5
2026-01-21 21:52:55,513 - WARNING - Alert L3: CRITICAL ALERT, Att: -5
2026-01-21 21:52:55,555 - WARNING - Alert L3: CRITICAL ALERT, Att: -5
2026-01-21 21:52:55,668 - WARNING - Alert L3: CRITICAL ALERT, Att: -5
2026-01-21 21:52:55,756 - WARNING - Alert L3: CRITICAL ALERT, Att: -5
2026-01-21 21:52:55,811 - WARNING - Alert L3: CRITICAL ALERT, Att: -5
2026-01-21 21:52:55,865 - WARNING - Alert L3: CRITICAL ALERT, Att: -5
2026-01-21 21:52:55,915 - WARNING - Alert L3: CRITICAL ALERT, Att: -5
2026-01-21 21:52:56,049 - WARNING - Alert L3: CRITICAL ALERT, Att: -5
2026-01-21 21:52:56,097 - WARNING - Alert L3: CRITICAL ALERT, Att: -5
2026-01-21 21:52:56,134 - WARNING - Alert L3: CRITICAL ALERT, Att: -5
2026-01-21 21:52:56,188 - WARNING - Alert L3: CRITICAL ALERT, Att: -5
2026-01-21 21:52:56,236 - WARNING - Alert L3: CRITICAL ALERT, Att: -5
2026-01-21 21:52:56,342 - WARNING - Alert L3: CRITICAL ALERT, Att: -5
2026-01-21 21:52:56,468 - WARNING - Alert L3: CRITICAL ALERT, Att: -5
2026-01-21 21:52:56,530 - WARNING - Alert L3: CRITICAL ALERT, Att: -5
2026-01-21 21:52:56,595 - WARNING - Alert L3: CRITICAL ALERT, Att: -5
2026-01-21 21:52:56,649 - WARNING - Alert L3: CRITICAL ALERT, Att: -5
2026-01-21 21:52:56,789 - WARNING - Alert L3: CRITICAL ALERT, Att: -5
2026-01-21 21:52:56,854 - WARNING - Alert L3: CRITICAL ALERT, Att: -5
2026-01-21 21:52:56,917 - WARNING - Alert L3: CRITICAL ALERT, Att: -5
2026-01-21 21:52:56,982 - WARNING - Alert L3: CRITICAL ALERT, Att: -5
2026-01-21 21:52:57,041 - WARNING - Alert L3: CRITICAL ALERT, Att: -5
2026-01-21 21:52:57,155 - WARNING - Alert L3: CRITICAL ALERT, Att: -5
2026-01-21 21:52:57,251 - WARNING - Alert L3: CRITICAL ALERT, Att: -5
2026-01-21 21:52:57,297 - WARNING - Alert L3: CRITICAL ALERT, Att: -5
2026-01-21 21:52:57,349 - WARNING - Alert L3: CRITICAL ALERT, Att: -5
2026-01-21 21:52:57,404 - WARNING - Alert L3: CRITICAL ALERT, Att: -5
2026-01-21 21:52:57,544 - WARNING - Alert L3: CRITICAL ALERT, Att: -5
2026-01-21 21:52:57,608 - WARNING - Alert L3: CRITICAL ALERT, Att: -5
2026-01-21 21:52:57,660 - WARNING - Alert L3: CRITICAL ALERT, Att: -5
2026-01-21 21:52:57,713 - WARNING - Alert L3: CRITICAL ALERT, Att: -5
2026-01-21 21:52:57,756 - WARNING - Alert L3: CRITICAL ALERT, Att: -5
2026-01-21 21:52:57,875 - WARNING - Alert L3: CRITICAL ALERT, Att: -5
2026-01-21 21:52:58,018 - WARNING - Alert L3: CRITICAL ALERT, Att: -5
2026-01-21 21:52:58,080 - WARNING - Alert L3: CRITICAL ALERT, Att: -5
2026-01-21 21:52:58,125 - WARNING - Alert L3: CRITICAL ALERT, Att: -5
2026-01-21 21:52:58,171 - WARNING - Alert L3: CRITICAL ALERT, Att: -5
2026-01-21 21:59:59,914 - WARNING - From E:\anaconda3\envs\drowsy\lib\site-packages\keras\src\backend.py:1398: The name tf.executing_eagerly_outside_functions is deprecated. Please use tf.compat.v1.executing_eagerly_outside_functions instead.

2026-01-21 22:00:00,089 - WARNING - From E:\anaconda3\envs\drowsy\lib\site-packages\keras\src\layers\pooling\max_pooling2d.py:161: The name tf.nn.max_pool is deprecated. Please use tf.nn.max_pool2d instead.

2026-01-21 22:00:00,291 - WARNING - From E:\anaconda3\envs\drowsy\lib\site-packages\keras\src\optimizers\__init__.py:309: The name tf.train.Optimizer is deprecated. Please use tf.compat.v1.train.Optimizer instead.

2026-01-21 22:00:03,648 - INFO - Imported existing <module 'comtypes.gen' from 'E:\\anaconda3\\envs\\drowsy\\lib\\site-packages\\comtypes\\gen\\__init__.py'>
2026-01-21 22:00:03,648 - INFO - Using writeable comtypes cache directory: 'E:\anaconda3\envs\drowsy\lib\site-packages\comtypes\gen'
2026-01-21 22:00:19,284 - WARNING - Alert L2: DISTRACTION: LOOKING UP/DOWN, Att: 25
2026-01-21 22:00:19,538 - WARNING - Alert L2: DISTRACTION: LOOKING UP/DOWN, Att: 25
2026-01-21 22:00:19,713 - WARNING - Alert L2: DISTRACTION: LOOKING UP/DOWN, Att: 25
2026-01-21 22:00:19,772 - WARNING - Alert L2: DISTRACTION: LOOKING UP/DOWN, Att: 25
2026-01-21 22:00:19,839 - WARNING - Alert L2: DISTRACTION: LOOKING UP/DOWN, Att: 25
2026-01-21 22:00:19,884 - WARNING - Alert L2: DISTRACTION: LOOKING UP/DOWN, Att: -5
2026-01-21 22:00:20,009 - WARNING - Alert L2: DISTRACTION: LOOKING UP/DOWN, Att: -5
2026-01-21 22:00:20,061 - WARNING - Alert L2: DISTRACTION: LOOKING UP/DOWN, Att: -5
2026-01-21 22:00:20,116 - WARNING - Alert L2: DISTRACTION: LOOKING UP/DOWN, Att: -5
2026-01-21 22:00:20,167 - WARNING - Alert L2: DISTRACTION: LOOKING UP/DOWN, Att: -5
2026-01-21 22:00:20,208 - WARNING - Alert L2: DISTRACTION: LOOKING UP/DOWN, Att: -5
2026-01-21 22:00:20,329 - WARNING - Alert L2: DISTRACTION: LOOKING UP/DOWN, Att: -5
2026-01-21 22:00:20,447 - WARNING - Alert L2: DISTRACTION: LOOKING UP/DOWN, Att: -5
2026-01-21 22:00:20,512 - WARNING - Alert L2: DISTRACTION: LOOKING UP/DOWN, Att: -5
2026-01-21 22:00:20,584 - WARNING - Alert L2: DISTRACTION: LOOKING UP/DOWN, Att: -5
2026-01-21 22:00:20,622 - WARNING - Alert L2: DISTRACTION: LOOKING UP/DOWN, Att: -5
2026-01-21 22:00:20,734 - WARNING - Alert L2: DISTRACTION: LOOKING UP/DOWN, Att: -5
2026-01-21 22:00:20,790 - WARNING - Alert L2: DISTRACTION: LOOKING UP/DOWN, Att: -5
2026-01-21 22:00:20,839 - WARNING - Alert L2: DISTRACTION: LOOKING UP/DOWN, Att: -5
2026-01-21 22:00:20,886 - WARNING - Alert L2: DISTRACTION: LOOKING UP/DOWN, Att: -5
2026-01-21 22:00:21,009 - WARNING - Alert L2: DISTRACTION: LOOKING UP/DOWN, Att: -5
2026-01-21 22:00:21,173 - WARNING - Alert L2: DISTRACTION: LOOKING UP/DOWN, Att: -5
2026-01-21 22:00:21,309 - WARNING - Alert L3: CRITICAL ALERT, Att: -5
2026-01-21 22:00:21,395 - WARNING - Alert L3: CRITICAL ALERT, Att: -5
2026-01-21 22:00:21,471 - WARNING - Alert L3: CRITICAL ALERT, Att: -5
2026-01-21 22:00:21,598 - WARNING - Alert L3: CRITICAL ALERT, Att: -5
2026-01-21 22:00:21,761 - WARNING - Alert L3: CRITICAL ALERT, Att: -5
2026-01-21 22:00:21,841 - WARNING - Alert L3: CRITICAL ALERT, Att: -5
2026-01-21 22:00:21,921 - WARNING - Alert L3: CRITICAL ALERT, Att: -5
2026-01-21 22:00:22,004 - WARNING - Alert L3: CRITICAL ALERT, Att: -5
2026-01-21 22:00:22,104 - WARNING - Alert L3: CRITICAL ALERT, Att: -5
2026-01-21 22:00:22,406 - WARNING - Alert L3: CRITICAL ALERT, Att: -5
2026-01-21 22:00:22,559 - WARNING - Alert L3: CRITICAL ALERT, Att: -5
2026-01-21 22:00:22,612 - WARNING - Alert L3: CRITICAL ALERT, Att: -5
2026-01-21 22:00:22,672 - WARNING - Alert L3: CRITICAL ALERT, Att: -5
2026-01-21 22:00:22,740 - WARNING - Alert L3: CRITICAL ALERT, Att: -5
2026-01-21 22:00:22,980 - WARNING - Alert L3: CRITICAL ALERT, Att: -5
2026-01-21 22:00:23,046 - WARNING - Alert L3: CRITICAL ALERT, Att: -5
2026-01-21 22:00:23,107 - WARNING - Alert L3: CRITICAL ALERT, Att: -5
2026-01-21 22:00:23,160 - WARNING - Alert L3: CRITICAL ALERT, Att: -5
2026-01-21 22:00:23,225 - WARNING - Alert L3: CRITICAL ALERT, Att: -5
2026-01-21 22:00:23,364 - WARNING - Alert L3: CRITICAL ALERT, Att: -5
2026-01-21 22:00:23,543 - WARNING - Alert L3: CRITICAL ALERT, Att: -5
2026-01-21 22:00:23,660 - WARNING - Alert L3: CRITICAL ALERT, Att: -5
2026-01-21 22:00:23,744 - WARNING - Alert L3: CRITICAL ALERT, Att: -5
2026-01-21 22:00:23,837 - WARNING - Alert L3: CRITICAL ALERT, Att: -5
2026-01-21 22:00:24,068 - WARNING - Alert L3: CRITICAL ALERT, Att: -5
2026-01-21 22:00:24,154 - WARNING - Alert L3: CRITICAL ALERT, Att: -5
2026-01-21 22:00:24,256 - WARNING - Alert L3: CRITICAL ALERT, Att: -5
2026-01-21 22:00:24,333 - WARNING - Alert L3: CRITICAL ALERT, Att: -5
2026-01-21 22:00:24,410 - WARNING - Alert L3: CRITICAL ALERT, Att: -5
2026-01-21 22:00:24,678 - WARNING - Alert L3: CRITICAL ALERT, Att: -5
2026-01-21 22:00:24,918 - WARNING - Alert L3: CRITICAL ALERT, Att: -5
2026-01-21 22:00:24,991 - WARNING - Alert L3: CRITICAL ALERT, Att: -5
2026-01-21 22:00:25,073 - WARNING - Alert L3: CRITICAL ALERT, Att: -5
2026-01-21 22:00:25,158 - WARNING - Alert L3: CRITICAL ALERT, Att: -5
2026-01-21 22:00:25,316 - WARNING - Alert L3: CRITICAL ALERT, Att: -5
2026-01-21 22:00:25,387 - WARNING - Alert L3: CRITICAL ALERT, Att: -6
2026-01-21 22:00:25,452 - WARNING - Alert L3: CRITICAL ALERT, Att: -6
2026-01-21 22:00:25,536 - WARNING - Alert L3: CRITICAL ALERT, Att: -6
2026-01-21 22:00:25,614 - WARNING - Alert L3: CRITICAL ALERT, Att: -6
2026-01-21 22:00:25,785 - WARNING - Alert L3: CRITICAL ALERT, Att: -6
2026-01-21 22:00:25,947 - WARNING - Alert L3: CRITICAL ALERT, Att: -5
2026-01-21 22:00:26,080 - WARNING - Alert L3: CRITICAL ALERT, Att: -5
2026-01-21 22:00:26,196 - WARNING - Alert L3: CRITICAL ALERT, Att: -5
2026-01-21 22:00:26,282 - WARNING - Alert L3: CRITICAL ALERT, Att: -5
2026-01-21 22:00:26,468 - WARNING - Alert L3: CRITICAL ALERT, Att: -5
2026-01-21 22:00:26,518 - WARNING - Alert L3: CRITICAL ALERT, Att: -5
2026-01-21 22:00:26,566 - WARNING - Alert L3: CRITICAL ALERT, Att: -5
2026-01-21 22:00:26,629 - WARNING - Alert L3: CRITICAL ALERT, Att: -5
2026-01-21 22:00:26,683 - WARNING - Alert L3: CRITICAL ALERT, Att: -5
2026-01-21 22:00:26,813 - WARNING - Alert L3: CRITICAL ALERT, Att: -5
2026-01-21 22:00:26,982 - WARNING - Alert L3: CRITICAL ALERT, Att: -5
2026-01-21 22:00:27,061 - WARNING - Alert L3: CRITICAL ALERT, Att: -5
2026-01-21 22:00:27,130 - WARNING - Alert L3: CRITICAL ALERT, Att: -5
2026-01-21 22:00:27,198 - WARNING - Alert L3: CRITICAL ALERT, Att: -5
2026-01-21 22:00:27,343 - WARNING - Alert L3: CRITICAL ALERT, Att: -5
2026-01-21 22:00:27,401 - WARNING - Alert L3: CRITICAL ALERT, Att: -5
2026-01-21 22:00:27,455 - WARNING - Alert L3: CRITICAL ALERT, Att: -5
2026-01-21 22:00:27,532 - WARNING - Alert L3: CRITICAL ALERT, Att: -5
2026-01-21 22:00:27,607 - WARNING - Alert L3: CRITICAL ALERT, Att: -5
2026-01-21 22:00:27,781 - WARNING - Alert L3: CRITICAL ALERT, Att: -5
2026-01-21 22:00:27,923 - WARNING - Alert L3: CRITICAL ALERT, Att: -5
2026-01-21 22:00:27,994 - WARNING - Alert L3: CRITICAL ALERT, Att: -5
2026-01-21 22:00:28,045 - WARNING - Alert L3: CRITICAL ALERT, Att: -5
2026-01-21 22:00:28,097 - WARNING - Alert L3: CRITICAL ALERT, Att: -5
2026-01-21 22:00:28,216 - WARNING - Alert L3: CRITICAL ALERT, Att: -5
2026-01-21 22:00:28,279 - WARNING - Alert L3: CRITICAL ALERT, Att: -5
2026-01-21 22:00:28,345 - WARNING - Alert L3: CRITICAL ALERT, Att: -5
2026-01-21 22:00:28,416 - WARNING - Alert L3: CRITICAL ALERT, Att: -5
2026-01-21 22:00:28,486 - WARNING - Alert L3: CRITICAL ALERT, Att: -5
2026-01-21 22:00:28,629 - WARNING - Alert L3: CRITICAL ALERT, Att: -5
2026-01-21 22:00:28,832 - WARNING - Alert L3: CRITICAL ALERT, Att: -5
2026-01-21 22:00:28,890 - WARNING - Alert L3: CRITICAL ALERT, Att: -5
2026-01-21 22:00:28,943 - WARNING - Alert L3: CRITICAL ALERT, Att: -5
2026-01-21 22:00:28,996 - WARNING - Alert L3: CRITICAL ALERT, Att: -5
2026-01-21 22:00:29,120 - WARNING - Alert L3: CRITICAL ALERT, Att: -5
2026-01-21 22:00:29,190 - WARNING - Alert L3: CRITICAL ALERT, Att: -5
2026-01-21 22:00:29,238 - WARNING - Alert L3: CRITICAL ALERT, Att: -5
2026-01-21 22:00:29,285 - WARNING - Alert L3: CRITICAL ALERT, Att: -5
2026-01-21 22:00:29,333 - WARNING - Alert L3: CRITICAL ALERT, Att: -5
2026-01-21 22:00:29,449 - WARNING - Alert L3: CRITICAL ALERT, Att: -5
2026-01-21 22:00:29,579 - WARNING - Alert L3: CRITICAL ALERT, Att: -5
2026-01-21 22:00:29,635 - WARNING - Alert L3: CRITICAL ALERT, Att: -5
2026-01-21 22:00:29,687 - WARNING - Alert L3: CRITICAL ALERT, Att: -5
2026-01-21 22:00:29,740 - WARNING - Alert L3: CRITICAL ALERT, Att: -5
2026-01-21 22:00:29,856 - WARNING - Alert L3: CRITICAL ALERT, Att: -5
2026-01-21 22:00:29,913 - WARNING - Alert L3: CRITICAL ALERT, Att: -5
2026-01-21 22:00:29,956 - WARNING - Alert L3: CRITICAL ALERT, Att: -6
2026-01-21 22:00:30,008 - WARNING - Alert L3: CRITICAL ALERT, Att: -6
2026-01-21 22:00:30,055 - WARNING - Alert L3: CRITICAL ALERT, Att: -6
2026-01-21 22:00:30,167 - WARNING - Alert L3: CRITICAL ALERT, Att: -6
2026-01-21 22:00:30,267 - WARNING - Alert L3: CRITICAL ALERT, Att: -6
2026-01-21 22:00:30,341 - WARNING - Alert L3: CRITICAL ALERT, Att: -6
2026-01-21 22:00:30,400 - WARNING - Alert L3: CRITICAL ALERT, Att: -6
2026-01-21 22:00:30,452 - WARNING - Alert L3: CRITICAL ALERT, Att: -6
2026-01-21 22:00:30,581 - WARNING - Alert L3: CRITICAL ALERT, Att: -6
2026-01-21 22:00:30,630 - WARNING - Alert L3: CRITICAL ALERT, Att: -6
2026-01-21 22:00:30,681 - WARNING - Alert L3: CRITICAL ALERT, Att: -6
2026-01-21 22:00:30,744 - WARNING - Alert L3: CRITICAL ALERT, Att: -6
2026-01-21 22:00:30,797 - WARNING - Alert L3: CRITICAL ALERT, Att: -6
2026-01-21 22:00:30,930 - WARNING - Alert L3: CRITICAL ALERT, Att: -6
2026-01-21 22:00:31,124 - WARNING - Alert L3: CRITICAL ALERT, Att: -6
2026-01-21 22:00:31,193 - WARNING - Alert L3: CRITICAL ALERT, Att: -6
2026-01-21 22:00:31,255 - WARNING - Alert L3: CRITICAL ALERT, Att: -6
2026-01-21 22:00:31,307 - WARNING - Alert L3: CRITICAL ALERT, Att: -6
2026-01-21 22:00:31,430 - WARNING - Alert L3: CRITICAL ALERT, Att: -6
2026-01-21 22:00:31,489 - WARNING - Alert L3: CRITICAL ALERT, Att: -6
2026-01-21 22:00:31,536 - WARNING - Alert L3: CRITICAL ALERT, Att: -6
2026-01-21 22:00:31,592 - WARNING - Alert L3: CRITICAL ALERT, Att: -6
2026-01-21 22:00:31,637 - WARNING - Alert L3: CRITICAL ALERT, Att: -6
2026-01-21 22:00:31,768 - WARNING - Alert L3: CRITICAL ALERT, Att: -6
2026-01-21 22:00:31,877 - WARNING - Alert L3: CRITICAL ALERT, Att: -6
2026-01-21 22:00:31,953 - WARNING - Alert L3: CRITICAL ALERT, Att: -6
2026-01-21 22:00:32,020 - WARNING - Alert L3: CRITICAL ALERT, Att: -5
2026-01-21 22:00:32,079 - WARNING - Alert L3: CRITICAL ALERT, Att: -5
2026-01-21 22:00:32,216 - WARNING - Alert L3: CRITICAL ALERT, Att: -5
2026-01-21 22:00:32,294 - WARNING - Alert L3: CRITICAL ALERT, Att: -5
2026-01-21 22:00:32,343 - WARNING - Alert L3: CRITICAL ALERT, Att: -5
2026-01-21 22:00:32,395 - WARNING - Alert L3: CRITICAL ALERT, Att: -5
2026-01-21 22:00:32,436 - WARNING - Alert L3: CRITICAL ALERT, Att: -6
2026-01-21 22:00:32,566 - WARNING - Alert L3: CRITICAL ALERT, Att: -6
2026-01-21 22:00:32,687 - WARNING - Alert L3: CRITICAL ALERT, Att: -6
2026-01-21 22:00:32,744 - WARNING - Alert L3: CRITICAL ALERT, Att: -6
2026-01-21 22:00:32,794 - WARNING - Alert L3: CRITICAL ALERT, Att: -6
2026-01-21 22:00:32,844 - WARNING - Alert L3: CRITICAL ALERT, Att: -6
2026-01-21 22:00:32,973 - WARNING - Alert L3: CRITICAL ALERT, Att: -6
2026-01-21 22:00:33,020 - WARNING - Alert L3: CRITICAL ALERT, Att: -6
2026-01-21 22:00:33,066 - WARNING - Alert L3: CRITICAL ALERT, Att: -6
2026-01-21 22:00:33,106 - WARNING - Alert L3: CRITICAL ALERT, Att: -6
2026-01-21 22:00:33,150 - WARNING - Alert L3: CRITICAL ALERT, Att: -6
2026-01-21 22:00:33,271 - WARNING - Alert L3: CRITICAL ALERT, Att: -6
2026-01-21 22:00:33,403 - WARNING - Alert L3: CRITICAL ALERT, Att: -6
2026-01-21 22:00:33,470 - WARNING - Alert L3: CRITICAL ALERT, Att: -6
2026-01-21 22:00:33,519 - WARNING - Alert L3: CRITICAL ALERT, Att: -6
2026-01-21 22:00:33,568 - WARNING - Alert L3: CRITICAL ALERT, Att: -6
2026-01-21 22:00:33,676 - WARNING - Alert L3: CRITICAL ALERT, Att: -6
2026-01-21 22:00:33,741 - WARNING - Alert L3: CRITICAL ALERT, Att: -6
2026-01-21 22:00:33,792 - WARNING - Alert L3: CRITICAL ALERT, Att: -6
2026-01-21 22:00:33,834 - WARNING - Alert L3: CRITICAL ALERT, Att: -6
2026-01-21 22:00:33,880 - WARNING - Alert L3: CRITICAL ALERT, Att: -6
2026-01-21 22:00:33,992 - WARNING - Alert L3: CRITICAL ALERT, Att: -6
2026-01-21 22:00:34,080 - WARNING - Alert L3: CRITICAL ALERT, Att: -6
2026-01-21 22:00:34,127 - WARNING - Alert L3: CRITICAL ALERT, Att: -6
2026-01-21 22:00:34,191 - WARNING - Alert L3: CRITICAL ALERT, Att: -6
2026-01-21 22:00:34,242 - WARNING - Alert L3: CRITICAL ALERT, Att: -6
2026-01-21 22:00:34,366 - WARNING - Alert L3: CRITICAL ALERT, Att: -6
2026-01-21 22:00:34,427 - WARNING - Alert L3: CRITICAL ALERT, Att: -6
2026-01-21 22:00:34,478 - WARNING - Alert L3: CRITICAL ALERT, Att: -6
2026-01-21 22:00:34,545 - WARNING - Alert L3: CRITICAL ALERT, Att: -6
2026-01-21 22:00:34,597 - WARNING - Alert L3: CRITICAL ALERT, Att: -6
2026-01-21 22:00:34,743 - WARNING - Alert L3: CRITICAL ALERT, Att: -6
2026-01-21 22:00:34,882 - WARNING - Alert L3: CRITICAL ALERT, Att: -6
2026-01-21 22:00:34,950 - WARNING - Alert L3: CRITICAL ALERT, Att: -6
2026-01-21 22:00:35,006 - WARNING - Alert L3: CRITICAL ALERT, Att: -6
2026-01-21 22:00:35,061 - WARNING - Alert L3: CRITICAL ALERT, Att: -6
2026-01-21 22:00:35,177 - WARNING - Alert L3: CRITICAL ALERT, Att: -6
2026-01-21 22:00:35,236 - WARNING - Alert L3: CRITICAL ALERT, Att: -6
2026-01-21 22:00:35,315 - WARNING - Alert L3: CRITICAL ALERT, Att: -6
2026-01-21 22:00:35,377 - WARNING - Alert L3: CRITICAL ALERT, Att: -6
2026-01-21 22:00:35,433 - WARNING - Alert L3: CRITICAL ALERT, Att: -6
2026-01-21 22:00:35,555 - WARNING - Alert L3: CRITICAL ALERT, Att: -6
2026-01-21 22:00:35,662 - WARNING - Alert L3: CRITICAL ALERT, Att: -6
2026-01-21 22:00:35,718 - WARNING - Alert L3: CRITICAL ALERT, Att: -6
2026-01-21 22:00:35,767 - WARNING - Alert L3: CRITICAL ALERT, Att: -6
2026-01-21 22:00:35,816 - WARNING - Alert L3: CRITICAL ALERT, Att: -6
2026-01-21 22:00:35,934 - WARNING - Alert L3: CRITICAL ALERT, Att: -7
2026-01-21 22:00:35,992 - WARNING - Alert L3: CRITICAL ALERT, Att: -7
2026-01-21 22:00:36,034 - WARNING - Alert L1: CAUTION: EARLY DROWSINESS, Att: 47
2026-01-21 22:00:36,096 - WARNING - Alert L1: CAUTION: EARLY DROWSINESS, Att: 50
2026-01-21 22:00:36,160 - WARNING - Alert L1: CAUTION: EARLY DROWSINESS, Att: 54
2026-01-21 22:00:36,296 - WARNING - Alert L1: CAUTION: LOOKING SIDEWAYS, Att: 47
2026-01-21 22:00:36,397 - WARNING - Alert L1: CAUTION: LOOKING SIDEWAYS, Att: 40
2026-01-21 22:00:36,444 - WARNING - Alert L2: DISTRACTION: LOOKING SIDEWAYS, Att: 28
2026-01-21 22:00:36,545 - WARNING - Alert L2: DISTRACTION: LOOKING SIDEWAYS, Att: 20
2026-01-21 22:00:36,626 - WARNING - Alert L3: CRITICAL ALERT, Att: 12
2026-01-21 22:00:36,766 - WARNING - Alert L2: DISTRACTION: LOOKING SIDEWAYS, Att: 15
2026-01-21 22:00:36,830 - WARNING - Alert L2: DISTRACTION: LOOKING SIDEWAYS, Att: 19
2026-01-21 22:00:36,898 - WARNING - Alert L2: DISTRACTION: LOOKING SIDEWAYS, Att: 22
2026-01-21 22:00:36,955 - WARNING - Alert L2: DISTRACTION: LOOKING SIDEWAYS, Att: 23
2026-01-21 22:00:37,009 - WARNING - Alert L2: DISTRACTION: LOOKING UP/DOWN, Att: 26
2026-01-21 22:00:37,127 - WARNING - Alert L2: DISTRACTION: LOOKING UP/DOWN, Att: 30
2026-01-21 22:00:37,221 - WARNING - Alert L2: DISTRACTION: LOOKING UP/DOWN, Att: 34
2026-01-21 22:00:37,286 - WARNING - Alert L2: DISTRACTION: LOOKING SIDEWAYS, Att: 34
2026-01-21 22:00:37,347 - WARNING - Alert L2: DISTRACTION: LOOKING SIDEWAYS, Att: 33
2026-01-21 22:00:37,401 - WARNING - Alert L2: DISTRACTION: LOOKING SIDEWAYS, Att: 30
2026-01-21 22:00:37,546 - WARNING - Alert L2: DISTRACTION: LOOKING UP/DOWN, Att: 30
2026-01-21 22:00:37,612 - WARNING - Alert L2: DISTRACTION: LOOKING UP/DOWN, Att: 30
2026-01-21 22:00:37,674 - WARNING - Alert L2: DISTRACTION: LOOKING UP/DOWN, Att: 34
2026-01-21 22:00:37,723 - WARNING - Alert L2: DISTRACTION: LOOKING SIDEWAYS, Att: 34
2026-01-21 22:00:37,776 - WARNING - Alert L2: DISTRACTION: LOOKING SIDEWAYS, Att: 34
2026-01-21 22:00:37,891 - WARNING - Alert L2: DISTRACTION: LOOKING SIDEWAYS, Att: 31
2026-01-21 22:00:38,019 - WARNING - Alert L2: DISTRACTION: LOOKING SIDEWAYS, Att: 28
2026-01-21 22:00:38,089 - WARNING - Alert L2: DISTRACTION: LOOKING SIDEWAYS, Att: 26
2026-01-21 22:00:38,143 - WARNING - Alert L2: DISTRACTION: LOOKING SIDEWAYS, Att: 27
2026-01-21 22:00:38,205 - WARNING - Alert L2: DISTRACTION: LOOKING UP/DOWN, Att: 31
2026-01-21 22:00:38,336 - WARNING - Alert L3: CRITICAL ALERT, Att: 14
2026-01-21 22:00:38,403 - WARNING - Alert L2: DISTRACTION: LOOKING UP/DOWN, Att: 17
2026-01-21 22:00:38,526 - WARNING - Alert L2: DISTRACTION: LOOKING SIDEWAYS, Att: 18
2026-01-21 22:00:38,610 - WARNING - Alert L2: DISTRACTION: LOOKING SIDEWAYS, Att: 19
2026-01-21 22:00:38,683 - WARNING - Alert L2: DISTRACTION: LOOKING SIDEWAYS, Att: 18
2026-01-21 22:00:38,820 - WARNING - Alert L2: DISTRACTION: LOOKING UP/DOWN, Att: 18
2026-01-21 22:00:38,937 - WARNING - Alert L2: DISTRACTION: LOOKING UP/DOWN, Att: 18
2026-01-21 22:00:39,006 - WARNING - Alert L2: DISTRACTION: LOOKING UP/DOWN, Att: 19
2026-01-21 22:00:39,051 - WARNING - Alert L2: DISTRACTION: LOOKING UP/DOWN, Att: 21
2026-01-21 22:00:39,106 - WARNING - Alert L2: DISTRACTION: LOOKING UP/DOWN, Att: 22
2026-01-21 22:00:39,217 - WARNING - Alert L2: DISTRACTION: LOOKING UP/DOWN, Att: 22
2026-01-21 22:00:39,263 - WARNING - Alert L2: DISTRACTION: LOOKING UP/DOWN, Att: 22
2026-01-21 22:00:39,309 - WARNING - Alert L2: DISTRACTION: LOOKING UP/DOWN, Att: 22
2026-01-21 22:00:39,349 - WARNING - Alert L2: DISTRACTION: LOOKING UP/DOWN, Att: 22
2026-01-21 22:00:39,406 - WARNING - Alert L2: DISTRACTION: LOOKING UP/DOWN, Att: 22
2026-01-21 22:00:39,543 - WARNING - Alert L2: DISTRACTION: LOOKING UP/DOWN, Att: 22
2026-01-21 22:00:39,652 - WARNING - Alert L2: DISTRACTION: LOOKING UP/DOWN, Att: 22
2026-01-21 22:00:39,706 - WARNING - Alert L2: DISTRACTION: LOOKING UP/DOWN, Att: 22
2026-01-21 22:00:39,766 - WARNING - Alert L2: DISTRACTION: LOOKING UP/DOWN, Att: 22
2026-01-21 22:00:39,812 - WARNING - Alert L2: DISTRACTION: LOOKING UP/DOWN, Att: 22
2026-01-21 22:00:39,922 - WARNING - Alert L2: DISTRACTION: LOOKING UP/DOWN, Att: 22
2026-01-21 22:00:39,967 - WARNING - Alert L2: DISTRACTION: LOOKING UP/DOWN, Att: 21
2026-01-21 22:00:40,016 - WARNING - Alert L2: DISTRACTION: LOOKING UP/DOWN, Att: 21
2026-01-21 22:00:40,065 - WARNING - Alert L2: DISTRACTION: LOOKING UP/DOWN, Att: 21
2026-01-21 22:00:40,115 - WARNING - Alert L2: DISTRACTION: LOOKING UP/DOWN, Att: 21
2026-01-21 22:00:40,241 - WARNING - Alert L2: DISTRACTION: LOOKING UP/DOWN, Att: 21
2026-01-21 22:00:40,353 - WARNING - Alert L3: CRITICAL ALERT, Att: -9
2026-01-21 22:00:40,435 - WARNING - Alert L3: CRITICAL ALERT, Att: -9
2026-01-21 22:00:40,538 - WARNING - Alert L3: CRITICAL ALERT, Att: -9
2026-01-21 22:00:40,604 - WARNING - Alert L3: CRITICAL ALERT, Att: -10
2026-01-21 22:00:40,726 - WARNING - Alert L3: CRITICAL ALERT, Att: -10
2026-01-21 22:00:40,806 - WARNING - Alert L3: CRITICAL ALERT, Att: -10
2026-01-21 22:00:40,865 - WARNING - Alert L3: CRITICAL ALERT, Att: -10
2026-01-21 22:00:40,922 - WARNING - Alert L3: CRITICAL ALERT, Att: -10
2026-01-21 22:00:40,970 - WARNING - Alert L3: CRITICAL ALERT, Att: -11
2026-01-21 22:00:41,090 - WARNING - Alert L3: CRITICAL ALERT, Att: -11
2026-01-21 22:00:41,204 - WARNING - Alert L3: CRITICAL ALERT, Att: -11
2026-01-21 22:00:41,253 - WARNING - Alert L3: CRITICAL ALERT, Att: -11
2026-01-21 22:00:41,313 - WARNING - Alert L3: CRITICAL ALERT, Att: -10
2026-01-21 22:00:41,372 - WARNING - Alert L3: CRITICAL ALERT, Att: -10
2026-01-21 22:00:41,501 - WARNING - Alert L3: CRITICAL ALERT, Att: -10
2026-01-21 22:00:41,560 - WARNING - Alert L3: CRITICAL ALERT, Att: -10
2026-01-21 22:00:41,612 - WARNING - Alert L3: CRITICAL ALERT, Att: -10
2026-01-21 22:00:41,659 - WARNING - Alert L3: CRITICAL ALERT, Att: -10
2026-01-21 22:00:41,704 - WARNING - Alert L3: CRITICAL ALERT, Att: -10
2026-01-21 22:00:41,821 - WARNING - Alert L3: CRITICAL ALERT, Att: -10
2026-01-21 22:00:41,953 - WARNING - Alert L3: CRITICAL ALERT, Att: -10
2026-01-21 22:00:42,027 - WARNING - Alert L3: CRITICAL ALERT, Att: -10
2026-01-21 22:00:42,096 - WARNING - Alert L3: CRITICAL ALERT, Att: -11
2026-01-21 22:00:42,145 - WARNING - Alert L3: CRITICAL ALERT, Att: -11
2026-01-21 22:00:42,256 - WARNING - Alert L3: CRITICAL ALERT, Att: -11
2026-01-21 22:00:42,338 - WARNING - Alert L3: CRITICAL ALERT, Att: -11
2026-01-21 22:00:42,387 - WARNING - Alert L3: CRITICAL ALERT, Att: -11
2026-01-21 22:00:42,440 - WARNING - Alert L3: CRITICAL ALERT, Att: -10
2026-01-21 22:00:42,498 - WARNING - Alert L3: CRITICAL ALERT, Att: -10
2026-01-21 22:00:42,620 - WARNING - Alert L3: CRITICAL ALERT, Att: -10
2026-01-21 22:00:42,769 - WARNING - Alert L3: CRITICAL ALERT, Att: -10
2026-01-21 22:00:42,843 - WARNING - Alert L3: CRITICAL ALERT, Att: -10
2026-01-21 22:00:42,902 - WARNING - Alert L3: CRITICAL ALERT, Att: -10
2026-01-21 22:00:43,055 - WARNING - Alert L3: CRITICAL ALERT, Att: -10
2026-01-21 22:00:43,117 - WARNING - Alert L3: CRITICAL ALERT, Att: -10
2026-01-21 22:00:43,163 - WARNING - Alert L3: CRITICAL ALERT, Att: -10
2026-01-21 22:00:43,214 - WARNING - Alert L3: CRITICAL ALERT, Att: -10
2026-01-21 22:00:43,265 - WARNING - Alert L3: CRITICAL ALERT, Att: -10
2026-01-21 22:00:43,379 - WARNING - Alert L3: CRITICAL ALERT, Att: -10
2026-01-21 22:00:43,515 - WARNING - Alert L3: CRITICAL ALERT, Att: -10
2026-01-21 22:00:43,578 - WARNING - Alert L3: CRITICAL ALERT, Att: -10
2026-01-21 22:00:43,633 - WARNING - Alert L3: CRITICAL ALERT, Att: -10
2026-01-21 22:00:43,688 - WARNING - Alert L3: CRITICAL ALERT, Att: -10
2026-01-21 22:00:43,815 - WARNING - Alert L3: CRITICAL ALERT, Att: -10
2026-01-21 22:00:43,869 - WARNING - Alert L3: CRITICAL ALERT, Att: -10
2026-01-21 22:00:43,920 - WARNING - Alert L3: CRITICAL ALERT, Att: -10
2026-01-21 22:00:43,995 - WARNING - Alert L3: CRITICAL ALERT, Att: -10
2026-01-21 22:00:44,049 - WARNING - Alert L3: CRITICAL ALERT, Att: -10
2026-01-21 22:00:44,231 - WARNING - Alert L3: CRITICAL ALERT, Att: -10
2026-01-21 22:00:44,362 - WARNING - Alert L3: CRITICAL ALERT, Att: -10
2026-01-21 22:00:44,430 - WARNING - Alert L3: CRITICAL ALERT, Att: -10
2026-01-21 22:00:44,519 - WARNING - Alert L3: CRITICAL ALERT, Att: -10
2026-01-21 22:00:44,594 - WARNING - Alert L3: CRITICAL ALERT, Att: -10
2026-01-21 22:00:44,728 - WARNING - Alert L3: CRITICAL ALERT, Att: -10
2026-01-21 22:00:44,787 - WARNING - Alert L3: CRITICAL ALERT, Att: -10
2026-01-21 22:00:44,834 - WARNING - Alert L3: CRITICAL ALERT, Att: -10
2026-01-21 22:00:44,895 - WARNING - Alert L3: CRITICAL ALERT, Att: -10
2026-01-21 22:00:44,945 - WARNING - Alert L3: CRITICAL ALERT, Att: -10
2026-01-21 22:00:45,065 - WARNING - Alert L3: CRITICAL ALERT, Att: -10
2026-01-21 22:00:45,199 - WARNING - Alert L3: CRITICAL ALERT, Att: -10
2026-01-21 22:00:45,265 - WARNING - Alert L3: CRITICAL ALERT, Att: -10
2026-01-21 22:00:45,311 - WARNING - Alert L3: CRITICAL ALERT, Att: -10
2026-01-21 22:00:45,362 - WARNING - Alert L3: CRITICAL ALERT, Att: -10
2026-01-21 22:00:45,483 - WARNING - Alert L3: CRITICAL ALERT, Att: -10
2026-01-21 22:00:45,546 - WARNING - Alert L3: CRITICAL ALERT, Att: -10
2026-01-21 22:00:45,596 - WARNING - Alert L3: CRITICAL ALERT, Att: -11
2026-01-21 22:00:45,656 - WARNING - Alert L3: CRITICAL ALERT, Att: -13
2026-01-21 22:00:45,710 - WARNING - Alert L3: CRITICAL ALERT, Att: -14
2026-01-21 22:00:45,837 - WARNING - Alert L3: CRITICAL ALERT, Att: -17
2026-01-21 22:00:45,969 - WARNING - Alert L3: CRITICAL ALERT, Att: -20
2026-01-21 22:00:46,026 - WARNING - Alert L3: CRITICAL ALERT, Att: -21
2026-01-21 22:00:46,081 - WARNING - Alert L3: CRITICAL ALERT, Att: -28
2026-01-21 22:00:46,132 - WARNING - Alert L3: CRITICAL ALERT, Att: -34
2026-01-21 22:00:46,257 - WARNING - Alert L3: CRITICAL ALERT, Att: -40
2026-01-21 22:00:46,318 - WARNING - Alert L3: CRITICAL ALERT, Att: -44
2026-01-21 22:00:46,372 - WARNING - Alert L3: CRITICAL ALERT, Att: -49
2026-01-21 22:00:46,432 - WARNING - Alert L3: CRITICAL ALERT, Att: -49
2026-01-21 22:00:46,483 - WARNING - Alert L3: CRITICAL ALERT, Att: -45
2026-01-21 22:00:46,617 - WARNING - Alert L3: CRITICAL ALERT, Att: -41
2026-01-21 22:00:46,727 - WARNING - Alert L3: CRITICAL ALERT, Att: -37
2026-01-21 22:00:46,787 - WARNING - Alert L3: CRITICAL ALERT, Att: -29
2026-01-21 22:00:46,848 - WARNING - Alert L3: CRITICAL ALERT, Att: -22
2026-01-21 22:00:46,945 - WARNING - Alert L3: CRITICAL ALERT, Att: -18
2026-01-21 22:00:47,187 - WARNING - Alert L3: CRITICAL ALERT, Att: -24
2026-01-21 22:00:47,274 - WARNING - Alert L3: CRITICAL ALERT, Att: -30
2026-01-21 22:00:47,323 - WARNING - Alert L3: CRITICAL ALERT, Att: -40
2026-01-21 22:00:47,382 - WARNING - Alert L3: CRITICAL ALERT, Att: -46
2026-01-21 22:00:47,440 - WARNING - Alert L3: CRITICAL ALERT, Att: -50
2026-01-21 22:00:47,587 - WARNING - Alert L3: CRITICAL ALERT, Att: -41
2026-01-21 22:00:47,701 - WARNING - Alert L3: CRITICAL ALERT, Att: -32
2026-01-21 22:00:47,760 - WARNING - Alert L3: CRITICAL ALERT, Att: -23
2026-01-21 22:00:47,813 - WARNING - Alert L3: CRITICAL ALERT, Att: -18
2026-01-21 22:00:47,862 - WARNING - Alert L3: CRITICAL ALERT, Att: -11
2026-01-21 22:00:47,987 - WARNING - Alert L3: CRITICAL ALERT, Att: -11
2026-01-21 22:00:48,042 - WARNING - Alert L3: CRITICAL ALERT, Att: -10
2026-01-21 22:00:48,094 - WARNING - Alert L3: CRITICAL ALERT, Att: -9
2026-01-21 22:00:48,147 - WARNING - Alert L3: CRITICAL ALERT, Att: -8
2026-01-21 22:00:48,196 - WARNING - Alert L3: CRITICAL ALERT, Att: -8
2026-01-21 22:00:48,308 - WARNING - Alert L3: CRITICAL ALERT, Att: -7
2026-01-21 22:00:48,512 - WARNING - Alert L3: CRITICAL ALERT, Att: -7
2026-01-21 22:00:48,569 - WARNING - Alert L3: CRITICAL ALERT, Att: -7
2026-01-21 22:00:48,627 - WARNING - Alert L3: CRITICAL ALERT, Att: -7
2026-01-21 22:00:48,691 - WARNING - Alert L3: CRITICAL ALERT, Att: -6
2026-01-21 22:00:48,810 - WARNING - Alert L3: CRITICAL ALERT, Att: -6
2026-01-21 22:00:48,865 - WARNING - Alert L3: CRITICAL ALERT, Att: -6
2026-01-21 22:00:48,910 - WARNING - Alert L3: CRITICAL ALERT, Att: -6
2026-01-21 22:00:48,968 - WARNING - Alert L3: CRITICAL ALERT, Att: -6
2026-01-21 22:00:49,017 - WARNING - Alert L3: CRITICAL ALERT, Att: -6
2026-01-21 22:00:49,133 - WARNING - Alert L3: CRITICAL ALERT, Att: -5
2026-01-21 22:00:49,236 - WARNING - Alert L3: CRITICAL ALERT, Att: -5
2026-01-21 22:00:49,288 - WARNING - Alert L3: CRITICAL ALERT, Att: -5
2026-01-21 22:00:49,340 - WARNING - Alert L3: CRITICAL ALERT, Att: -5
2026-01-21 22:00:49,390 - WARNING - Alert L3: CRITICAL ALERT, Att: -5
2026-01-21 22:00:49,512 - WARNING - Alert L3: CRITICAL ALERT, Att: -5
2026-01-21 22:00:49,571 - WARNING - Alert L3: CRITICAL ALERT, Att: -5
2026-01-21 22:00:49,618 - WARNING - Alert L3: CRITICAL ALERT, Att: -5
2026-01-21 22:00:49,666 - WARNING - Alert L3: CRITICAL ALERT, Att: -5
2026-01-21 22:00:49,717 - WARNING - Alert L3: CRITICAL ALERT, Att: -5
2026-01-21 22:00:49,847 - WARNING - Alert L3: CRITICAL ALERT, Att: -5
2026-01-21 22:00:49,966 - WARNING - Alert L3: CRITICAL ALERT, Att: -7
2026-01-21 22:00:50,025 - WARNING - Alert L3: CRITICAL ALERT, Att: -10
2026-01-21 22:00:50,222 - WARNING - Alert L3: CRITICAL ALERT, Att: -12
2026-01-21 22:00:50,297 - WARNING - Alert L3: CRITICAL ALERT, Att: -15
2026-01-21 22:00:50,345 - WARNING - Alert L3: CRITICAL ALERT, Att: -23
2026-01-21 22:00:50,395 - WARNING - Alert L3: CRITICAL ALERT, Att: -28
2026-01-21 22:00:50,443 - WARNING - Alert L3: CRITICAL ALERT, Att: -33
2026-01-21 22:00:50,576 - WARNING - Alert L3: CRITICAL ALERT, Att: -34
2026-01-21 22:00:50,694 - WARNING - Alert L3: CRITICAL ALERT, Att: -35
2026-01-21 22:00:50,750 - WARNING - Alert L3: CRITICAL ALERT, Att: -31
2026-01-21 22:00:50,805 - WARNING - Alert L3: CRITICAL ALERT, Att: -24
2026-01-21 22:00:50,853 - WARNING - Alert L3: CRITICAL ALERT, Att: -17
2026-01-21 22:00:50,982 - WARNING - Alert L3: CRITICAL ALERT, Att: -13
2026-01-21 22:00:51,047 - WARNING - Alert L3: CRITICAL ALERT, Att: -13
2026-01-21 22:00:51,096 - WARNING - Alert L3: CRITICAL ALERT, Att: -13
2026-01-21 22:00:51,141 - WARNING - Alert L3: CRITICAL ALERT, Att: -17
2026-01-21 22:00:51,192 - WARNING - Alert L3: CRITICAL ALERT, Att: -21
2026-01-21 22:00:51,314 - WARNING - Alert L3: CRITICAL ALERT, Att: -25
2026-01-21 22:00:51,421 - WARNING - Alert L3: CRITICAL ALERT, Att: -25
2026-01-21 22:00:51,477 - WARNING - Alert L3: CRITICAL ALERT, Att: -25
2026-01-21 22:00:51,535 - WARNING - Alert L3: CRITICAL ALERT, Att: -25
2026-01-21 22:00:51,581 - WARNING - Alert L3: CRITICAL ALERT, Att: -25
2026-01-21 22:00:51,709 - WARNING - Alert L3: CRITICAL ALERT, Att: -31
2026-01-21 22:00:51,763 - WARNING - Alert L3: CRITICAL ALERT, Att: -37
2026-01-21 22:00:51,807 - WARNING - Alert L3: CRITICAL ALERT, Att: -43
2026-01-21 22:00:51,857 - WARNING - Alert L3: CRITICAL ALERT, Att: -48
2026-01-21 22:00:51,908 - WARNING - Alert L3: CRITICAL ALERT, Att: -50
2026-01-21 22:00:52,034 - WARNING - Alert L3: CRITICAL ALERT, Att: -50
2026-01-21 22:00:52,130 - WARNING - Alert L3: CRITICAL ALERT, Att: -49
2026-01-21 22:00:52,192 - WARNING - Alert L3: CRITICAL ALERT, Att: -46
2026-01-21 22:00:52,251 - WARNING - Alert L3: CRITICAL ALERT, Att: -44
2026-01-21 22:00:52,303 - WARNING - Alert L3: CRITICAL ALERT, Att: -41
2026-01-21 22:00:52,431 - WARNING - Alert L3: CRITICAL ALERT, Att: -32
2026-01-21 22:00:52,494 - WARNING - Alert L3: CRITICAL ALERT, Att: -25
2026-01-21 22:00:52,533 - WARNING - Alert L3: CRITICAL ALERT, Att: -17
2026-01-21 22:00:52,587 - WARNING - Alert L3: CRITICAL ALERT, Att: -10
2026-01-21 22:00:52,638 - WARNING - Alert L3: CRITICAL ALERT, Att: -4
2026-01-21 22:00:52,752 - WARNING - Alert L3: CRITICAL ALERT, Att: -4
2026-01-21 22:00:52,854 - WARNING - Alert L3: CRITICAL ALERT, Att: -4
2026-01-21 22:00:52,913 - WARNING - Alert L3: CRITICAL ALERT, Att: -4
2026-01-21 22:00:52,970 - WARNING - Alert L3: CRITICAL ALERT, Att: -4
2026-01-21 22:00:53,036 - WARNING - Alert L3: CRITICAL ALERT, Att: -4
2026-01-21 22:00:53,176 - WARNING - Alert L3: CRITICAL ALERT, Att: -4
2026-01-21 22:00:53,232 - WARNING - Alert L3: CRITICAL ALERT, Att: -4
2026-01-21 22:00:53,279 - WARNING - Alert L3: CRITICAL ALERT, Att: -4
2026-01-21 22:00:53,336 - WARNING - Alert L3: CRITICAL ALERT, Att: -4
2026-01-21 22:00:53,395 - WARNING - Alert L3: CRITICAL ALERT, Att: -4
2026-01-21 22:00:53,538 - WARNING - Alert L3: CRITICAL ALERT, Att: -4
2026-01-21 22:00:53,682 - WARNING - Alert L3: CRITICAL ALERT, Att: -5
2026-01-21 22:00:53,745 - WARNING - Alert L3: CRITICAL ALERT, Att: -5
2026-01-21 22:00:53,800 - WARNING - Alert L3: CRITICAL ALERT, Att: -5
2026-01-21 22:00:53,857 - WARNING - Alert L3: CRITICAL ALERT, Att: -5
2026-01-21 22:00:53,996 - WARNING - Alert L3: CRITICAL ALERT, Att: -5
2026-01-21 22:00:54,046 - WARNING - Alert L3: CRITICAL ALERT, Att: -5
2026-01-21 22:00:54,100 - WARNING - Alert L3: CRITICAL ALERT, Att: -5
2026-01-21 22:00:54,148 - WARNING - Alert L3: CRITICAL ALERT, Att: -5
2026-01-21 22:00:54,198 - WARNING - Alert L3: CRITICAL ALERT, Att: -5
2026-01-21 22:00:54,310 - WARNING - Alert L3: CRITICAL ALERT, Att: -5
2026-01-21 22:00:54,428 - WARNING - Alert L3: CRITICAL ALERT, Att: -5
2026-01-21 22:00:54,506 - WARNING - Alert L3: CRITICAL ALERT, Att: -5
2026-01-21 22:00:54,591 - WARNING - Alert L3: CRITICAL ALERT, Att: -5
2026-01-21 22:00:54,644 - WARNING - Alert L3: CRITICAL ALERT, Att: -5
2026-01-21 22:00:54,773 - WARNING - Alert L3: CRITICAL ALERT, Att: -5
2026-01-21 22:00:54,822 - WARNING - Alert L3: CRITICAL ALERT, Att: -5
2026-01-21 22:00:54,895 - WARNING - Alert L3: CRITICAL ALERT, Att: -5
2026-01-21 22:00:54,971 - WARNING - Alert L3: CRITICAL ALERT, Att: -6
2026-01-21 22:00:55,023 - WARNING - Alert L3: CRITICAL ALERT, Att: -6
2026-01-21 22:00:55,171 - WARNING - Alert L3: CRITICAL ALERT, Att: -6
2026-01-21 22:00:55,285 - WARNING - Alert L3: CRITICAL ALERT, Att: -6
2026-01-21 22:00:55,342 - WARNING - Alert L3: CRITICAL ALERT, Att: -6
2026-01-21 22:00:55,399 - WARNING - Alert L3: CRITICAL ALERT, Att: -6
2026-01-21 22:00:55,466 - WARNING - Alert L3: CRITICAL ALERT, Att: -6
2026-01-21 22:00:55,610 - WARNING - Alert L3: CRITICAL ALERT, Att: -6
2026-01-21 22:00:55,673 - WARNING - Alert L3: CRITICAL ALERT, Att: -6
2026-01-21 22:00:55,725 - WARNING - Alert L3: CRITICAL ALERT, Att: -6
2026-01-21 22:00:55,787 - WARNING - Alert L3: CRITICAL ALERT, Att: -6
2026-01-21 22:00:55,837 - WARNING - Alert L3: CRITICAL ALERT, Att: -6
2026-01-21 22:00:55,988 - WARNING - Alert L3: CRITICAL ALERT, Att: -6
2026-01-21 22:00:56,123 - WARNING - Alert L3: CRITICAL ALERT, Att: -6
2026-01-21 22:00:56,195 - WARNING - Alert L3: CRITICAL ALERT, Att: -6
2026-01-21 22:00:56,257 - WARNING - Alert L3: CRITICAL ALERT, Att: -6
2026-01-21 22:00:56,324 - WARNING - Alert L3: CRITICAL ALERT, Att: -6
2026-01-21 22:00:56,478 - WARNING - Alert L3: CRITICAL ALERT, Att: -6
2026-01-21 22:00:56,554 - WARNING - Alert L3: CRITICAL ALERT, Att: -6
2026-01-21 22:00:56,614 - WARNING - Alert L3: CRITICAL ALERT, Att: -6
2026-01-21 22:00:56,676 - WARNING - Alert L3: CRITICAL ALERT, Att: -6
2026-01-21 22:00:56,728 - WARNING - Alert L3: CRITICAL ALERT, Att: -6
2026-01-21 22:00:56,873 - WARNING - Alert L3: CRITICAL ALERT, Att: -6
2026-01-21 22:00:57,010 - WARNING - Alert L3: CRITICAL ALERT, Att: -6
2026-01-21 22:00:57,071 - WARNING - Alert L3: CRITICAL ALERT, Att: -6
2026-01-21 22:00:57,125 - WARNING - Alert L3: CRITICAL ALERT, Att: -6
2026-01-21 22:00:57,191 - WARNING - Alert L3: CRITICAL ALERT, Att: -6
2026-01-21 22:00:57,324 - WARNING - Alert L3: CRITICAL ALERT, Att: -6
2026-01-21 22:00:57,383 - WARNING - Alert L3: CRITICAL ALERT, Att: -6
2026-01-21 22:00:57,436 - WARNING - Alert L3: CRITICAL ALERT, Att: -6
2026-01-21 22:00:57,491 - WARNING - Alert L3: CRITICAL ALERT, Att: -6
2026-01-21 22:00:57,543 - WARNING - Alert L3: CRITICAL ALERT, Att: -6
2026-01-21 22:00:57,675 - WARNING - Alert L3: CRITICAL ALERT, Att: -6
2026-01-21 22:00:57,837 - WARNING - Alert L3: CRITICAL ALERT, Att: -6
2026-01-21 22:00:57,900 - WARNING - Alert L3: CRITICAL ALERT, Att: -6
2026-01-21 22:00:57,946 - WARNING - Alert L3: CRITICAL ALERT, Att: -6
2026-01-21 22:00:58,001 - WARNING - Alert L3: CRITICAL ALERT, Att: -7
2026-01-21 22:00:58,134 - WARNING - Alert L3: CRITICAL ALERT, Att: -7
2026-01-21 22:00:58,185 - WARNING - Alert L3: CRITICAL ALERT, Att: -8
2026-01-21 22:00:58,240 - WARNING - Alert L3: CRITICAL ALERT, Att: -9
2026-01-21 22:00:58,298 - WARNING - Alert L3: CRITICAL ALERT, Att: -9
2026-01-21 22:00:58,343 - WARNING - Alert L3: CRITICAL ALERT, Att: -11
2026-01-21 22:00:58,469 - WARNING - Alert L3: CRITICAL ALERT, Att: -12
2026-01-21 22:00:58,622 - WARNING - Alert L3: CRITICAL ALERT, Att: -12
2026-01-21 22:00:58,685 - WARNING - Alert L3: CRITICAL ALERT, Att: -15
2026-01-21 22:00:58,790 - WARNING - Alert L3: CRITICAL ALERT, Att: -17
2026-01-21 22:00:58,945 - WARNING - Alert L3: CRITICAL ALERT, Att: -16
2026-01-21 22:00:59,015 - WARNING - Alert L3: CRITICAL ALERT, Att: -16
2026-01-21 22:00:59,064 - WARNING - Alert L3: CRITICAL ALERT, Att: -15
2026-01-21 22:00:59,128 - WARNING - Alert L3: CRITICAL ALERT, Att: -12
2026-01-21 22:00:59,200 - WARNING - Alert L3: CRITICAL ALERT, Att: -10
2026-01-21 22:00:59,331 - WARNING - Alert L3: CRITICAL ALERT, Att: -9
2026-01-21 22:00:59,468 - WARNING - Alert L3: CRITICAL ALERT, Att: -9
2026-01-21 22:00:59,537 - WARNING - Alert L3: CRITICAL ALERT, Att: -8
2026-01-21 22:00:59,594 - WARNING - Alert L3: CRITICAL ALERT, Att: -8
2026-01-21 22:00:59,651 - WARNING - Alert L3: CRITICAL ALERT, Att: -8
2026-01-21 22:00:59,780 - WARNING - Alert L3: CRITICAL ALERT, Att: -8
2026-01-21 22:00:59,838 - WARNING - Alert L3: CRITICAL ALERT, Att: -8
2026-01-21 22:00:59,890 - WARNING - Alert L3: CRITICAL ALERT, Att: -8
2026-01-21 22:00:59,961 - WARNING - Alert L3: CRITICAL ALERT, Att: -8
2026-01-21 22:01:00,065 - WARNING - Alert L3: CRITICAL ALERT, Att: -8
2026-01-21 22:01:00,228 - WARNING - Alert L3: CRITICAL ALERT, Att: -9
2026-01-21 22:01:00,347 - WARNING - Alert L3: CRITICAL ALERT, Att: -11
2026-01-21 22:01:00,405 - WARNING - Alert L3: CRITICAL ALERT, Att: -12
2026-01-21 22:01:00,463 - WARNING - Alert L3: CRITICAL ALERT, Att: -12
2026-01-21 22:01:00,533 - WARNING - Alert L3: CRITICAL ALERT, Att: -12
2026-01-21 22:01:00,662 - WARNING - Alert L3: CRITICAL ALERT, Att: -11
2026-01-21 22:01:00,711 - WARNING - Alert L3: CRITICAL ALERT, Att: -9
2026-01-21 22:01:00,757 - WARNING - Alert L3: CRITICAL ALERT, Att: -8
2026-01-21 22:01:00,811 - WARNING - Alert L3: CRITICAL ALERT, Att: -8
2026-01-21 22:01:00,858 - WARNING - Alert L3: CRITICAL ALERT, Att: -8
2026-01-21 22:01:00,984 - WARNING - Alert L3: CRITICAL ALERT, Att: -8
2026-01-21 22:01:01,120 - WARNING - Alert L3: CRITICAL ALERT, Att: -9
2026-01-21 22:01:01,189 - WARNING - Alert L3: CRITICAL ALERT, Att: -9
2026-01-21 22:01:01,241 - WARNING - Alert L3: CRITICAL ALERT, Att: -9
2026-01-21 22:01:01,289 - WARNING - Alert L3: CRITICAL ALERT, Att: -9
2026-01-21 22:01:01,414 - WARNING - Alert L3: CRITICAL ALERT, Att: -9
2026-01-21 22:01:01,495 - WARNING - Alert L3: CRITICAL ALERT, Att: -10
2026-01-21 22:01:01,550 - WARNING - Alert L3: CRITICAL ALERT, Att: -10
2026-01-21 22:01:01,609 - WARNING - Alert L3: CRITICAL ALERT, Att: -10
2026-01-21 22:01:01,656 - WARNING - Alert L3: CRITICAL ALERT, Att: -10
2026-01-21 22:01:01,792 - WARNING - Alert L3: CRITICAL ALERT, Att: -10
2026-01-21 22:01:01,927 - WARNING - Alert L3: CRITICAL ALERT, Att: -10
2026-01-21 22:01:01,990 - WARNING - Alert L3: CRITICAL ALERT, Att: -10
2026-01-21 22:01:02,068 - WARNING - Alert L3: CRITICAL ALERT, Att: -10
2026-01-21 22:01:02,135 - WARNING - Alert L3: CRITICAL ALERT, Att: -10
2026-01-21 22:01:02,317 - WARNING - Alert L3: CRITICAL ALERT, Att: -10
2026-01-21 22:01:02,399 - WARNING - Alert L3: CRITICAL ALERT, Att: -10
2026-01-21 22:01:02,486 - WARNING - Alert L3: CRITICAL ALERT, Att: -10
2026-01-21 22:01:02,589 - WARNING - Alert L3: CRITICAL ALERT, Att: -10
2026-01-21 22:01:02,664 - WARNING - Alert L3: CRITICAL ALERT, Att: -10
2026-01-21 22:01:02,808 - WARNING - Alert L3: CRITICAL ALERT, Att: -10
2026-01-21 22:01:02,944 - WARNING - Alert L3: CRITICAL ALERT, Att: -10
2026-01-21 22:01:03,008 - WARNING - Alert L3: CRITICAL ALERT, Att: -10
2026-01-21 22:01:03,077 - WARNING - Alert L3: CRITICAL ALERT, Att: -10
2026-01-21 22:01:03,135 - WARNING - Alert L3: CRITICAL ALERT, Att: -10
2026-01-21 22:01:03,275 - WARNING - Alert L3: CRITICAL ALERT, Att: -10
2026-01-21 22:01:03,351 - WARNING - Alert L3: CRITICAL ALERT, Att: -10
2026-01-21 22:01:03,407 - WARNING - Alert L3: CRITICAL ALERT, Att: -10
2026-01-21 22:01:03,460 - WARNING - Alert L3: CRITICAL ALERT, Att: -10
2026-01-21 22:01:03,515 - WARNING - Alert L3: CRITICAL ALERT, Att: -10
2026-01-21 22:01:03,641 - WARNING - Alert L3: CRITICAL ALERT, Att: -10
2026-01-21 22:01:03,753 - WARNING - Alert L3: CRITICAL ALERT, Att: -10
2026-01-21 22:01:03,815 - WARNING - Alert L3: CRITICAL ALERT, Att: -10
2026-01-21 22:01:03,869 - WARNING - Alert L3: CRITICAL ALERT, Att: -10
2026-01-21 22:01:03,925 - WARNING - Alert L3: CRITICAL ALERT, Att: -10
2026-01-21 22:01:04,054 - WARNING - Alert L3: CRITICAL ALERT, Att: -10
2026-01-21 22:01:04,105 - WARNING - Alert L3: CRITICAL ALERT, Att: -11
2026-01-21 22:01:04,152 - WARNING - Alert L3: CRITICAL ALERT, Att: -11
2026-01-21 22:01:04,210 - WARNING - Alert L3: CRITICAL ALERT, Att: -11
2026-01-21 22:01:04,271 - WARNING - Alert L3: CRITICAL ALERT, Att: -11
2026-01-21 22:21:26,920 - WARNING - From E:\anaconda3\envs\drowsy\lib\site-packages\keras\src\backend.py:277: The name tf.reset_default_graph is deprecated. Please use tf.compat.v1.reset_default_graph instead.

2026-01-21 22:21:37,086 - WARNING - From E:\anaconda3\envs\drowsy\lib\site-packages\keras\src\layers\pooling\max_pooling2d.py:161: The name tf.nn.max_pool is deprecated. Please use tf.nn.max_pool2d instead.

2026-01-21 22:21:37,228 - WARNING - From E:\anaconda3\envs\drowsy\lib\site-packages\keras\src\optimizers\__init__.py:309: The name tf.train.Optimizer is deprecated. Please use tf.compat.v1.train.Optimizer instead.

2026-01-21 22:21:39,464 - INFO - Imported existing <module 'comtypes.gen' from 'E:\\anaconda3\\envs\\drowsy\\lib\\site-packages\\comtypes\\gen\\__init__.py'>
2026-01-21 22:21:39,464 - INFO - Using writeable comtypes cache directory: 'E:\anaconda3\envs\drowsy\lib\site-packages\comtypes\gen'
2026-01-21 22:22:03,996 - WARNING - Alert L2: DROWSINESS DETECTED, Att: 65
2026-01-21 22:29:34,725 - WARNING - From E:\anaconda3\envs\drowsy\lib\site-packages\keras\src\backend.py:277: The name tf.reset_default_graph is deprecated. Please use tf.compat.v1.reset_default_graph instead.

2026-01-21 22:29:47,923 - WARNING - From E:\anaconda3\envs\drowsy\lib\site-packages\keras\src\layers\pooling\max_pooling2d.py:161: The name tf.nn.max_pool is deprecated. Please use tf.nn.max_pool2d instead.

2026-01-21 22:29:48,061 - WARNING - From E:\anaconda3\envs\drowsy\lib\site-packages\keras\src\optimizers\__init__.py:309: The name tf.train.Optimizer is deprecated. Please use tf.compat.v1.train.Optimizer instead.

2026-01-21 22:29:51,506 - INFO - Imported existing <module 'comtypes.gen' from 'E:\\anaconda3\\envs\\drowsy\\lib\\site-packages\\comtypes\\gen\\__init__.py'>
2026-01-21 22:29:51,506 - INFO - Using writeable comtypes cache directory: 'E:\anaconda3\envs\drowsy\lib\site-packages\comtypes\gen'
2026-01-21 22:30:47,432 - WARNING - Alert L2: DROWSINESS DETECTED, Att: 18
2026-01-21 22:31:19,982 - WARNING - Alert L2: DROWSINESS DETECTED, Att: 39
2026-01-21 22:36:06,067 - WARNING - From E:\anaconda3\envs\drowsy\lib\site-packages\keras\src\backend.py:277: The name tf.reset_default_graph is deprecated. Please use tf.compat.v1.reset_default_graph instead.

2026-01-21 22:36:17,396 - WARNING - From E:\anaconda3\envs\drowsy\lib\site-packages\keras\src\layers\pooling\max_pooling2d.py:161: The name tf.nn.max_pool is deprecated. Please use tf.nn.max_pool2d instead.

2026-01-21 22:36:17,596 - WARNING - From E:\anaconda3\envs\drowsy\lib\site-packages\keras\src\optimizers\__init__.py:309: The name tf.train.Optimizer is deprecated. Please use tf.compat.v1.train.Optimizer instead.

2026-01-21 22:36:21,387 - INFO - Imported existing <module 'comtypes.gen' from 'E:\\anaconda3\\envs\\drowsy\\lib\\site-packages\\comtypes\\gen\\__init__.py'>
2026-01-21 22:36:21,388 - INFO - Using writeable comtypes cache directory: 'E:\anaconda3\envs\drowsy\lib\site-packages\comtypes\gen'
2026-01-21 22:37:09,332 - WARNING - Alert L2: DROWSINESS DETECTED, Att: 80
2026-01-21 22:37:35,769 - WARNING - Alert L2: DROWSINESS DETECTED, Att: 67
2026-01-21 22:53:31,486 - WARNING - From E:\anaconda3\envs\drowsy\lib\site-packages\keras\src\backend.py:277: The name tf.reset_default_graph is deprecated. Please use tf.compat.v1.reset_default_graph instead.

2026-01-21 22:53:41,269 - WARNING - From E:\anaconda3\envs\drowsy\lib\site-packages\keras\src\layers\pooling\max_pooling2d.py:161: The name tf.nn.max_pool is deprecated. Please use tf.nn.max_pool2d instead.

2026-01-21 22:53:41,621 - WARNING - From E:\anaconda3\envs\drowsy\lib\site-packages\keras\src\optimizers\__init__.py:309: The name tf.train.Optimizer is deprecated. Please use tf.compat.v1.train.Optimizer instead.

2026-01-21 22:53:45,025 - INFO - Imported existing <module 'comtypes.gen' from 'E:\\anaconda3\\envs\\drowsy\\lib\\site-packages\\comtypes\\gen\\__init__.py'>
2026-01-21 22:53:45,026 - INFO - Using writeable comtypes cache directory: 'E:\anaconda3\envs\drowsy\lib\site-packages\comtypes\gen'
2026-01-21 23:25:59,515 - WARNING - From E:\anaconda3\envs\drowsy\lib\site-packages\keras\src\backend.py:277: The name tf.reset_default_graph is deprecated. Please use tf.compat.v1.reset_default_graph instead.

2026-01-21 23:26:18,652 - WARNING - From E:\anaconda3\envs\drowsy\lib\site-packages\keras\src\layers\pooling\max_pooling2d.py:161: The name tf.nn.max_pool is deprecated. Please use tf.nn.max_pool2d instead.

2026-01-21 23:26:18,987 - WARNING - From E:\anaconda3\envs\drowsy\lib\site-packages\keras\src\optimizers\__init__.py:309: The name tf.train.Optimizer is deprecated. Please use tf.compat.v1.train.Optimizer instead.

2026-01-21 23:26:24,585 - INFO - Imported existing <module 'comtypes.gen' from 'E:\\anaconda3\\envs\\drowsy\\lib\\site-packages\\comtypes\\gen\\__init__.py'>
2026-01-21 23:26:24,586 - INFO - Using writeable comtypes cache directory: 'E:\anaconda3\envs\drowsy\lib\site-packages\comtypes\gen'
2026-01-21 23:27:07,491 - WARNING - Alert L2: DROWSINESS DETECTED, Att: 65
2026-01-21 23:31:52,124 - WARNING - From E:\anaconda3\envs\drowsy\lib\site-packages\keras\src\backend.py:277: The name tf.reset_default_graph is deprecated. Please use tf.compat.v1.reset_default_graph instead.

2026-01-21 23:32:09,886 - WARNING - From E:\anaconda3\envs\drowsy\lib\site-packages\keras\src\layers\pooling\max_pooling2d.py:161: The name tf.nn.max_pool is deprecated. Please use tf.nn.max_pool2d instead.

2026-01-21 23:32:10,261 - WARNING - From E:\anaconda3\envs\drowsy\lib\site-packages\keras\src\optimizers\__init__.py:309: The name tf.train.Optimizer is deprecated. Please use tf.compat.v1.train.Optimizer instead.

2026-01-21 23:32:18,129 - INFO - Imported existing <module 'comtypes.gen' from 'E:\\anaconda3\\envs\\drowsy\\lib\\site-packages\\comtypes\\gen\\__init__.py'>
2026-01-21 23:32:18,130 - INFO - Using writeable comtypes cache directory: 'E:\anaconda3\envs\drowsy\lib\site-packages\comtypes\gen'
2026-01-21 23:32:56,800 - WARNING - Alert L2: DROWSINESS DETECTED, Att: 65
2026-01-21 23:38:32,607 - WARNING - From E:\anaconda3\envs\drowsy\lib\site-packages\keras\src\backend.py:277: The name tf.reset_default_graph is deprecated. Please use tf.compat.v1.reset_default_graph instead.

2026-01-21 23:38:42,753 - WARNING - From E:\anaconda3\envs\drowsy\lib\site-packages\keras\src\layers\pooling\max_pooling2d.py:161: The name tf.nn.max_pool is deprecated. Please use tf.nn.max_pool2d instead.

2026-01-21 23:38:43,114 - WARNING - From E:\anaconda3\envs\drowsy\lib\site-packages\keras\src\optimizers\__init__.py:309: The name tf.train.Optimizer is deprecated. Please use tf.compat.v1.train.Optimizer instead.

2026-01-21 23:38:50,946 - INFO - Imported existing <module 'comtypes.gen' from 'E:\\anaconda3\\envs\\drowsy\\lib\\site-packages\\comtypes\\gen\\__init__.py'>
2026-01-21 23:38:50,946 - INFO - Using writeable comtypes cache directory: 'E:\anaconda3\envs\drowsy\lib\site-packages\comtypes\gen'
2026-01-21 23:40:15,249 - WARNING - Alert L2: DROWSINESS DETECTED, Att: 44
2026-01-21 23:40:44,304 - INFO - Voice alert: Be more focused. If you feel sleepy, please park the car outside the road and take rest. (Attention: 49%)
2026-01-21 23:41:00,734 - WARNING - Alert L2: DROWSINESS DETECTED, Att: 45
2026-01-21 23:41:43,488 - WARNING - Alert L2: DROWSINESS DETECTED, Att: 54
2026-01-21 23:42:21,661 - INFO - Voice alert: Be focused on the road. (Attention: 74%)
2026-01-21 23:42:26,218 - WARNING - Alert L2: DROWSINESS DETECTED, Att: 62
2026-01-21 23:43:09,001 - WARNING - Alert L2: DROWSINESS DETECTED, Att: 60
2026-01-21 23:43:44,016 - INFO - Voice alert: Be more focused. If you feel sleepy, please park the car outside the road and take rest. (Attention: 49%)
2026-01-21 23:43:49,308 - WARNING - Alert L2: DROWSINESS DETECTED, Att: 47
2026-01-21 23:44:27,805 - WARNING - Alert L2: DROWSINESS DETECTED, Att: 21
2026-01-21 23:45:24,291 - WARNING - Alert L2: DROWSINESS DETECTED, Att: 58
2026-01-21 23:46:20,255 - WARNING - Alert L2: DROWSINESS DETECTED, Att: 61
2026-01-21 23:47:07,416 - WARNING - Alert L2: DROWSINESS DETECTED, Att: 73
2026-01-21 23:47:34,581 - INFO - Voice alert: Be focused on the road. (Attention: 74%)
2026-01-21 23:47:48,699 - WARNING - Alert L2: DROWSINESS DETECTED, Att: 76
2026-01-21 23:49:12,443 - WARNING - From E:\anaconda3\envs\drowsy\lib\site-packages\keras\src\backend.py:277: The name tf.reset_default_graph is deprecated. Please use tf.compat.v1.reset_default_graph instead.

2026-01-21 23:49:48,883 - WARNING - From E:\anaconda3\envs\drowsy\lib\site-packages\keras\src\layers\pooling\max_pooling2d.py:161: The name tf.nn.max_pool is deprecated. Please use tf.nn.max_pool2d instead.

2026-01-21 23:49:49,197 - WARNING - From E:\anaconda3\envs\drowsy\lib\site-packages\keras\src\optimizers\__init__.py:309: The name tf.train.Optimizer is deprecated. Please use tf.compat.v1.train.Optimizer instead.

2026-01-21 23:49:55,138 - INFO - Imported existing <module 'comtypes.gen' from 'E:\\anaconda3\\envs\\drowsy\\lib\\site-packages\\comtypes\\gen\\__init__.py'>
2026-01-21 23:49:55,139 - INFO - Using writeable comtypes cache directory: 'E:\anaconda3\envs\drowsy\lib\site-packages\comtypes\gen'
2026-01-21 23:50:48,344 - WARNING - Alert L2: DROWSINESS DETECTED, Att: 15
2026-01-21 23:51:34,873 - WARNING - Alert L2: DROWSINESS DETECTED, Att: 23
2026-01-21 23:52:43,064 - WARNING - Alert L2: DROWSINESS DETECTED, Att: 31
2026-01-21 23:53:22,291 - WARNING - Alert L2: DROWSINESS DETECTED, Att: 69
2026-01-21 23:54:01,949 - WARNING - Alert L2: DROWSINESS DETECTED, Att: 70
2026-01-21 23:54:40,037 - WARNING - Alert L2: DROWSINESS DETECTED, Att: 77
2026-01-21 23:54:48,831 - INFO - Voice alert: Be focused on the road. (Attention: 74%)
2026-01-21 23:55:40,859 - WARNING - Alert L2: DROWSINESS DETECTED, Att: 49
2026-01-21 23:56:10,283 - INFO - Voice alert: Be more focused. If you feel sleepy, please park the car outside the road and take rest. (Attention: 49%)
2026-01-21 23:56:25,064 - WARNING - Alert L2: DROWSINESS DETECTED, Att: 24
2026-01-21 23:57:03,963 - WARNING - Alert L2: DROWSINESS DETECTED, Att: 40
2026-01-21 23:57:45,215 - WARNING - Alert L2: DROWSINESS DETECTED, Att: 70
2026-01-21 23:58:18,212 - INFO - Voice alert: Be focused on the road. (Attention: 74%)
2026-01-21 23:58:23,428 - WARNING - Alert L2: DROWSINESS DETECTED, Att: 69
2026-01-21 23:58:40,112 - INFO - Voice alert: Be more focused. If you feel sleepy, please park the car outside the road and take rest. (Attention: 49%)
2026-01-21 23:59:02,604 - WARNING - Alert L2: DROWSINESS DETECTED, Att: 68
2026-01-21 23:59:41,501 - WARNING - Alert L2: DROWSINESS DETECTED, Att: 70
2026-01-22 09:10:57,398 - WARNING - From E:\anaconda3\envs\drowsy\lib\site-packages\keras\src\backend.py:277: The name tf.reset_default_graph is deprecated. Please use tf.compat.v1.reset_default_graph instead.

2026-01-22 09:11:44,932 - WARNING - From E:\anaconda3\envs\drowsy\lib\site-packages\keras\src\layers\pooling\max_pooling2d.py:161: The name tf.nn.max_pool is deprecated. Please use tf.nn.max_pool2d instead.

2026-01-22 09:11:45,793 - WARNING - From E:\anaconda3\envs\drowsy\lib\site-packages\keras\src\optimizers\__init__.py:309: The name tf.train.Optimizer is deprecated. Please use tf.compat.v1.train.Optimizer instead.

2026-01-22 09:11:55,388 - INFO - Imported existing <module 'comtypes.gen' from 'E:\\anaconda3\\envs\\drowsy\\lib\\site-packages\\comtypes\\gen\\__init__.py'>
2026-01-22 09:11:55,390 - INFO - Using writeable comtypes cache directory: 'E:\anaconda3\envs\drowsy\lib\site-packages\comtypes\gen'
2026-01-22 09:13:32,916 - INFO - Voice alert: Be more focused. If you feel sleepy, please park the car outside the road and take rest. (Attention: 49%)
2026-01-22 09:13:56,724 - WARNING - Alert L2: DROWSINESS DETECTED, Att: 55
2026-01-22 09:14:20,776 - INFO - Voice alert: Be more focused. If you feel sleepy, please park the car outside the road and take rest. (Attention: 49%)
2026-01-22 09:14:44,190 - WARNING - Alert L2: DROWSINESS DETECTED, Att: 55
2026-01-22 10:04:32,213 - INFO - Voice alert: Be more focused. If you feel sleepy, please park the car outside the road and take rest. (Attention: 49%)
2026-01-22 10:04:42,320 - WARNING - Alert L2: DROWSINESS DETECTED, Att: 47
2026-01-22 10:05:24,961 - WARNING - Alert L2: DROWSINESS DETECTED, Att: 62
2026-01-22 10:06:04,402 - WARNING - Alert L2: DROWSINESS DETECTED, Att: 67
2026-01-22 10:06:43,818 - WARNING - Alert L2: DROWSINESS DETECTED, Att: 69
2026-01-22 10:07:08,105 - INFO - Voice alert: Be more focused. If you feel sleepy, please park the car outside the road and take rest. (Attention: 49%)
2026-01-22 10:07:23,272 - WARNING - Alert L2: DROWSINESS DETECTED, Att: 57
2026-01-22 10:07:53,917 - INFO - Voice alert: Be more focused. If you feel sleepy, please park the car outside the road and take rest. (Attention: 49%)
2026-01-22 10:08:00,522 - WARNING - Alert L2: DROWSINESS DETECTED, Att: 51
2026-01-22 10:08:37,016 - INFO - Voice alert: Be more focused. If you feel sleepy, please park the car outside the road and take rest. (Attention: 49%)
2026-01-22 10:08:47,409 - WARNING - Alert L2: DROWSINESS DETECTED, Att: 59
2026-01-22 10:09:26,321 - WARNING - Alert L2: DROWSINESS DETECTED, Att: 57
2026-01-22 10:09:49,704 - INFO - Voice alert: Be more focused. If you feel sleepy, please park the car outside the road and take rest. (Attention: 49%)
2026-01-22 10:10:10,517 - WARNING - Alert L2: DROWSINESS DETECTED, Att: 46
2026-01-22 10:10:33,056 - INFO - Voice alert: Be more focused. If you feel sleepy, please park the car outside the road and take rest. (Attention: 49%)
2026-01-22 10:10:49,176 - INFO - Voice alert: Be more focused. If you feel sleepy, please park the car outside the road and take rest. (Attention: 49%)
2026-01-22 10:10:50,604 - WARNING - Alert L2: DROWSINESS DETECTED, Att: 47
2026-01-22 10:11:30,112 - WARNING - Alert L2: DROWSINESS DETECTED, Att: 58
2026-01-22 10:12:09,222 - WARNING - Alert L2: DROWSINESS DETECTED, Att: 67
2026-01-22 10:12:48,568 - WARNING - Alert L2: DROWSINESS DETECTED, Att: 74
2026-01-22 10:13:21,201 - INFO - Voice alert: Be focused on the road. (Attention: 74%)
2026-01-22 10:13:26,952 - WARNING - Alert L2: DROWSINESS DETECTED, Att: 74
2026-01-22 10:14:05,164 - WARNING - Alert L2: DROWSINESS DETECTED, Att: 50
2026-01-22 10:14:14,155 - INFO - Voice alert: Be more focused. If you feel sleepy, please park the car outside the road and take rest. (Attention: 49%)
2026-01-22 10:14:40,166 - INFO - Voice alert: Be more focused. If you feel sleepy, please park the car outside the road and take rest. (Attention: 49%)
2026-01-22 10:14:44,157 - WARNING - Alert L2: DROWSINESS DETECTED, Att: 38
2026-01-22 10:15:27,441 - WARNING - Alert L2: DROWSINESS DETECTED, Att: 37
2026-01-22 10:16:05,295 - WARNING - Alert L2: DROWSINESS DETECTED, Att: 59
2026-01-22 10:41:55,271 - WARNING - Alert L2: DROWSINESS DETECTED, Att: 65
2026-01-22 10:42:38,387 - WARNING - Alert L2: DROWSINESS DETECTED, Att: 65
2026-01-22 10:42:51,481 - INFO - Voice alert: Be more focused. If you feel sleepy, please park the car outside the road and take rest. (Attention: 49%)
2026-01-22 10:43:07,985 - INFO - Voice alert: Be more focused. If you feel sleepy, please park the car outside the road and take rest. (Attention: 48%)
2026-01-22 10:43:19,505 - WARNING - Alert L2: DROWSINESS DETECTED, Att: 22
2026-01-22 10:43:59,563 - WARNING - Alert L2: DROWSINESS DETECTED, Att: 65
2026-01-22 10:44:31,558 - INFO - Voice alert: Be more focused. If you feel sleepy, please park the car outside the road and take rest. (Attention: 48%)
2026-01-22 10:44:39,455 - WARNING - Alert L2: DROWSINESS DETECTED, Att: 45
2026-01-22 10:45:18,170 - WARNING - Alert L2: DROWSINESS DETECTED, Att: 56
2026-01-22 10:45:58,601 - WARNING - Alert L2: DROWSINESS DETECTED, Att: 57
2026-01-22 10:46:38,291 - WARNING - Alert L2: DROWSINESS DETECTED, Att: 67
2026-01-22 10:47:16,795 - WARNING - Alert L2: DROWSINESS DETECTED, Att: 75
2026-01-22 10:47:18,065 - INFO - Voice alert: Be focused on the road. (Attention: 74%)
2026-01-22 11:42:30,332 - WARNING - Alert L2: DROWSINESS DETECTED, Att: 64
2026-01-22 11:43:52,192 - WARNING - Alert L2: DROWSINESS DETECTED, Att: 68
2026-01-22 11:44:20,949 - WARNING - Alert L2: DROWSINESS DETECTED, Att: 66
2026-01-22 11:45:14,743 - WARNING - Alert L2: DROWSINESS DETECTED, Att: 76
2026-01-22 11:45:20,210 - INFO - Voice alert: Be focused on the road. (Attention: 74%)
2026-01-22 11:45:36,738 - INFO - Voice alert: Be focused on the road. (Attention: 74%)
2026-01-22 11:45:50,825 - WARNING - Alert L2: DROWSINESS DETECTED, Att: 66
2026-01-22 11:46:05,152 - INFO - Voice alert: Be focused on the road. (Attention: 74%)
2026-01-22 11:46:24,061 - WARNING - Alert L2: DROWSINESS DETECTED, Att: 69
2026-01-22 11:46:35,014 - INFO - Voice alert: Be focused on the road. (Attention: 74%)
2026-01-22 11:47:27,793 - WARNING - Alert L2: DROWSINESS DETECTED, Att: 56
2026-01-22 11:47:39,087 - INFO - Voice alert: Be more focused. If you feel sleepy, please park the car outside the road and take rest. (Attention: 49%)
2026-01-22 11:48:58,826 - INFO - Voice alert: Be focused on the road. (Attention: 73%)
2026-01-22 11:49:25,361 - INFO - Voice alert: Be focused on the road. (Attention: 74%)
2026-01-22 11:49:28,845 - WARNING - Alert L2: DROWSINESS DETECTED, Att: 71
2026-01-22 11:49:59,676 - WARNING - Alert L2: DROWSINESS DETECTED, Att: 63
2026-01-22 11:50:32,666 - WARNING - Alert L2: DROWSINESS DETECTED, Att: 78
2026-01-22 11:50:35,755 - INFO - Voice alert: Be focused on the road. (Attention: 74%)
2026-01-22 11:50:54,833 - WARNING - Alert L2: DROWSINESS DETECTED, Att: 79
2026-01-22 11:50:59,454 - INFO - Voice alert: Be focused on the road. (Attention: 74%)
2026-01-22 11:51:19,471 - WARNING - Alert L2: DROWSINESS DETECTED, Att: 66
2026-01-22 11:51:33,660 - INFO - Voice alert: Be more focused. If you feel sleepy, please park the car outside the road and take rest. (Attention: 49%)
2026-01-22 11:51:45,827 - WARNING - Alert L2: DROWSINESS DETECTED, Att: 57
2026-01-22 11:52:13,659 - WARNING - Alert L2: DROWSINESS DETECTED, Att: 53
2026-01-22 11:52:30,608 - INFO - Voice alert: Be more focused. If you feel sleepy, please park the car outside the road and take rest. (Attention: 49%)
2026-01-22 11:53:31,782 - INFO - Voice alert: Be more focused. If you feel sleepy, please park the car outside the road and take rest. (Attention: 49%)
2026-01-22 11:53:32,235 - WARNING - Alert L2: DROWSINESS DETECTED, Att: 49
2026-01-22 11:53:58,921 - INFO - Voice alert: Be more focused. If you feel sleepy, please park the car outside the road and take rest. (Attention: 49%)
2026-01-22 11:53:59,630 - WARNING - Alert L2: DROWSINESS DETECTED, Att: 48
2026-01-22 11:54:25,111 - WARNING - Alert L2: DROWSINESS DETECTED, Att: 36
2026-01-22 11:55:49,323 - WARNING - Alert L2: DROWSINESS DETECTED, Att: 53
2026-01-22 11:55:50,336 - INFO - Voice alert: Be more focused. If you feel sleepy, please park the car outside the road and take rest. (Attention: 49%)
2026-01-22 11:56:20,018 - INFO - Voice alert: Be more focused. If you feel sleepy, please park the car outside the road and take rest. (Attention: 49%)
2026-01-22 11:56:25,605 - WARNING - Alert L2: DROWSINESS DETECTED, Att: 50
2026-01-22 11:56:53,691 - INFO - Voice alert: Be more focused. If you feel sleepy, please park the car outside the road and take rest. (Attention: 49%)
2026-01-22 11:57:40,413 - WARNING - Alert L2: DROWSINESS DETECTED, Att: 63
2026-01-22 11:58:21,497 - WARNING - Alert L2: DROWSINESS DETECTED, Att: 57
2026-01-22 11:59:16,850 - INFO - Voice alert: Be focused on the road. (Attention: 74%)
2026-01-22 11:59:16,863 - WARNING - Alert L2: DROWSINESS DETECTED, Att: 74
2026-01-22 11:59:34,639 - INFO - Voice alert: Be more focused. If you feel sleepy, please park the car outside the road and take rest. (Attention: 49%)
2026-01-22 12:00:25,840 - WARNING - Alert L2: DROWSINESS DETECTED, Att: 67
2026-01-22 12:03:21,475 - WARNING - Alert L2: DROWSINESS DETECTED, Att: 58
2026-01-22 12:05:24,371 - WARNING - Alert L2: DROWSINESS DETECTED, Att: 56
2026-01-22 12:05:28,338 - INFO - Voice alert: Be more focused. If you feel sleepy, please park the car outside the road and take rest. (Attention: 49%)
2026-01-22 12:06:24,117 - WARNING - Alert L2: DROWSINESS DETECTED, Att: 61
2026-01-22 12:07:17,883 - WARNING - Alert L2: DROWSINESS DETECTED, Att: 65
2026-01-22 12:08:58,276 - WARNING - Alert L2: DROWSINESS DETECTED, Att: 70
2026-01-22 12:09:05,254 - INFO - Voice alert: Be focused on the road. (Attention: 74%)
2026-01-22 12:10:07,855 - WARNING - Alert L2: DROWSINESS DETECTED, Att: 76
2026-01-22 12:10:12,289 - INFO - Voice alert: Be focused on the road. (Attention: 73%)
2026-01-22 12:10:56,410 - INFO - Voice alert: Be focused on the road. (Attention: 74%)
2026-01-22 12:11:34,591 - WARNING - Alert L2: DROWSINESS DETECTED, Att: 66
2026-01-22 12:11:44,721 - INFO - Voice alert: Be focused on the road. (Attention: 74%)
2026-01-22 12:12:16,103 - WARNING - Alert L2: DROWSINESS DETECTED, Att: 57
2026-01-22 12:12:22,557 - INFO - Voice alert: Be more focused. If you feel sleepy, please park the car outside the road and take rest. (Attention: 49%)
2026-01-22 12:13:04,125 - WARNING - Alert L2: DROWSINESS DETECTED, Att: 59
2026-01-22 12:13:28,306 - INFO - Voice alert: Be more focused. If you feel sleepy, please park the car outside the road and take rest. (Attention: 49%)
2026-01-22 12:13:57,664 - WARNING - Alert L2: DROWSINESS DETECTED, Att: 60
2026-01-22 12:14:36,625 - WARNING - Alert L2: DROWSINESS DETECTED, Att: 64
2026-01-22 12:15:13,211 - INFO - Voice alert: Be more focused. If you feel sleepy, please park the car outside the road and take rest. (Attention: 49%)
2026-01-22 12:15:17,234 - WARNING - Alert L2: DROWSINESS DETECTED, Att: 48
2026-01-22 12:15:44,463 - INFO - Voice alert: Be more focused. If you feel sleepy, please park the car outside the road and take rest. (Attention: 49%)
2026-01-22 12:15:59,526 - WARNING - Alert L2: DROWSINESS DETECTED, Att: 42
2026-01-22 12:16:34,429 - INFO - Voice alert: Be more focused. If you feel sleepy, please park the car outside the road and take rest. (Attention: 48%)
2026-01-22 12:16:44,491 - WARNING - Alert L2: DROWSINESS DETECTED, Att: 32
2026-01-22 12:17:24,628 - INFO - Voice alert: Be more focused. If you feel sleepy, please park the car outside the road and take rest. (Attention: 49%)
2026-01-22 12:17:28,458 - WARNING - Alert L2: DROWSINESS DETECTED, Att: 42
2026-01-22 12:17:52,665 - INFO - Voice alert: Be more focused. If you feel sleepy, please park the car outside the road and take rest. (Attention: 49%)
2026-01-22 12:18:26,187 - WARNING - Alert L2: DROWSINESS DETECTED, Att: 36
2026-01-22 12:19:21,797 - INFO - Voice alert: Be more focused. If you feel sleepy, please park the car outside the road and take rest. (Attention: 49%)
2026-01-22 12:19:58,506 - INFO - Voice alert: Be more focused. If you feel sleepy, please park the car outside the road and take rest. (Attention: 49%)
2026-01-22 12:20:00,689 - WARNING - Alert L2: DROWSINESS DETECTED, Att: 48
2026-01-22 12:21:31,811 - INFO - Voice alert: Be more focused. If you feel sleepy, please park the car outside the road and take rest. (Attention: 49%)
2026-01-22 12:21:36,103 - WARNING - Alert L2: DROWSINESS DETECTED, Att: 48
2026-01-22 12:22:29,874 - WARNING - Alert L2: DROWSINESS DETECTED, Att: 76
2026-01-22 12:22:35,412 - INFO - Voice alert: Be focused on the road. (Attention: 74%)
2026-01-22 12:23:34,777 - WARNING - Alert L2: DROWSINESS DETECTED, Att: 57
2026-01-22 12:24:01,458 - INFO - Voice alert: Be more focused. If you feel sleepy, please park the car outside the road and take rest. (Attention: 49%)
2026-01-22 12:24:31,780 - WARNING - Alert L2: DROWSINESS DETECTED, Att: 59
2026-01-22 12:27:54,211 - WARNING - Alert L2: DROWSINESS DETECTED, Att: 68
2026-01-22 12:28:58,478 - WARNING - Alert L2: DROWSINESS DETECTED, Att: 67
2026-01-22 12:29:50,641 - WARNING - Alert L2: DROWSINESS DETECTED, Att: 73
2026-01-22 12:30:24,871 - INFO - Voice alert: Be focused on the road. (Attention: 73%)
2026-01-22 12:31:12,679 - WARNING - Alert L2: DROWSINESS DETECTED, Att: 67
2026-01-22 12:31:35,713 - INFO - Voice alert: Be more focused. If you feel sleepy, please park the car outside the road and take rest. (Attention: 49%)
2026-01-22 12:32:00,304 - WARNING - Alert L2: DROWSINESS DETECTED, Att: 64
2026-01-22 12:34:26,681 - WARNING - Alert L2: DROWSINESS DETECTED, Att: 58
2026-01-22 12:34:36,611 - INFO - Voice alert: Be more focused. If you feel sleepy, please park the car outside the road and take rest. (Attention: 49%)
2026-01-22 12:35:20,126 - INFO - Voice alert: Be more focused. If you feel sleepy, please park the car outside the road and take rest. (Attention: 49%)
2026-01-22 12:35:24,238 - WARNING - Alert L2: DROWSINESS DETECTED, Att: 44
2026-01-22 12:36:23,076 - INFO - Voice alert: Be more focused. If you feel sleepy, please park the car outside the road and take rest. (Attention: 49%)
2026-01-22 12:36:27,763 - WARNING - Alert L2: DROWSINESS DETECTED, Att: 54
2026-01-22 12:36:50,798 - INFO - Voice alert: Be focused on the road. (Attention: 74%)
2026-01-22 12:37:36,954 - WARNING - Alert L2: DROWSINESS DETECTED, Att: 72
2026-01-22 12:38:02,527 - INFO - Voice alert: Be more focused. If you feel sleepy, please park the car outside the road and take rest. (Attention: 48%)
2026-01-22 12:38:49,951 - WARNING - Alert L2: DROWSINESS DETECTED, Att: 34
2026-01-22 12:40:11,615 - WARNING - Alert L2: DROWSINESS DETECTED, Att: 61
2026-01-22 12:41:16,838 - WARNING - Alert L2: DROWSINESS DETECTED, Att: 74
2026-01-22 12:42:14,036 - INFO - Voice alert: Be focused on the road. (Attention: 74%)
2026-01-22 12:42:49,302 - WARNING - Alert L2: DROWSINESS DETECTED, Att: 80
2026-01-22 12:42:56,608 - INFO - Voice alert: Be focused on the road. (Attention: 74%)
2026-01-22 12:44:14,827 - WARNING - Alert L2: DROWSINESS DETECTED, Att: 68
2026-01-22 12:44:31,183 - INFO - Voice alert: Be focused on the road. (Attention: 73%)
2026-01-22 12:45:19,381 - WARNING - Alert L2: DROWSINESS DETECTED, Att: 67
2026-01-22 12:45:39,945 - INFO - Voice alert: Be focused on the road. (Attention: 74%)
2026-01-22 12:46:18,801 - WARNING - Alert L2: DROWSINESS DETECTED, Att: 80
2026-01-22 12:46:35,747 - INFO - Voice alert: Be focused on the road. (Attention: 74%)
2026-01-22 12:47:22,723 - WARNING - Alert L2: DROWSINESS DETECTED, Att: 69
2026-01-22 12:48:22,675 - INFO - Voice alert: Be focused on the road. (Attention: 74%)
2026-01-22 12:48:22,688 - WARNING - Alert L2: DROWSINESS DETECTED, Att: 74
2026-01-22 12:49:38,137 - INFO - Voice alert: Be focused on the road. (Attention: 74%)
2026-01-22 12:49:39,486 - WARNING - Alert L2: DROWSINESS DETECTED, Att: 74
2026-01-22 12:50:28,437 - INFO - Voice alert: Be focused on the road. (Attention: 74%)
2026-01-22 12:50:38,196 - WARNING - Alert L2: DROWSINESS DETECTED, Att: 77
2026-01-22 12:50:45,974 - INFO - Voice alert: Be focused on the road. (Attention: 74%)
2026-01-22 12:51:30,788 - INFO - Voice alert: Be focused on the road. (Attention: 74%)
2026-01-22 12:51:32,431 - WARNING - Alert L2: DROWSINESS DETECTED, Att: 73
2026-01-22 12:52:46,856 - WARNING - Alert L2: DROWSINESS DETECTED, Att: 56
2026-01-22 12:53:23,646 - INFO - Voice alert: Be more focused. If you feel sleepy, please park the car outside the road and take rest. (Attention: 49%)
2026-01-22 12:53:42,876 - WARNING - Alert L2: DROWSINESS DETECTED, Att: 50
2026-01-22 12:54:06,727 - INFO - Voice alert: Be more focused. If you feel sleepy, please park the car outside the road and take rest. (Attention: 49%)
2026-01-22 12:54:26,733 - WARNING - Alert L2: DROWSINESS DETECTED, Att: 65
2026-01-22 12:54:36,896 - INFO - Voice alert: Be more focused. If you feel sleepy, please park the car outside the road and take rest. (Attention: 49%)
2026-01-22 12:55:24,061 - WARNING - Alert L2: DROWSINESS DETECTED, Att: 57
2026-01-22 12:56:57,227 - WARNING - Alert L2: DROWSINESS DETECTED, Att: 79
2026-01-22 12:57:28,971 - WARNING - Alert L2: DROWSINESS DETECTED, Att: 79
2026-01-22 12:57:32,084 - INFO - Voice alert: Be focused on the road. (Attention: 74%)
2026-01-22 12:57:59,603 - WARNING - Alert L2: DROWSINESS DETECTED, Att: 73
2026-01-22 12:58:08,501 - INFO - Voice alert: Be focused on the road. (Attention: 73%)
2026-01-22 12:58:38,209 - WARNING - Alert L2: DROWSINESS DETECTED, Att: 67
2026-01-22 12:59:24,636 - WARNING - Alert L2: DROWSINESS DETECTED, Att: 61
2026-01-22 13:00:27,051 - WARNING - Alert L2: DROWSINESS DETECTED, Att: 69
2026-01-22 13:01:29,493 - INFO - Voice alert: Be focused on the road. (Attention: 74%)
2026-01-22 13:01:30,565 - WARNING - Alert L2: DROWSINESS DETECTED, Att: 72
2026-01-22 13:01:44,838 - INFO - Voice alert: Be more focused. If you feel sleepy, please park the car outside the road and take rest. (Attention: 49%)
2026-01-22 13:02:42,937 - WARNING - Alert L2: DROWSINESS DETECTED, Att: 65
2026-01-22 13:02:58,740 - INFO - Voice alert: Be more focused. If you feel sleepy, please park the car outside the road and take rest. (Attention: 49%)
2026-01-22 13:03:33,035 - WARNING - Alert L2: DROWSINESS DETECTED, Att: 65
2026-01-22 13:04:08,345 - INFO - Voice alert: Be more focused. If you feel sleepy, please park the car outside the road and take rest. (Attention: 49%)
2026-01-22 13:04:27,358 - WARNING - Alert L2: DROWSINESS DETECTED, Att: 56
2026-01-22 13:04:51,156 - INFO - Voice alert: Be more focused. If you feel sleepy, please park the car outside the road and take rest. (Attention: 49%)
2026-01-22 13:05:11,706 - WARNING - Alert L2: DROWSINESS DETECTED, Att: 63
2026-01-22 13:07:08,297 - WARNING - Alert L2: DROWSINESS DETECTED, Att: 59
2026-01-22 13:07:25,776 - INFO - Voice alert: Be more focused. If you feel sleepy, please park the car outside the road and take rest. (Attention: 49%)
2026-01-22 13:08:32,521 - WARNING - Alert L2: DROWSINESS DETECTED, Att: 58
2026-01-22 13:09:10,711 - INFO - Voice alert: Be more focused. If you feel sleepy, please park the car outside the road and take rest. (Attention: 49%)
2026-01-22 13:09:22,190 - WARNING - Alert L2: DROWSINESS DETECTED, Att: 41
2026-01-22 13:11:27,880 - WARNING - Alert L2: DROWSINESS DETECTED, Att: 24
2026-01-22 13:12:39,681 - WARNING - Alert L2: DROWSINESS DETECTED, Att: 65
2026-01-22 13:13:22,604 - WARNING - Alert L2: DROWSINESS DETECTED, Att: 55
2026-01-22 13:14:12,577 - INFO - Voice alert: Be more focused. If you feel sleepy, please park the car outside the road and take rest. (Attention: 49%)
2026-01-22 13:14:22,555 - WARNING - Alert L2: DROWSINESS DETECTED, Att: 35
2026-01-22 13:16:31,521 - INFO - Voice alert: Be more focused. If you feel sleepy, please park the car outside the road and take rest. (Attention: 49%)
2026-01-22 13:18:58,742 - INFO - Voice alert: Be more focused. If you feel sleepy, please park the car outside the road and take rest. (Attention: 49%)
2026-01-22 13:19:06,099 - WARNING - Alert L2: DROWSINESS DETECTED, Att: 31
2026-01-22 13:19:59,846 - WARNING - Alert L2: DROWSINESS DETECTED, Att: 65
2026-01-22 13:21:53,385 - INFO - Voice alert: Be more focused. If you feel sleepy, please park the car outside the road and take rest. (Attention: 48%)
2026-01-22 13:22:09,922 - WARNING - Alert L2: DROWSINESS DETECTED, Att: 6
2026-01-22 13:24:15,456 - WARNING - Alert L2: DROWSINESS DETECTED, Att: 24
2026-01-22 13:25:15,817 - INFO - Voice alert: Be focused on the road. (Attention: 74%)
2026-01-22 13:25:57,546 - WARNING - Alert L2: DROWSINESS DETECTED, Att: 60
2026-01-22 13:26:07,745 - INFO - Voice alert: Be more focused. If you feel sleepy, please park the car outside the road and take rest. (Attention: 49%)
2026-01-22 13:26:34,886 - WARNING - Alert L2: DROWSINESS DETECTED, Att: 57
2026-01-22 13:27:18,532 - WARNING - Alert L2: DROWSINESS DETECTED, Att: 69
2026-01-22 13:29:19,137 - INFO - Voice alert: Be more focused. If you feel sleepy, please park the car outside the road and take rest. (Attention: 49%)
2026-01-22 13:29:56,226 - WARNING - Alert L2: DROWSINESS DETECTED, Att: 61
2026-01-22 13:31:03,577 - WARNING - Alert L2: DROWSINESS DETECTED, Att: 61
2026-01-22 13:34:32,721 - INFO - Voice alert: Be focused on the road. (Attention: 74%)
2026-01-22 13:34:56,061 - WARNING - Alert L2: DROWSINESS DETECTED, Att: 64
2026-01-22 13:35:09,711 - INFO - Voice alert: Be focused on the road. (Attention: 74%)
2026-01-22 13:35:30,698 - WARNING - Alert L2: DROWSINESS DETECTED, Att: 68
2026-01-22 13:36:08,184 - WARNING - Alert L2: DROWSINESS DETECTED, Att: 58
2026-01-22 13:36:43,840 - WARNING - Alert L2: DROWSINESS DETECTED, Att: 63
2026-01-22 13:38:02,875 - INFO - Voice alert: Be focused on the road. (Attention: 74%)
2026-01-22 13:38:25,054 - INFO - Voice alert: Be focused on the road. (Attention: 74%)
2026-01-22 13:38:44,333 - INFO - Voice alert: Be focused on the road. (Attention: 74%)
2026-01-22 13:39:55,893 - WARNING - Alert L2: DROWSINESS DETECTED, Att: 11
2026-01-22 13:41:04,338 - WARNING - Alert L2: DROWSINESS DETECTED, Att: 65
2026-01-22 13:41:39,981 - WARNING - Alert L2: DROWSINESS DETECTED, Att: 18
2026-01-22 14:23:24,236 - WARNING - From E:\anaconda3\envs\drowsy\lib\site-packages\keras\src\backend.py:277: The name tf.reset_default_graph is deprecated. Please use tf.compat.v1.reset_default_graph instead.

2026-01-22 14:23:34,950 - WARNING - From E:\anaconda3\envs\drowsy\lib\site-packages\keras\src\layers\pooling\max_pooling2d.py:161: The name tf.nn.max_pool is deprecated. Please use tf.nn.max_pool2d instead.

2026-01-22 14:23:35,482 - WARNING - From E:\anaconda3\envs\drowsy\lib\site-packages\keras\src\optimizers\__init__.py:309: The name tf.train.Optimizer is deprecated. Please use tf.compat.v1.train.Optimizer instead.

2026-01-22 14:23:40,201 - INFO - Imported existing <module 'comtypes.gen' from 'E:\\anaconda3\\envs\\drowsy\\lib\\site-packages\\comtypes\\gen\\__init__.py'>
2026-01-22 14:23:40,201 - INFO - Using writeable comtypes cache directory: 'E:\anaconda3\envs\drowsy\lib\site-packages\comtypes\gen'
2026-01-22 15:04:11,598 - WARNING - Alert L2: DROWSINESS DETECTED, Att: 65
2026-01-22 15:05:35,807 - INFO - Voice alert: Be focused on the road. (Attention: 74%)
2026-01-22 15:05:46,211 - WARNING - Alert L2: DROWSINESS DETECTED, Att: 77
2026-01-22 15:06:56,664 - INFO - Voice alert: Be more focused. If you feel sleepy, please park the car outside the road and take rest. (Attention: 49%)
2026-01-22 15:07:16,572 - WARNING - Alert L2: DROWSINESS DETECTED, Att: 71
2026-01-22 15:07:35,910 - INFO - Voice alert: Be focused on the road. (Attention: 74%)
2026-01-22 15:07:46,102 - WARNING - Alert L2: DROWSINESS DETECTED, Att: 60
2026-01-22 15:08:06,218 - INFO - Voice alert: Be focused on the road. (Attention: 74%)
2026-01-22 15:08:17,962 - WARNING - Alert L2: DROWSINESS DETECTED, Att: 64
2026-01-22 15:30:44,119 - INFO - Voice alert: Be focused on the road. (Attention: 74%)
2026-01-22 15:31:12,653 - INFO - Voice alert: Be focused on the road. (Attention: 74%)
2026-01-22 15:31:45,257 - WARNING - Alert L2: DROWSINESS DETECTED, Att: 76
2026-01-22 15:31:47,366 - INFO - Voice alert: Be focused on the road. (Attention: 74%)
2026-01-22 15:32:02,436 - INFO - Voice alert: Be more focused. If you feel sleepy, please park the car outside the road and take rest. (Attention: 49%)
2026-01-22 15:32:25,488 - WARNING - Alert L2: DROWSINESS DETECTED, Att: 77
2026-01-22 15:32:30,339 - INFO - Voice alert: Be focused on the road. (Attention: 74%)
2026-01-22 15:32:56,015 - INFO - Voice alert: Be more focused. If you feel sleepy, please park the car outside the road and take rest. (Attention: 49%)
2026-01-22 15:33:19,820 - WARNING - Alert L3: CRITICAL: CRITICAL TILT (67°), Att: 45
2026-01-22 15:33:43,680 - INFO - Voice alert: Be focused on the road. (Attention: 74%)
2026-01-22 17:07:32,970 - WARNING - From E:\anaconda3\envs\drowsy\lib\site-packages\keras\src\backend.py:277: The name tf.reset_default_graph is deprecated. Please use tf.compat.v1.reset_default_graph instead.

2026-01-22 17:08:02,455 - WARNING - From E:\anaconda3\envs\drowsy\lib\site-packages\keras\src\layers\pooling\max_pooling2d.py:161: The name tf.nn.max_pool is deprecated. Please use tf.nn.max_pool2d instead.

2026-01-22 17:08:03,022 - WARNING - From E:\anaconda3\envs\drowsy\lib\site-packages\keras\src\optimizers\__init__.py:309: The name tf.train.Optimizer is deprecated. Please use tf.compat.v1.train.Optimizer instead.

2026-01-22 17:08:09,627 - INFO - Imported existing <module 'comtypes.gen' from 'E:\\anaconda3\\envs\\drowsy\\lib\\site-packages\\comtypes\\gen\\__init__.py'>
2026-01-22 17:08:09,628 - INFO - Using writeable comtypes cache directory: 'E:\anaconda3\envs\drowsy\lib\site-packages\comtypes\gen'
2026-01-22 17:09:20,132 - INFO - Voice alert: Be more focused. If you feel sleepy, please park the car outside the road and take rest. (Attention: 49%)
2026-01-22 17:09:40,123 - WARNING - Alert L2: DROWSINESS DETECTED, Att: 8
2026-01-22 17:10:18,413 - WARNING - Alert L2: DROWSINESS DETECTED, Att: 42
2026-01-23 10:17:32,586 - WARNING - From E:\anaconda3\envs\drowsy\lib\site-packages\keras\src\backend.py:277: The name tf.reset_default_graph is deprecated. Please use tf.compat.v1.reset_default_graph instead.

2026-01-23 10:19:13,442 - WARNING - From E:\anaconda3\envs\drowsy\lib\site-packages\keras\src\layers\pooling\max_pooling2d.py:161: The name tf.nn.max_pool is deprecated. Please use tf.nn.max_pool2d instead.

2026-01-23 10:19:14,077 - WARNING - From E:\anaconda3\envs\drowsy\lib\site-packages\keras\src\optimizers\__init__.py:309: The name tf.train.Optimizer is deprecated. Please use tf.compat.v1.train.Optimizer instead.

2026-01-23 10:19:19,720 - INFO - Imported existing <module 'comtypes.gen' from 'E:\\anaconda3\\envs\\drowsy\\lib\\site-packages\\comtypes\\gen\\__init__.py'>
2026-01-23 10:19:19,721 - INFO - Using writeable comtypes cache directory: 'E:\anaconda3\envs\drowsy\lib\site-packages\comtypes\gen'
2026-01-23 10:19:54,488 - INFO - Voice alert: Be focused on the road. (Attention: 72%)
2026-01-23 10:20:19,387 - INFO - Voice alert: Be more focused. If you feel sleepy, please park the car outside the road and take rest. (Attention: 49%)
2026-01-23 10:21:28,492 - WARNING - Alert L2: DROWSINESS DETECTED, Att: 62
2026-01-23 10:22:06,515 - WARNING - Alert L2: DROWSINESS DETECTED, Att: 54
2026-01-23 10:22:26,783 - INFO - Voice alert: Be more focused. If you feel sleepy, please park the car outside the road and take rest. (Attention: 49%)
2026-01-23 10:22:44,277 - INFO - Voice alert: Be more focused. If you feel sleepy, please park the car outside the road and take rest. (Attention: 49%)
2026-01-23 10:23:05,099 - WARNING - Alert L2: DROWSINESS DETECTED, Att: 48
2026-01-23 10:23:46,696 - WARNING - Alert L2: DROWSINESS DETECTED, Att: 61
2026-01-23 10:26:27,398 - WARNING - Alert L2: DROWSINESS DETECTED, Att: 62
2026-01-23 10:27:08,884 - WARNING - Alert L2: DROWSINESS DETECTED, Att: 66
2026-01-23 10:29:08,051 - INFO - Voice alert: Be focused on the road. (Attention: 74%)
2026-01-23 10:30:07,564 - WARNING - Alert L2: DROWSINESS DETECTED, Att: 80
2026-01-23 10:30:53,785 - WARNING - Alert L2: DROWSINESS DETECTED, Att: 79
2026-01-23 10:32:32,522 - INFO - Voice alert: Be focused on the road. (Attention: 74%)
2026-01-23 10:32:48,374 - WARNING - Alert L2: DROWSINESS DETECTED, Att: 56
2026-01-23 10:33:27,379 - WARNING - Alert L2: DROWSINESS DETECTED, Att: 69
2026-01-23 10:34:10,617 - WARNING - Alert L2: DROWSINESS DETECTED, Att: 69
2026-01-23 10:34:41,813 - INFO - Voice alert: Be focused on the road. (Attention: 74%)
2026-01-23 10:34:48,733 - WARNING - Alert L2: DROWSINESS DETECTED, Att: 74
2026-01-23 10:35:27,609 - WARNING - Alert L2: DROWSINESS DETECTED, Att: 67
2026-01-23 10:35:43,943 - INFO - Voice alert: Be more focused. If you feel sleepy, please park the car outside the road and take rest. (Attention: 49%)
2026-01-23 10:36:06,135 - WARNING - Alert L2: DROWSINESS DETECTED, Att: 34
2026-01-23 10:37:02,553 - WARNING - Alert L2: DROWSINESS DETECTED, Att: 10
2026-01-23 10:37:50,266 - INFO - Voice alert: Be more focused. If you feel sleepy, please park the car outside the road and take rest. (Attention: 49%)
2026-01-23 10:38:05,954 - INFO - Voice alert: Be more focused. If you feel sleepy, please park the car outside the road and take rest. (Attention: 49%)
2026-01-23 10:38:12,070 - WARNING - Alert L2: DROWSINESS DETECTED, Att: 45
2026-01-23 10:38:49,664 - WARNING - Alert L2: DROWSINESS DETECTED, Att: 69
2026-01-23 10:39:37,693 - WARNING - Alert L2: DROWSINESS DETECTED, Att: 70
2026-01-23 10:40:02,506 - INFO - Voice alert: Be focused on the road. (Attention: 74%)
2026-01-23 10:40:15,797 - WARNING - Alert L2: DROWSINESS DETECTED, Att: 63
2026-01-23 10:40:56,953 - WARNING - Alert L2: DROWSINESS DETECTED, Att: 70
2026-01-23 10:41:43,205 - WARNING - Alert L2: DROWSINESS DETECTED, Att: 58
2026-01-23 10:42:24,055 - WARNING - Alert L2: DROWSINESS DETECTED, Att: 57
2026-01-23 10:43:41,188 - WARNING - Alert L2: DROWSINESS DETECTED, Att: 68
2026-01-23 10:45:03,762 - WARNING - Alert L2: DROWSINESS DETECTED, Att: 62
2026-01-23 10:45:31,372 - WARNING - Alert L2: DROWSINESS DETECTED, Att: 55
2026-01-23 10:45:53,997 - INFO - Voice alert: Be more focused. If you feel sleepy, please park the car outside the road and take rest. (Attention: 49%)
2026-01-23 10:45:55,630 - WARNING - Alert L2: DROWSINESS DETECTED, Att: 49
2026-01-23 10:46:20,121 - WARNING - Alert L2: DROWSINESS DETECTED, Att: 29
2026-01-23 10:46:45,347 - WARNING - Alert L2: DROWSINESS DETECTED, Att: 45
2026-01-23 10:47:09,813 - WARNING - Alert L2: DROWSINESS DETECTED, Att: 54
2026-01-23 10:47:34,327 - WARNING - Alert L2: DROWSINESS DETECTED, Att: 68
2026-01-23 10:47:58,774 - WARNING - Alert L2: DROWSINESS DETECTED, Att: 68
2026-01-23 10:48:22,829 - WARNING - Alert L2: DROWSINESS DETECTED, Att: 78
2026-01-23 10:48:47,443 - WARNING - Alert L2: DROWSINESS DETECTED, Att: 79
2026-01-23 10:48:50,959 - INFO - Voice alert: Be focused on the road. (Attention: 73%)
2026-01-23 10:49:25,415 - WARNING - Alert L2: DROWSINESS DETECTED, Att: 66
2026-01-23 10:49:58,930 - INFO - Voice alert: Be more focused. If you feel sleepy, please park the car outside the road and take rest. (Attention: 49%)
2026-01-23 10:50:39,812 - INFO - Voice alert: Be focused on the road. (Attention: 73%)
2026-01-23 10:51:15,053 - INFO - Voice alert: Be more focused. If you feel sleepy, please park the car outside the road and take rest. (Attention: 49%)
2026-01-23 10:55:32,604 - INFO - Voice alert: Be focused on the road. (Attention: 74%)
2026-01-23 10:58:26,435 - INFO - Voice alert: Be focused on the road. (Attention: 74%)
2026-01-23 10:58:36,467 - WARNING - Alert L2: DROWSINESS DETECTED, Att: 67
2026-01-23 10:59:01,485 - WARNING - Alert L2: DROWSINESS DETECTED, Att: 65
2026-01-23 10:59:27,562 - WARNING - Alert L2: DROWSINESS DETECTED, Att: 56
2026-01-23 10:59:52,812 - WARNING - Alert L2: DROWSINESS DETECTED, Att: 59
2026-01-23 11:10:46,306 - ERROR - Task exception was never retrieved
future: <Task finished name='Task-129530' coro=<WebSocketProtocol13.write_message.<locals>.wrapper() done, defined at E:\anaconda3\envs\drowsy\lib\site-packages\tornado\websocket.py:1111> exception=WebSocketClosedError()>
Traceback (most recent call last):
  File "E:\anaconda3\envs\drowsy\lib\site-packages\tornado\websocket.py", line 1113, in wrapper
    await fut
tornado.iostream.StreamClosedError: Stream is closed

During handling of the above exception, another exception occurred:

Traceback (most recent call last):
  File "E:\anaconda3\envs\drowsy\lib\site-packages\tornado\websocket.py", line 1115, in wrapper
    raise WebSocketClosedError()
tornado.websocket.WebSocketClosedError
2026-01-23 11:10:46,576 - ERROR - Task exception was never retrieved
future: <Task finished name='Task-129533' coro=<WebSocketProtocol13.write_message.<locals>.wrapper() done, defined at E:\anaconda3\envs\drowsy\lib\site-packages\tornado\websocket.py:1111> exception=WebSocketClosedError()>
Traceback (most recent call last):
  File "E:\anaconda3\envs\drowsy\lib\site-packages\tornado\websocket.py", line 1113, in wrapper
    await fut
tornado.iostream.StreamClosedError: Stream is closed

During handling of the above exception, another exception occurred:

Traceback (most recent call last):
  File "E:\anaconda3\envs\drowsy\lib\site-packages\tornado\websocket.py", line 1115, in wrapper
    raise WebSocketClosedError()
tornado.websocket.WebSocketClosedError
2026-01-23 11:10:46,577 - ERROR - Task exception was never retrieved
future: <Task finished name='Task-129536' coro=<WebSocketProtocol13.write_message.<locals>.wrapper() done, defined at E:\anaconda3\envs\drowsy\lib\site-packages\tornado\websocket.py:1111> exception=WebSocketClosedError()>
Traceback (most recent call last):
  File "E:\anaconda3\envs\drowsy\lib\site-packages\tornado\websocket.py", line 1113, in wrapper
    await fut
tornado.iostream.StreamClosedError: Stream is closed

During handling of the above exception, another exception occurred:

Traceback (most recent call last):
  File "E:\anaconda3\envs\drowsy\lib\site-packages\tornado\websocket.py", line 1115, in wrapper
    raise WebSocketClosedError()
tornado.websocket.WebSocketClosedError
2026-01-23 11:10:46,578 - ERROR - Task exception was never retrieved
future: <Task finished name='Task-129539' coro=<WebSocketProtocol13.write_message.<locals>.wrapper() done, defined at E:\anaconda3\envs\drowsy\lib\site-packages\tornado\websocket.py:1111> exception=WebSocketClosedError()>
Traceback (most recent call last):
  File "E:\anaconda3\envs\drowsy\lib\site-packages\tornado\websocket.py", line 1113, in wrapper
    await fut
tornado.iostream.StreamClosedError: Stream is closed

During handling of the above exception, another exception occurred:

Traceback (most recent call last):
  File "E:\anaconda3\envs\drowsy\lib\site-packages\tornado\websocket.py", line 1115, in wrapper
    raise WebSocketClosedError()
tornado.websocket.WebSocketClosedError
2026-01-23 11:10:46,579 - ERROR - Task exception was never retrieved
future: <Task finished name='Task-129542' coro=<WebSocketProtocol13.write_message.<locals>.wrapper() done, defined at E:\anaconda3\envs\drowsy\lib\site-packages\tornado\websocket.py:1111> exception=WebSocketClosedError()>
Traceback (most recent call last):
  File "E:\anaconda3\envs\drowsy\lib\site-packages\tornado\websocket.py", line 1113, in wrapper
    await fut
tornado.iostream.StreamClosedError: Stream is closed

During handling of the above exception, another exception occurred:

Traceback (most recent call last):
  File "E:\anaconda3\envs\drowsy\lib\site-packages\tornado\websocket.py", line 1115, in wrapper
    raise WebSocketClosedError()
tornado.websocket.WebSocketClosedError
2026-01-23 11:10:46,579 - ERROR - Task exception was never retrieved
future: <Task finished name='Task-129545' coro=<WebSocketProtocol13.write_message.<locals>.wrapper() done, defined at E:\anaconda3\envs\drowsy\lib\site-packages\tornado\websocket.py:1111> exception=WebSocketClosedError()>
Traceback (most recent call last):
  File "E:\anaconda3\envs\drowsy\lib\site-packages\tornado\websocket.py", line 1113, in wrapper
    await fut
tornado.iostream.StreamClosedError: Stream is closed

During handling of the above exception, another exception occurred:

Traceback (most recent call last):
  File "E:\anaconda3\envs\drowsy\lib\site-packages\tornado\websocket.py", line 1115, in wrapper
    raise WebSocketClosedError()
tornado.websocket.WebSocketClosedError
2026-01-23 11:10:46,579 - ERROR - Task exception was never retrieved
future: <Task finished name='Task-129548' coro=<WebSocketProtocol13.write_message.<locals>.wrapper() done, defined at E:\anaconda3\envs\drowsy\lib\site-packages\tornado\websocket.py:1111> exception=WebSocketClosedError()>
Traceback (most recent call last):
  File "E:\anaconda3\envs\drowsy\lib\site-packages\tornado\websocket.py", line 1113, in wrapper
    await fut
tornado.iostream.StreamClosedError: Stream is closed

During handling of the above exception, another exception occurred:

Traceback (most recent call last):
  File "E:\anaconda3\envs\drowsy\lib\site-packages\tornado\websocket.py", line 1115, in wrapper
    raise WebSocketClosedError()
tornado.websocket.WebSocketClosedError
2026-01-23 11:10:46,580 - ERROR - Task exception was never retrieved
future: <Task finished name='Task-129551' coro=<WebSocketProtocol13.write_message.<locals>.wrapper() done, defined at E:\anaconda3\envs\drowsy\lib\site-packages\tornado\websocket.py:1111> exception=WebSocketClosedError()>
Traceback (most recent call last):
  File "E:\anaconda3\envs\drowsy\lib\site-packages\tornado\websocket.py", line 1113, in wrapper
    await fut
tornado.iostream.StreamClosedError: Stream is closed

During handling of the above exception, another exception occurred:

Traceback (most recent call last):
  File "E:\anaconda3\envs\drowsy\lib\site-packages\tornado\websocket.py", line 1115, in wrapper
    raise WebSocketClosedError()
tornado.websocket.WebSocketClosedError
2026-01-23 11:10:46,580 - ERROR - Task exception was never retrieved
future: <Task finished name='Task-129554' coro=<WebSocketProtocol13.write_message.<locals>.wrapper() done, defined at E:\anaconda3\envs\drowsy\lib\site-packages\tornado\websocket.py:1111> exception=WebSocketClosedError()>
Traceback (most recent call last):
  File "E:\anaconda3\envs\drowsy\lib\site-packages\tornado\websocket.py", line 1113, in wrapper
    await fut
tornado.iostream.StreamClosedError: Stream is closed

During handling of the above exception, another exception occurred:

Traceback (most recent call last):
  File "E:\anaconda3\envs\drowsy\lib\site-packages\tornado\websocket.py", line 1115, in wrapper
    raise WebSocketClosedError()
tornado.websocket.WebSocketClosedError
2026-01-23 11:10:46,580 - ERROR - Task exception was never retrieved
future: <Task finished name='Task-129557' coro=<WebSocketProtocol13.write_message.<locals>.wrapper() done, defined at E:\anaconda3\envs\drowsy\lib\site-packages\tornado\websocket.py:1111> exception=WebSocketClosedError()>
Traceback (most recent call last):
  File "E:\anaconda3\envs\drowsy\lib\site-packages\tornado\websocket.py", line 1113, in wrapper
    await fut
tornado.iostream.StreamClosedError: Stream is closed

During handling of the above exception, another exception occurred:

Traceback (most recent call last):
  File "E:\anaconda3\envs\drowsy\lib\site-packages\tornado\websocket.py", line 1115, in wrapper
    raise WebSocketClosedError()
tornado.websocket.WebSocketClosedError
2026-01-23 11:10:46,580 - ERROR - Task exception was never retrieved
future: <Task finished name='Task-129560' coro=<WebSocketProtocol13.write_message.<locals>.wrapper() done, defined at E:\anaconda3\envs\drowsy\lib\site-packages\tornado\websocket.py:1111> exception=WebSocketClosedError()>
Traceback (most recent call last):
  File "E:\anaconda3\envs\drowsy\lib\site-packages\tornado\websocket.py", line 1113, in wrapper
    await fut
tornado.iostream.StreamClosedError: Stream is closed

During handling of the above exception, another exception occurred:

Traceback (most recent call last):
  File "E:\anaconda3\envs\drowsy\lib\site-packages\tornado\websocket.py", line 1115, in wrapper
    raise WebSocketClosedError()
tornado.websocket.WebSocketClosedError
2026-01-23 11:10:46,581 - ERROR - Task exception was never retrieved
future: <Task finished name='Task-129563' coro=<WebSocketProtocol13.write_message.<locals>.wrapper() done, defined at E:\anaconda3\envs\drowsy\lib\site-packages\tornado\websocket.py:1111> exception=WebSocketClosedError()>
Traceback (most recent call last):
  File "E:\anaconda3\envs\drowsy\lib\site-packages\tornado\websocket.py", line 1113, in wrapper
    await fut
tornado.iostream.StreamClosedError: Stream is closed

During handling of the above exception, another exception occurred:

Traceback (most recent call last):
  File "E:\anaconda3\envs\drowsy\lib\site-packages\tornado\websocket.py", line 1115, in wrapper
    raise WebSocketClosedError()
tornado.websocket.WebSocketClosedError
2026-01-23 11:10:46,581 - ERROR - Task exception was never retrieved
future: <Task finished name='Task-129566' coro=<WebSocketProtocol13.write_message.<locals>.wrapper() done, defined at E:\anaconda3\envs\drowsy\lib\site-packages\tornado\websocket.py:1111> exception=WebSocketClosedError()>
Traceback (most recent call last):
  File "E:\anaconda3\envs\drowsy\lib\site-packages\tornado\websocket.py", line 1113, in wrapper
    await fut
tornado.iostream.StreamClosedError: Stream is closed

During handling of the above exception, another exception occurred:

Traceback (most recent call last):
  File "E:\anaconda3\envs\drowsy\lib\site-packages\tornado\websocket.py", line 1115, in wrapper
    raise WebSocketClosedError()
tornado.websocket.WebSocketClosedError
2026-01-23 11:10:46,581 - ERROR - Task exception was never retrieved
future: <Task finished name='Task-129569' coro=<WebSocketProtocol13.write_message.<locals>.wrapper() done, defined at E:\anaconda3\envs\drowsy\lib\site-packages\tornado\websocket.py:1111> exception=WebSocketClosedError()>
Traceback (most recent call last):
  File "E:\anaconda3\envs\drowsy\lib\site-packages\tornado\websocket.py", line 1113, in wrapper
    await fut
tornado.iostream.StreamClosedError: Stream is closed

During handling of the above exception, another exception occurred:

Traceback (most recent call last):
  File "E:\anaconda3\envs\drowsy\lib\site-packages\tornado\websocket.py", line 1115, in wrapper
    raise WebSocketClosedError()
tornado.websocket.WebSocketClosedError
2026-01-23 11:10:46,581 - ERROR - Task exception was never retrieved
future: <Task finished name='Task-129572' coro=<WebSocketProtocol13.write_message.<locals>.wrapper() done, defined at E:\anaconda3\envs\drowsy\lib\site-packages\tornado\websocket.py:1111> exception=WebSocketClosedError()>
Traceback (most recent call last):
  File "E:\anaconda3\envs\drowsy\lib\site-packages\tornado\websocket.py", line 1113, in wrapper
    await fut
tornado.iostream.StreamClosedError: Stream is closed

During handling of the above exception, another exception occurred:

Traceback (most recent call last):
  File "E:\anaconda3\envs\drowsy\lib\site-packages\tornado\websocket.py", line 1115, in wrapper
    raise WebSocketClosedError()
tornado.websocket.WebSocketClosedError
2026-01-23 11:10:46,581 - ERROR - Task exception was never retrieved
future: <Task finished name='Task-129575' coro=<WebSocketProtocol13.write_message.<locals>.wrapper() done, defined at E:\anaconda3\envs\drowsy\lib\site-packages\tornado\websocket.py:1111> exception=WebSocketClosedError()>
Traceback (most recent call last):
  File "E:\anaconda3\envs\drowsy\lib\site-packages\tornado\websocket.py", line 1113, in wrapper
    await fut
tornado.iostream.StreamClosedError: Stream is closed

During handling of the above exception, another exception occurred:

Traceback (most recent call last):
  File "E:\anaconda3\envs\drowsy\lib\site-packages\tornado\websocket.py", line 1115, in wrapper
    raise WebSocketClosedError()
tornado.websocket.WebSocketClosedError
2026-01-23 11:10:46,582 - ERROR - Task exception was never retrieved
future: <Task finished name='Task-129578' coro=<WebSocketProtocol13.write_message.<locals>.wrapper() done, defined at E:\anaconda3\envs\drowsy\lib\site-packages\tornado\websocket.py:1111> exception=WebSocketClosedError()>
Traceback (most recent call last):
  File "E:\anaconda3\envs\drowsy\lib\site-packages\tornado\websocket.py", line 1113, in wrapper
    await fut
tornado.iostream.StreamClosedError: Stream is closed

During handling of the above exception, another exception occurred:

Traceback (most recent call last):
  File "E:\anaconda3\envs\drowsy\lib\site-packages\tornado\websocket.py", line 1115, in wrapper
    raise WebSocketClosedError()
tornado.websocket.WebSocketClosedError
2026-01-23 11:10:46,582 - ERROR - Task exception was never retrieved
future: <Task finished name='Task-129581' coro=<WebSocketProtocol13.write_message.<locals>.wrapper() done, defined at E:\anaconda3\envs\drowsy\lib\site-packages\tornado\websocket.py:1111> exception=WebSocketClosedError()>
Traceback (most recent call last):
  File "E:\anaconda3\envs\drowsy\lib\site-packages\tornado\websocket.py", line 1113, in wrapper
    await fut
tornado.iostream.StreamClosedError: Stream is closed

During handling of the above exception, another exception occurred:

Traceback (most recent call last):
  File "E:\anaconda3\envs\drowsy\lib\site-packages\tornado\websocket.py", line 1115, in wrapper
    raise WebSocketClosedError()
tornado.websocket.WebSocketClosedError
2026-01-23 11:10:46,582 - ERROR - Task exception was never retrieved
future: <Task finished name='Task-129584' coro=<WebSocketProtocol13.write_message.<locals>.wrapper() done, defined at E:\anaconda3\envs\drowsy\lib\site-packages\tornado\websocket.py:1111> exception=WebSocketClosedError()>
Traceback (most recent call last):
  File "E:\anaconda3\envs\drowsy\lib\site-packages\tornado\websocket.py", line 1113, in wrapper
    await fut
tornado.iostream.StreamClosedError: Stream is closed

During handling of the above exception, another exception occurred:

Traceback (most recent call last):
  File "E:\anaconda3\envs\drowsy\lib\site-packages\tornado\websocket.py", line 1115, in wrapper
    raise WebSocketClosedError()
tornado.websocket.WebSocketClosedError
2026-01-23 11:10:46,583 - ERROR - Task exception was never retrieved
future: <Task finished name='Task-129587' coro=<WebSocketProtocol13.write_message.<locals>.wrapper() done, defined at E:\anaconda3\envs\drowsy\lib\site-packages\tornado\websocket.py:1111> exception=WebSocketClosedError()>
Traceback (most recent call last):
  File "E:\anaconda3\envs\drowsy\lib\site-packages\tornado\websocket.py", line 1113, in wrapper
    await fut
tornado.iostream.StreamClosedError: Stream is closed

During handling of the above exception, another exception occurred:

Traceback (most recent call last):
  File "E:\anaconda3\envs\drowsy\lib\site-packages\tornado\websocket.py", line 1115, in wrapper
    raise WebSocketClosedError()
tornado.websocket.WebSocketClosedError
2026-01-23 11:10:46,583 - ERROR - Task exception was never retrieved
future: <Task finished name='Task-129590' coro=<WebSocketProtocol13.write_message.<locals>.wrapper() done, defined at E:\anaconda3\envs\drowsy\lib\site-packages\tornado\websocket.py:1111> exception=WebSocketClosedError()>
Traceback (most recent call last):
  File "E:\anaconda3\envs\drowsy\lib\site-packages\tornado\websocket.py", line 1113, in wrapper
    await fut
tornado.iostream.StreamClosedError: Stream is closed

During handling of the above exception, another exception occurred:

Traceback (most recent call last):
  File "E:\anaconda3\envs\drowsy\lib\site-packages\tornado\websocket.py", line 1115, in wrapper
    raise WebSocketClosedError()
tornado.websocket.WebSocketClosedError
2026-01-23 11:10:46,583 - ERROR - Task exception was never retrieved
future: <Task finished name='Task-129593' coro=<WebSocketProtocol13.write_message.<locals>.wrapper() done, defined at E:\anaconda3\envs\drowsy\lib\site-packages\tornado\websocket.py:1111> exception=WebSocketClosedError()>
Traceback (most recent call last):
  File "E:\anaconda3\envs\drowsy\lib\site-packages\tornado\websocket.py", line 1113, in wrapper
    await fut
tornado.iostream.StreamClosedError: Stream is closed

During handling of the above exception, another exception occurred:

Traceback (most recent call last):
  File "E:\anaconda3\envs\drowsy\lib\site-packages\tornado\websocket.py", line 1115, in wrapper
    raise WebSocketClosedError()
tornado.websocket.WebSocketClosedError
2026-01-23 11:10:46,583 - ERROR - Task exception was never retrieved
future: <Task finished name='Task-129596' coro=<WebSocketProtocol13.write_message.<locals>.wrapper() done, defined at E:\anaconda3\envs\drowsy\lib\site-packages\tornado\websocket.py:1111> exception=WebSocketClosedError()>
Traceback (most recent call last):
  File "E:\anaconda3\envs\drowsy\lib\site-packages\tornado\websocket.py", line 1113, in wrapper
    await fut
tornado.iostream.StreamClosedError: Stream is closed

During handling of the above exception, another exception occurred:

Traceback (most recent call last):
  File "E:\anaconda3\envs\drowsy\lib\site-packages\tornado\websocket.py", line 1115, in wrapper
    raise WebSocketClosedError()
tornado.websocket.WebSocketClosedError
2026-01-23 11:10:46,583 - ERROR - Task exception was never retrieved
future: <Task finished name='Task-129599' coro=<WebSocketProtocol13.write_message.<locals>.wrapper() done, defined at E:\anaconda3\envs\drowsy\lib\site-packages\tornado\websocket.py:1111> exception=WebSocketClosedError()>
Traceback (most recent call last):
  File "E:\anaconda3\envs\drowsy\lib\site-packages\tornado\websocket.py", line 1113, in wrapper
    await fut
tornado.iostream.StreamClosedError: Stream is closed

During handling of the above exception, another exception occurred:

Traceback (most recent call last):
  File "E:\anaconda3\envs\drowsy\lib\site-packages\tornado\websocket.py", line 1115, in wrapper
    raise WebSocketClosedError()
tornado.websocket.WebSocketClosedError
2026-01-23 11:10:46,584 - ERROR - Task exception was never retrieved
future: <Task finished name='Task-129602' coro=<WebSocketProtocol13.write_message.<locals>.wrapper() done, defined at E:\anaconda3\envs\drowsy\lib\site-packages\tornado\websocket.py:1111> exception=WebSocketClosedError()>
Traceback (most recent call last):
  File "E:\anaconda3\envs\drowsy\lib\site-packages\tornado\websocket.py", line 1113, in wrapper
    await fut
tornado.iostream.StreamClosedError: Stream is closed

During handling of the above exception, another exception occurred:

Traceback (most recent call last):
  File "E:\anaconda3\envs\drowsy\lib\site-packages\tornado\websocket.py", line 1115, in wrapper
    raise WebSocketClosedError()
tornado.websocket.WebSocketClosedError
2026-01-23 11:10:46,584 - ERROR - Task exception was never retrieved
future: <Task finished name='Task-129605' coro=<WebSocketProtocol13.write_message.<locals>.wrapper() done, defined at E:\anaconda3\envs\drowsy\lib\site-packages\tornado\websocket.py:1111> exception=WebSocketClosedError()>
Traceback (most recent call last):
  File "E:\anaconda3\envs\drowsy\lib\site-packages\tornado\websocket.py", line 1113, in wrapper
    await fut
tornado.iostream.StreamClosedError: Stream is closed

During handling of the above exception, another exception occurred:

Traceback (most recent call last):
  File "E:\anaconda3\envs\drowsy\lib\site-packages\tornado\websocket.py", line 1115, in wrapper
    raise WebSocketClosedError()
tornado.websocket.WebSocketClosedError
2026-01-23 11:10:46,584 - ERROR - Task exception was never retrieved
future: <Task finished name='Task-129608' coro=<WebSocketProtocol13.write_message.<locals>.wrapper() done, defined at E:\anaconda3\envs\drowsy\lib\site-packages\tornado\websocket.py:1111> exception=WebSocketClosedError()>
Traceback (most recent call last):
  File "E:\anaconda3\envs\drowsy\lib\site-packages\tornado\websocket.py", line 1113, in wrapper
    await fut
tornado.iostream.StreamClosedError: Stream is closed

During handling of the above exception, another exception occurred:

Traceback (most recent call last):
  File "E:\anaconda3\envs\drowsy\lib\site-packages\tornado\websocket.py", line 1115, in wrapper
    raise WebSocketClosedError()
tornado.websocket.WebSocketClosedError
2026-01-23 11:10:46,584 - ERROR - Task exception was never retrieved
future: <Task finished name='Task-129611' coro=<WebSocketProtocol13.write_message.<locals>.wrapper() done, defined at E:\anaconda3\envs\drowsy\lib\site-packages\tornado\websocket.py:1111> exception=WebSocketClosedError()>
Traceback (most recent call last):
  File "E:\anaconda3\envs\drowsy\lib\site-packages\tornado\websocket.py", line 1113, in wrapper
    await fut
tornado.iostream.StreamClosedError: Stream is closed

During handling of the above exception, another exception occurred:

Traceback (most recent call last):
  File "E:\anaconda3\envs\drowsy\lib\site-packages\tornado\websocket.py", line 1115, in wrapper
    raise WebSocketClosedError()
tornado.websocket.WebSocketClosedError
2026-01-23 11:10:46,585 - ERROR - Task exception was never retrieved
future: <Task finished name='Task-129614' coro=<WebSocketProtocol13.write_message.<locals>.wrapper() done, defined at E:\anaconda3\envs\drowsy\lib\site-packages\tornado\websocket.py:1111> exception=WebSocketClosedError()>
Traceback (most recent call last):
  File "E:\anaconda3\envs\drowsy\lib\site-packages\tornado\websocket.py", line 1113, in wrapper
    await fut
tornado.iostream.StreamClosedError: Stream is closed

During handling of the above exception, another exception occurred:

Traceback (most recent call last):
  File "E:\anaconda3\envs\drowsy\lib\site-packages\tornado\websocket.py", line 1115, in wrapper
    raise WebSocketClosedError()
tornado.websocket.WebSocketClosedError
2026-01-23 11:10:46,585 - ERROR - Task exception was never retrieved
future: <Task finished name='Task-129617' coro=<WebSocketProtocol13.write_message.<locals>.wrapper() done, defined at E:\anaconda3\envs\drowsy\lib\site-packages\tornado\websocket.py:1111> exception=WebSocketClosedError()>
Traceback (most recent call last):
  File "E:\anaconda3\envs\drowsy\lib\site-packages\tornado\websocket.py", line 1113, in wrapper
    await fut
tornado.iostream.StreamClosedError: Stream is closed

During handling of the above exception, another exception occurred:

Traceback (most recent call last):
  File "E:\anaconda3\envs\drowsy\lib\site-packages\tornado\websocket.py", line 1115, in wrapper
    raise WebSocketClosedError()
tornado.websocket.WebSocketClosedError
2026-01-23 11:10:46,585 - ERROR - Task exception was never retrieved
future: <Task finished name='Task-129620' coro=<WebSocketProtocol13.write_message.<locals>.wrapper() done, defined at E:\anaconda3\envs\drowsy\lib\site-packages\tornado\websocket.py:1111> exception=WebSocketClosedError()>
Traceback (most recent call last):
  File "E:\anaconda3\envs\drowsy\lib\site-packages\tornado\websocket.py", line 1113, in wrapper
    await fut
tornado.iostream.StreamClosedError: Stream is closed

During handling of the above exception, another exception occurred:

Traceback (most recent call last):
  File "E:\anaconda3\envs\drowsy\lib\site-packages\tornado\websocket.py", line 1115, in wrapper
    raise WebSocketClosedError()
tornado.websocket.WebSocketClosedError
2026-01-23 11:10:46,585 - ERROR - Task exception was never retrieved
future: <Task finished name='Task-129623' coro=<WebSocketProtocol13.write_message.<locals>.wrapper() done, defined at E:\anaconda3\envs\drowsy\lib\site-packages\tornado\websocket.py:1111> exception=WebSocketClosedError()>
Traceback (most recent call last):
  File "E:\anaconda3\envs\drowsy\lib\site-packages\tornado\websocket.py", line 1113, in wrapper
    await fut
tornado.iostream.StreamClosedError: Stream is closed

During handling of the above exception, another exception occurred:

Traceback (most recent call last):
  File "E:\anaconda3\envs\drowsy\lib\site-packages\tornado\websocket.py", line 1115, in wrapper
    raise WebSocketClosedError()
tornado.websocket.WebSocketClosedError
2026-01-23 11:10:46,585 - ERROR - Task exception was never retrieved
future: <Task finished name='Task-129626' coro=<WebSocketProtocol13.write_message.<locals>.wrapper() done, defined at E:\anaconda3\envs\drowsy\lib\site-packages\tornado\websocket.py:1111> exception=WebSocketClosedError()>
Traceback (most recent call last):
  File "E:\anaconda3\envs\drowsy\lib\site-packages\tornado\websocket.py", line 1113, in wrapper
    await fut
tornado.iostream.StreamClosedError: Stream is closed

During handling of the above exception, another exception occurred:

Traceback (most recent call last):
  File "E:\anaconda3\envs\drowsy\lib\site-packages\tornado\websocket.py", line 1115, in wrapper
    raise WebSocketClosedError()
tornado.websocket.WebSocketClosedError
2026-01-23 11:10:46,586 - ERROR - Task exception was never retrieved
future: <Task finished name='Task-129629' coro=<WebSocketProtocol13.write_message.<locals>.wrapper() done, defined at E:\anaconda3\envs\drowsy\lib\site-packages\tornado\websocket.py:1111> exception=WebSocketClosedError()>
Traceback (most recent call last):
  File "E:\anaconda3\envs\drowsy\lib\site-packages\tornado\websocket.py", line 1113, in wrapper
    await fut
tornado.iostream.StreamClosedError: Stream is closed

During handling of the above exception, another exception occurred:

Traceback (most recent call last):
  File "E:\anaconda3\envs\drowsy\lib\site-packages\tornado\websocket.py", line 1115, in wrapper
    raise WebSocketClosedError()
tornado.websocket.WebSocketClosedError
2026-01-23 11:10:46,586 - ERROR - Task exception was never retrieved
future: <Task finished name='Task-129632' coro=<WebSocketProtocol13.write_message.<locals>.wrapper() done, defined at E:\anaconda3\envs\drowsy\lib\site-packages\tornado\websocket.py:1111> exception=WebSocketClosedError()>
Traceback (most recent call last):
  File "E:\anaconda3\envs\drowsy\lib\site-packages\tornado\websocket.py", line 1113, in wrapper
    await fut
tornado.iostream.StreamClosedError: Stream is closed

During handling of the above exception, another exception occurred:

Traceback (most recent call last):
  File "E:\anaconda3\envs\drowsy\lib\site-packages\tornado\websocket.py", line 1115, in wrapper
    raise WebSocketClosedError()
tornado.websocket.WebSocketClosedError
2026-01-23 11:10:46,586 - ERROR - Task exception was never retrieved
future: <Task finished name='Task-129635' coro=<WebSocketProtocol13.write_message.<locals>.wrapper() done, defined at E:\anaconda3\envs\drowsy\lib\site-packages\tornado\websocket.py:1111> exception=WebSocketClosedError()>
Traceback (most recent call last):
  File "E:\anaconda3\envs\drowsy\lib\site-packages\tornado\websocket.py", line 1113, in wrapper
    await fut
tornado.iostream.StreamClosedError: Stream is closed

During handling of the above exception, another exception occurred:

Traceback (most recent call last):
  File "E:\anaconda3\envs\drowsy\lib\site-packages\tornado\websocket.py", line 1115, in wrapper
    raise WebSocketClosedError()
tornado.websocket.WebSocketClosedError
2026-01-23 11:10:46,586 - ERROR - Task exception was never retrieved
future: <Task finished name='Task-129638' coro=<WebSocketProtocol13.write_message.<locals>.wrapper() done, defined at E:\anaconda3\envs\drowsy\lib\site-packages\tornado\websocket.py:1111> exception=WebSocketClosedError()>
Traceback (most recent call last):
  File "E:\anaconda3\envs\drowsy\lib\site-packages\tornado\websocket.py", line 1113, in wrapper
    await fut
tornado.iostream.StreamClosedError: Stream is closed

During handling of the above exception, another exception occurred:

Traceback (most recent call last):
  File "E:\anaconda3\envs\drowsy\lib\site-packages\tornado\websocket.py", line 1115, in wrapper
    raise WebSocketClosedError()
tornado.websocket.WebSocketClosedError
2026-01-23 11:10:46,587 - ERROR - Task exception was never retrieved
future: <Task finished name='Task-129641' coro=<WebSocketProtocol13.write_message.<locals>.wrapper() done, defined at E:\anaconda3\envs\drowsy\lib\site-packages\tornado\websocket.py:1111> exception=WebSocketClosedError()>
Traceback (most recent call last):
  File "E:\anaconda3\envs\drowsy\lib\site-packages\tornado\websocket.py", line 1113, in wrapper
    await fut
tornado.iostream.StreamClosedError: Stream is closed

During handling of the above exception, another exception occurred:

Traceback (most recent call last):
  File "E:\anaconda3\envs\drowsy\lib\site-packages\tornado\websocket.py", line 1115, in wrapper
    raise WebSocketClosedError()
tornado.websocket.WebSocketClosedError
2026-01-23 11:10:46,587 - ERROR - Task exception was never retrieved
future: <Task finished name='Task-129644' coro=<WebSocketProtocol13.write_message.<locals>.wrapper() done, defined at E:\anaconda3\envs\drowsy\lib\site-packages\tornado\websocket.py:1111> exception=WebSocketClosedError()>
Traceback (most recent call last):
  File "E:\anaconda3\envs\drowsy\lib\site-packages\tornado\websocket.py", line 1113, in wrapper
    await fut
tornado.iostream.StreamClosedError: Stream is closed

During handling of the above exception, another exception occurred:

Traceback (most recent call last):
  File "E:\anaconda3\envs\drowsy\lib\site-packages\tornado\websocket.py", line 1115, in wrapper
    raise WebSocketClosedError()
tornado.websocket.WebSocketClosedError
2026-01-23 11:10:46,661 - ERROR - Task exception was never retrieved
future: <Task finished name='Task-129647' coro=<WebSocketProtocol13.write_message.<locals>.wrapper() done, defined at E:\anaconda3\envs\drowsy\lib\site-packages\tornado\websocket.py:1111> exception=WebSocketClosedError()>
Traceback (most recent call last):
  File "E:\anaconda3\envs\drowsy\lib\site-packages\tornado\websocket.py", line 1113, in wrapper
    await fut
tornado.iostream.StreamClosedError: Stream is closed

During handling of the above exception, another exception occurred:

Traceback (most recent call last):
  File "E:\anaconda3\envs\drowsy\lib\site-packages\tornado\websocket.py", line 1115, in wrapper
    raise WebSocketClosedError()
tornado.websocket.WebSocketClosedError
2026-01-23 11:10:46,661 - ERROR - Task exception was never retrieved
future: <Task finished name='Task-129650' coro=<WebSocketProtocol13.write_message.<locals>.wrapper() done, defined at E:\anaconda3\envs\drowsy\lib\site-packages\tornado\websocket.py:1111> exception=WebSocketClosedError()>
Traceback (most recent call last):
  File "E:\anaconda3\envs\drowsy\lib\site-packages\tornado\websocket.py", line 1113, in wrapper
    await fut
tornado.iostream.StreamClosedError: Stream is closed

During handling of the above exception, another exception occurred:

Traceback (most recent call last):
  File "E:\anaconda3\envs\drowsy\lib\site-packages\tornado\websocket.py", line 1115, in wrapper
    raise WebSocketClosedError()
tornado.websocket.WebSocketClosedError
2026-01-23 11:10:46,662 - ERROR - Task exception was never retrieved
future: <Task finished name='Task-129653' coro=<WebSocketProtocol13.write_message.<locals>.wrapper() done, defined at E:\anaconda3\envs\drowsy\lib\site-packages\tornado\websocket.py:1111> exception=WebSocketClosedError()>
Traceback (most recent call last):
  File "E:\anaconda3\envs\drowsy\lib\site-packages\tornado\websocket.py", line 1113, in wrapper
    await fut
tornado.iostream.StreamClosedError: Stream is closed

During handling of the above exception, another exception occurred:

Traceback (most recent call last):
  File "E:\anaconda3\envs\drowsy\lib\site-packages\tornado\websocket.py", line 1115, in wrapper
    raise WebSocketClosedError()
tornado.websocket.WebSocketClosedError
2026-01-23 11:10:46,662 - ERROR - Task exception was never retrieved
future: <Task finished name='Task-129656' coro=<WebSocketProtocol13.write_message.<locals>.wrapper() done, defined at E:\anaconda3\envs\drowsy\lib\site-packages\tornado\websocket.py:1111> exception=WebSocketClosedError()>
Traceback (most recent call last):
  File "E:\anaconda3\envs\drowsy\lib\site-packages\tornado\websocket.py", line 1113, in wrapper
    await fut
tornado.iostream.StreamClosedError: Stream is closed

During handling of the above exception, another exception occurred:

Traceback (most recent call last):
  File "E:\anaconda3\envs\drowsy\lib\site-packages\tornado\websocket.py", line 1115, in wrapper
    raise WebSocketClosedError()
tornado.websocket.WebSocketClosedError
2026-01-23 11:10:46,663 - ERROR - Task exception was never retrieved
future: <Task finished name='Task-129659' coro=<WebSocketProtocol13.write_message.<locals>.wrapper() done, defined at E:\anaconda3\envs\drowsy\lib\site-packages\tornado\websocket.py:1111> exception=WebSocketClosedError()>
Traceback (most recent call last):
  File "E:\anaconda3\envs\drowsy\lib\site-packages\tornado\websocket.py", line 1113, in wrapper
    await fut
tornado.iostream.StreamClosedError: Stream is closed

During handling of the above exception, another exception occurred:

Traceback (most recent call last):
  File "E:\anaconda3\envs\drowsy\lib\site-packages\tornado\websocket.py", line 1115, in wrapper
    raise WebSocketClosedError()
tornado.websocket.WebSocketClosedError
2026-01-23 11:10:46,663 - ERROR - Task exception was never retrieved
future: <Task finished name='Task-129662' coro=<WebSocketProtocol13.write_message.<locals>.wrapper() done, defined at E:\anaconda3\envs\drowsy\lib\site-packages\tornado\websocket.py:1111> exception=WebSocketClosedError()>
Traceback (most recent call last):
  File "E:\anaconda3\envs\drowsy\lib\site-packages\tornado\websocket.py", line 1113, in wrapper
    await fut
tornado.iostream.StreamClosedError: Stream is closed

During handling of the above exception, another exception occurred:

Traceback (most recent call last):
  File "E:\anaconda3\envs\drowsy\lib\site-packages\tornado\websocket.py", line 1115, in wrapper
    raise WebSocketClosedError()
tornado.websocket.WebSocketClosedError
2026-01-23 11:10:46,663 - ERROR - Task exception was never retrieved
future: <Task finished name='Task-129665' coro=<WebSocketProtocol13.write_message.<locals>.wrapper() done, defined at E:\anaconda3\envs\drowsy\lib\site-packages\tornado\websocket.py:1111> exception=WebSocketClosedError()>
Traceback (most recent call last):
  File "E:\anaconda3\envs\drowsy\lib\site-packages\tornado\websocket.py", line 1113, in wrapper
    await fut
tornado.iostream.StreamClosedError: Stream is closed

During handling of the above exception, another exception occurred:

Traceback (most recent call last):
  File "E:\anaconda3\envs\drowsy\lib\site-packages\tornado\websocket.py", line 1115, in wrapper
    raise WebSocketClosedError()
tornado.websocket.WebSocketClosedError
2026-01-23 11:10:46,663 - ERROR - Task exception was never retrieved
future: <Task finished name='Task-129668' coro=<WebSocketProtocol13.write_message.<locals>.wrapper() done, defined at E:\anaconda3\envs\drowsy\lib\site-packages\tornado\websocket.py:1111> exception=WebSocketClosedError()>
Traceback (most recent call last):
  File "E:\anaconda3\envs\drowsy\lib\site-packages\tornado\websocket.py", line 1113, in wrapper
    await fut
tornado.iostream.StreamClosedError: Stream is closed

During handling of the above exception, another exception occurred:

Traceback (most recent call last):
  File "E:\anaconda3\envs\drowsy\lib\site-packages\tornado\websocket.py", line 1115, in wrapper
    raise WebSocketClosedError()
tornado.websocket.WebSocketClosedError
2026-01-23 11:10:46,663 - ERROR - Task exception was never retrieved
future: <Task finished name='Task-129671' coro=<WebSocketProtocol13.write_message.<locals>.wrapper() done, defined at E:\anaconda3\envs\drowsy\lib\site-packages\tornado\websocket.py:1111> exception=WebSocketClosedError()>
Traceback (most recent call last):
  File "E:\anaconda3\envs\drowsy\lib\site-packages\tornado\websocket.py", line 1113, in wrapper
    await fut
tornado.iostream.StreamClosedError: Stream is closed

During handling of the above exception, another exception occurred:

Traceback (most recent call last):
  File "E:\anaconda3\envs\drowsy\lib\site-packages\tornado\websocket.py", line 1115, in wrapper
    raise WebSocketClosedError()
tornado.websocket.WebSocketClosedError
2026-01-23 11:10:46,663 - ERROR - Task exception was never retrieved
future: <Task finished name='Task-129674' coro=<WebSocketProtocol13.write_message.<locals>.wrapper() done, defined at E:\anaconda3\envs\drowsy\lib\site-packages\tornado\websocket.py:1111> exception=WebSocketClosedError()>
Traceback (most recent call last):
  File "E:\anaconda3\envs\drowsy\lib\site-packages\tornado\websocket.py", line 1113, in wrapper
    await fut
tornado.iostream.StreamClosedError: Stream is closed

During handling of the above exception, another exception occurred:

Traceback (most recent call last):
  File "E:\anaconda3\envs\drowsy\lib\site-packages\tornado\websocket.py", line 1115, in wrapper
    raise WebSocketClosedError()
tornado.websocket.WebSocketClosedError
2026-01-23 11:10:46,664 - ERROR - Task exception was never retrieved
future: <Task finished name='Task-129677' coro=<WebSocketProtocol13.write_message.<locals>.wrapper() done, defined at E:\anaconda3\envs\drowsy\lib\site-packages\tornado\websocket.py:1111> exception=WebSocketClosedError()>
Traceback (most recent call last):
  File "E:\anaconda3\envs\drowsy\lib\site-packages\tornado\websocket.py", line 1113, in wrapper
    await fut
tornado.iostream.StreamClosedError: Stream is closed

During handling of the above exception, another exception occurred:

Traceback (most recent call last):
  File "E:\anaconda3\envs\drowsy\lib\site-packages\tornado\websocket.py", line 1115, in wrapper
    raise WebSocketClosedError()
tornado.websocket.WebSocketClosedError
2026-01-23 11:10:46,664 - ERROR - Task exception was never retrieved
future: <Task finished name='Task-129680' coro=<WebSocketProtocol13.write_message.<locals>.wrapper() done, defined at E:\anaconda3\envs\drowsy\lib\site-packages\tornado\websocket.py:1111> exception=WebSocketClosedError()>
Traceback (most recent call last):
  File "E:\anaconda3\envs\drowsy\lib\site-packages\tornado\websocket.py", line 1113, in wrapper
    await fut
tornado.iostream.StreamClosedError: Stream is closed

During handling of the above exception, another exception occurred:

Traceback (most recent call last):
  File "E:\anaconda3\envs\drowsy\lib\site-packages\tornado\websocket.py", line 1115, in wrapper
    raise WebSocketClosedError()
tornado.websocket.WebSocketClosedError
2026-01-23 11:10:46,664 - ERROR - Task exception was never retrieved
future: <Task finished name='Task-129683' coro=<WebSocketProtocol13.write_message.<locals>.wrapper() done, defined at E:\anaconda3\envs\drowsy\lib\site-packages\tornado\websocket.py:1111> exception=WebSocketClosedError()>
Traceback (most recent call last):
  File "E:\anaconda3\envs\drowsy\lib\site-packages\tornado\websocket.py", line 1113, in wrapper
    await fut
tornado.iostream.StreamClosedError: Stream is closed

During handling of the above exception, another exception occurred:

Traceback (most recent call last):
  File "E:\anaconda3\envs\drowsy\lib\site-packages\tornado\websocket.py", line 1115, in wrapper
    raise WebSocketClosedError()
tornado.websocket.WebSocketClosedError
2026-01-23 11:10:46,664 - ERROR - Task exception was never retrieved
future: <Task finished name='Task-129686' coro=<WebSocketProtocol13.write_message.<locals>.wrapper() done, defined at E:\anaconda3\envs\drowsy\lib\site-packages\tornado\websocket.py:1111> exception=WebSocketClosedError()>
Traceback (most recent call last):
  File "E:\anaconda3\envs\drowsy\lib\site-packages\tornado\websocket.py", line 1113, in wrapper
    await fut
tornado.iostream.StreamClosedError: Stream is closed

During handling of the above exception, another exception occurred:

Traceback (most recent call last):
  File "E:\anaconda3\envs\drowsy\lib\site-packages\tornado\websocket.py", line 1115, in wrapper
    raise WebSocketClosedError()
tornado.websocket.WebSocketClosedError
2026-01-23 11:10:46,664 - ERROR - Task exception was never retrieved
future: <Task finished name='Task-129689' coro=<WebSocketProtocol13.write_message.<locals>.wrapper() done, defined at E:\anaconda3\envs\drowsy\lib\site-packages\tornado\websocket.py:1111> exception=WebSocketClosedError()>
Traceback (most recent call last):
  File "E:\anaconda3\envs\drowsy\lib\site-packages\tornado\websocket.py", line 1113, in wrapper
    await fut
tornado.iostream.StreamClosedError: Stream is closed

During handling of the above exception, another exception occurred:

Traceback (most recent call last):
  File "E:\anaconda3\envs\drowsy\lib\site-packages\tornado\websocket.py", line 1115, in wrapper
    raise WebSocketClosedError()
tornado.websocket.WebSocketClosedError
2026-01-23 11:10:46,665 - ERROR - Task exception was never retrieved
future: <Task finished name='Task-129692' coro=<WebSocketProtocol13.write_message.<locals>.wrapper() done, defined at E:\anaconda3\envs\drowsy\lib\site-packages\tornado\websocket.py:1111> exception=WebSocketClosedError()>
Traceback (most recent call last):
  File "E:\anaconda3\envs\drowsy\lib\site-packages\tornado\websocket.py", line 1113, in wrapper
    await fut
tornado.iostream.StreamClosedError: Stream is closed

During handling of the above exception, another exception occurred:

Traceback (most recent call last):
  File "E:\anaconda3\envs\drowsy\lib\site-packages\tornado\websocket.py", line 1115, in wrapper
    raise WebSocketClosedError()
tornado.websocket.WebSocketClosedError
2026-01-23 11:10:46,665 - ERROR - Task exception was never retrieved
future: <Task finished name='Task-129695' coro=<WebSocketProtocol13.write_message.<locals>.wrapper() done, defined at E:\anaconda3\envs\drowsy\lib\site-packages\tornado\websocket.py:1111> exception=WebSocketClosedError()>
Traceback (most recent call last):
  File "E:\anaconda3\envs\drowsy\lib\site-packages\tornado\websocket.py", line 1113, in wrapper
    await fut
tornado.iostream.StreamClosedError: Stream is closed

During handling of the above exception, another exception occurred:

Traceback (most recent call last):
  File "E:\anaconda3\envs\drowsy\lib\site-packages\tornado\websocket.py", line 1115, in wrapper
    raise WebSocketClosedError()
tornado.websocket.WebSocketClosedError
2026-01-23 11:10:46,665 - ERROR - Task exception was never retrieved
future: <Task finished name='Task-129698' coro=<WebSocketProtocol13.write_message.<locals>.wrapper() done, defined at E:\anaconda3\envs\drowsy\lib\site-packages\tornado\websocket.py:1111> exception=WebSocketClosedError()>
Traceback (most recent call last):
  File "E:\anaconda3\envs\drowsy\lib\site-packages\tornado\websocket.py", line 1113, in wrapper
    await fut
tornado.iostream.StreamClosedError: Stream is closed

During handling of the above exception, another exception occurred:

Traceback (most recent call last):
  File "E:\anaconda3\envs\drowsy\lib\site-packages\tornado\websocket.py", line 1115, in wrapper
    raise WebSocketClosedError()
tornado.websocket.WebSocketClosedError
2026-01-23 11:10:46,665 - ERROR - Task exception was never retrieved
future: <Task finished name='Task-129701' coro=<WebSocketProtocol13.write_message.<locals>.wrapper() done, defined at E:\anaconda3\envs\drowsy\lib\site-packages\tornado\websocket.py:1111> exception=WebSocketClosedError()>
Traceback (most recent call last):
  File "E:\anaconda3\envs\drowsy\lib\site-packages\tornado\websocket.py", line 1113, in wrapper
    await fut
tornado.iostream.StreamClosedError: Stream is closed

During handling of the above exception, another exception occurred:

Traceback (most recent call last):
  File "E:\anaconda3\envs\drowsy\lib\site-packages\tornado\websocket.py", line 1115, in wrapper
    raise WebSocketClosedError()
tornado.websocket.WebSocketClosedError
2026-01-23 11:10:46,665 - ERROR - Task exception was never retrieved
future: <Task finished name='Task-129704' coro=<WebSocketProtocol13.write_message.<locals>.wrapper() done, defined at E:\anaconda3\envs\drowsy\lib\site-packages\tornado\websocket.py:1111> exception=WebSocketClosedError()>
Traceback (most recent call last):
  File "E:\anaconda3\envs\drowsy\lib\site-packages\tornado\websocket.py", line 1113, in wrapper
    await fut
tornado.iostream.StreamClosedError: Stream is closed

During handling of the above exception, another exception occurred:

Traceback (most recent call last):
  File "E:\anaconda3\envs\drowsy\lib\site-packages\tornado\websocket.py", line 1115, in wrapper
    raise WebSocketClosedError()
tornado.websocket.WebSocketClosedError
2026-01-23 11:10:46,665 - ERROR - Task exception was never retrieved
future: <Task finished name='Task-129707' coro=<WebSocketProtocol13.write_message.<locals>.wrapper() done, defined at E:\anaconda3\envs\drowsy\lib\site-packages\tornado\websocket.py:1111> exception=WebSocketClosedError()>
Traceback (most recent call last):
  File "E:\anaconda3\envs\drowsy\lib\site-packages\tornado\websocket.py", line 1113, in wrapper
    await fut
tornado.iostream.StreamClosedError: Stream is closed

During handling of the above exception, another exception occurred:

Traceback (most recent call last):
  File "E:\anaconda3\envs\drowsy\lib\site-packages\tornado\websocket.py", line 1115, in wrapper
    raise WebSocketClosedError()
tornado.websocket.WebSocketClosedError
2026-01-23 11:10:46,665 - ERROR - Task exception was never retrieved
future: <Task finished name='Task-129710' coro=<WebSocketProtocol13.write_message.<locals>.wrapper() done, defined at E:\anaconda3\envs\drowsy\lib\site-packages\tornado\websocket.py:1111> exception=WebSocketClosedError()>
Traceback (most recent call last):
  File "E:\anaconda3\envs\drowsy\lib\site-packages\tornado\websocket.py", line 1113, in wrapper
    await fut
tornado.iostream.StreamClosedError: Stream is closed

During handling of the above exception, another exception occurred:

Traceback (most recent call last):
  File "E:\anaconda3\envs\drowsy\lib\site-packages\tornado\websocket.py", line 1115, in wrapper
    raise WebSocketClosedError()
tornado.websocket.WebSocketClosedError
2026-01-23 11:10:46,665 - ERROR - Task exception was never retrieved
future: <Task finished name='Task-129713' coro=<WebSocketProtocol13.write_message.<locals>.wrapper() done, defined at E:\anaconda3\envs\drowsy\lib\site-packages\tornado\websocket.py:1111> exception=WebSocketClosedError()>
Traceback (most recent call last):
  File "E:\anaconda3\envs\drowsy\lib\site-packages\tornado\websocket.py", line 1113, in wrapper
    await fut
tornado.iostream.StreamClosedError: Stream is closed

During handling of the above exception, another exception occurred:

Traceback (most recent call last):
  File "E:\anaconda3\envs\drowsy\lib\site-packages\tornado\websocket.py", line 1115, in wrapper
    raise WebSocketClosedError()
tornado.websocket.WebSocketClosedError
2026-01-23 11:10:46,665 - ERROR - Task exception was never retrieved
future: <Task finished name='Task-129716' coro=<WebSocketProtocol13.write_message.<locals>.wrapper() done, defined at E:\anaconda3\envs\drowsy\lib\site-packages\tornado\websocket.py:1111> exception=WebSocketClosedError()>
Traceback (most recent call last):
  File "E:\anaconda3\envs\drowsy\lib\site-packages\tornado\websocket.py", line 1113, in wrapper
    await fut
tornado.iostream.StreamClosedError: Stream is closed

During handling of the above exception, another exception occurred:

Traceback (most recent call last):
  File "E:\anaconda3\envs\drowsy\lib\site-packages\tornado\websocket.py", line 1115, in wrapper
    raise WebSocketClosedError()
tornado.websocket.WebSocketClosedError
2026-01-23 11:10:46,666 - ERROR - Task exception was never retrieved
future: <Task finished name='Task-129719' coro=<WebSocketProtocol13.write_message.<locals>.wrapper() done, defined at E:\anaconda3\envs\drowsy\lib\site-packages\tornado\websocket.py:1111> exception=WebSocketClosedError()>
Traceback (most recent call last):
  File "E:\anaconda3\envs\drowsy\lib\site-packages\tornado\websocket.py", line 1113, in wrapper
    await fut
tornado.iostream.StreamClosedError: Stream is closed

During handling of the above exception, another exception occurred:

Traceback (most recent call last):
  File "E:\anaconda3\envs\drowsy\lib\site-packages\tornado\websocket.py", line 1115, in wrapper
    raise WebSocketClosedError()
tornado.websocket.WebSocketClosedError
2026-01-23 11:10:46,666 - ERROR - Task exception was never retrieved
future: <Task finished name='Task-129722' coro=<WebSocketProtocol13.write_message.<locals>.wrapper() done, defined at E:\anaconda3\envs\drowsy\lib\site-packages\tornado\websocket.py:1111> exception=WebSocketClosedError()>
Traceback (most recent call last):
  File "E:\anaconda3\envs\drowsy\lib\site-packages\tornado\websocket.py", line 1113, in wrapper
    await fut
tornado.iostream.StreamClosedError: Stream is closed

During handling of the above exception, another exception occurred:

Traceback (most recent call last):
  File "E:\anaconda3\envs\drowsy\lib\site-packages\tornado\websocket.py", line 1115, in wrapper
    raise WebSocketClosedError()
tornado.websocket.WebSocketClosedError
2026-01-23 11:10:46,666 - ERROR - Task exception was never retrieved
future: <Task finished name='Task-129725' coro=<WebSocketProtocol13.write_message.<locals>.wrapper() done, defined at E:\anaconda3\envs\drowsy\lib\site-packages\tornado\websocket.py:1111> exception=WebSocketClosedError()>
Traceback (most recent call last):
  File "E:\anaconda3\envs\drowsy\lib\site-packages\tornado\websocket.py", line 1113, in wrapper
    await fut
tornado.iostream.StreamClosedError: Stream is closed

During handling of the above exception, another exception occurred:

Traceback (most recent call last):
  File "E:\anaconda3\envs\drowsy\lib\site-packages\tornado\websocket.py", line 1115, in wrapper
    raise WebSocketClosedError()
tornado.websocket.WebSocketClosedError
2026-01-23 11:10:46,666 - ERROR - Task exception was never retrieved
future: <Task finished name='Task-129728' coro=<WebSocketProtocol13.write_message.<locals>.wrapper() done, defined at E:\anaconda3\envs\drowsy\lib\site-packages\tornado\websocket.py:1111> exception=WebSocketClosedError()>
Traceback (most recent call last):
  File "E:\anaconda3\envs\drowsy\lib\site-packages\tornado\websocket.py", line 1113, in wrapper
    await fut
tornado.iostream.StreamClosedError: Stream is closed

During handling of the above exception, another exception occurred:

Traceback (most recent call last):
  File "E:\anaconda3\envs\drowsy\lib\site-packages\tornado\websocket.py", line 1115, in wrapper
    raise WebSocketClosedError()
tornado.websocket.WebSocketClosedError
2026-01-23 11:10:46,666 - ERROR - Task exception was never retrieved
future: <Task finished name='Task-129731' coro=<WebSocketProtocol13.write_message.<locals>.wrapper() done, defined at E:\anaconda3\envs\drowsy\lib\site-packages\tornado\websocket.py:1111> exception=WebSocketClosedError()>
Traceback (most recent call last):
  File "E:\anaconda3\envs\drowsy\lib\site-packages\tornado\websocket.py", line 1113, in wrapper
    await fut
tornado.iostream.StreamClosedError: Stream is closed

During handling of the above exception, another exception occurred:

Traceback (most recent call last):
  File "E:\anaconda3\envs\drowsy\lib\site-packages\tornado\websocket.py", line 1115, in wrapper
    raise WebSocketClosedError()
tornado.websocket.WebSocketClosedError
2026-01-23 11:10:46,666 - ERROR - Task exception was never retrieved
future: <Task finished name='Task-129734' coro=<WebSocketProtocol13.write_message.<locals>.wrapper() done, defined at E:\anaconda3\envs\drowsy\lib\site-packages\tornado\websocket.py:1111> exception=WebSocketClosedError()>
Traceback (most recent call last):
  File "E:\anaconda3\envs\drowsy\lib\site-packages\tornado\websocket.py", line 1113, in wrapper
    await fut
tornado.iostream.StreamClosedError: Stream is closed

During handling of the above exception, another exception occurred:

Traceback (most recent call last):
  File "E:\anaconda3\envs\drowsy\lib\site-packages\tornado\websocket.py", line 1115, in wrapper
    raise WebSocketClosedError()
tornado.websocket.WebSocketClosedError
2026-01-23 11:10:46,667 - ERROR - Task exception was never retrieved
future: <Task finished name='Task-129737' coro=<WebSocketProtocol13.write_message.<locals>.wrapper() done, defined at E:\anaconda3\envs\drowsy\lib\site-packages\tornado\websocket.py:1111> exception=WebSocketClosedError()>
Traceback (most recent call last):
  File "E:\anaconda3\envs\drowsy\lib\site-packages\tornado\websocket.py", line 1113, in wrapper
    await fut
tornado.iostream.StreamClosedError: Stream is closed

During handling of the above exception, another exception occurred:

Traceback (most recent call last):
  File "E:\anaconda3\envs\drowsy\lib\site-packages\tornado\websocket.py", line 1115, in wrapper
    raise WebSocketClosedError()
tornado.websocket.WebSocketClosedError
2026-01-23 11:10:46,667 - ERROR - Task exception was never retrieved
future: <Task finished name='Task-129740' coro=<WebSocketProtocol13.write_message.<locals>.wrapper() done, defined at E:\anaconda3\envs\drowsy\lib\site-packages\tornado\websocket.py:1111> exception=WebSocketClosedError()>
Traceback (most recent call last):
  File "E:\anaconda3\envs\drowsy\lib\site-packages\tornado\websocket.py", line 1113, in wrapper
    await fut
tornado.iostream.StreamClosedError: Stream is closed

During handling of the above exception, another exception occurred:

Traceback (most recent call last):
  File "E:\anaconda3\envs\drowsy\lib\site-packages\tornado\websocket.py", line 1115, in wrapper
    raise WebSocketClosedError()
tornado.websocket.WebSocketClosedError
2026-01-23 11:10:46,667 - ERROR - Task exception was never retrieved
future: <Task finished name='Task-129743' coro=<WebSocketProtocol13.write_message.<locals>.wrapper() done, defined at E:\anaconda3\envs\drowsy\lib\site-packages\tornado\websocket.py:1111> exception=WebSocketClosedError()>
Traceback (most recent call last):
  File "E:\anaconda3\envs\drowsy\lib\site-packages\tornado\websocket.py", line 1113, in wrapper
    await fut
tornado.iostream.StreamClosedError: Stream is closed

During handling of the above exception, another exception occurred:

Traceback (most recent call last):
  File "E:\anaconda3\envs\drowsy\lib\site-packages\tornado\websocket.py", line 1115, in wrapper
    raise WebSocketClosedError()
tornado.websocket.WebSocketClosedError
2026-01-23 11:10:46,667 - ERROR - Task exception was never retrieved
future: <Task finished name='Task-129746' coro=<WebSocketProtocol13.write_message.<locals>.wrapper() done, defined at E:\anaconda3\envs\drowsy\lib\site-packages\tornado\websocket.py:1111> exception=WebSocketClosedError()>
Traceback (most recent call last):
  File "E:\anaconda3\envs\drowsy\lib\site-packages\tornado\websocket.py", line 1113, in wrapper
    await fut
tornado.iostream.StreamClosedError: Stream is closed

During handling of the above exception, another exception occurred:

Traceback (most recent call last):
  File "E:\anaconda3\envs\drowsy\lib\site-packages\tornado\websocket.py", line 1115, in wrapper
    raise WebSocketClosedError()
tornado.websocket.WebSocketClosedError
2026-01-23 11:10:46,667 - ERROR - Task exception was never retrieved
future: <Task finished name='Task-129749' coro=<WebSocketProtocol13.write_message.<locals>.wrapper() done, defined at E:\anaconda3\envs\drowsy\lib\site-packages\tornado\websocket.py:1111> exception=WebSocketClosedError()>
Traceback (most recent call last):
  File "E:\anaconda3\envs\drowsy\lib\site-packages\tornado\websocket.py", line 1113, in wrapper
    await fut
tornado.iostream.StreamClosedError: Stream is closed

During handling of the above exception, another exception occurred:

Traceback (most recent call last):
  File "E:\anaconda3\envs\drowsy\lib\site-packages\tornado\websocket.py", line 1115, in wrapper
    raise WebSocketClosedError()
tornado.websocket.WebSocketClosedError
2026-01-23 11:10:46,668 - ERROR - Task exception was never retrieved
future: <Task finished name='Task-129752' coro=<WebSocketProtocol13.write_message.<locals>.wrapper() done, defined at E:\anaconda3\envs\drowsy\lib\site-packages\tornado\websocket.py:1111> exception=WebSocketClosedError()>
Traceback (most recent call last):
  File "E:\anaconda3\envs\drowsy\lib\site-packages\tornado\websocket.py", line 1113, in wrapper
    await fut
tornado.iostream.StreamClosedError: Stream is closed

During handling of the above exception, another exception occurred:

Traceback (most recent call last):
  File "E:\anaconda3\envs\drowsy\lib\site-packages\tornado\websocket.py", line 1115, in wrapper
    raise WebSocketClosedError()
tornado.websocket.WebSocketClosedError
2026-01-23 11:10:46,668 - ERROR - Task exception was never retrieved
future: <Task finished name='Task-129755' coro=<WebSocketProtocol13.write_message.<locals>.wrapper() done, defined at E:\anaconda3\envs\drowsy\lib\site-packages\tornado\websocket.py:1111> exception=WebSocketClosedError()>
Traceback (most recent call last):
  File "E:\anaconda3\envs\drowsy\lib\site-packages\tornado\websocket.py", line 1113, in wrapper
    await fut
tornado.iostream.StreamClosedError: Stream is closed

During handling of the above exception, another exception occurred:

Traceback (most recent call last):
  File "E:\anaconda3\envs\drowsy\lib\site-packages\tornado\websocket.py", line 1115, in wrapper
    raise WebSocketClosedError()
tornado.websocket.WebSocketClosedError
2026-01-23 11:10:46,668 - ERROR - Task exception was never retrieved
future: <Task finished name='Task-129758' coro=<WebSocketProtocol13.write_message.<locals>.wrapper() done, defined at E:\anaconda3\envs\drowsy\lib\site-packages\tornado\websocket.py:1111> exception=WebSocketClosedError()>
Traceback (most recent call last):
  File "E:\anaconda3\envs\drowsy\lib\site-packages\tornado\websocket.py", line 1113, in wrapper
    await fut
tornado.iostream.StreamClosedError: Stream is closed

During handling of the above exception, another exception occurred:

Traceback (most recent call last):
  File "E:\anaconda3\envs\drowsy\lib\site-packages\tornado\websocket.py", line 1115, in wrapper
    raise WebSocketClosedError()
tornado.websocket.WebSocketClosedError
2026-01-23 11:10:46,668 - ERROR - Task exception was never retrieved
future: <Task finished name='Task-129761' coro=<WebSocketProtocol13.write_message.<locals>.wrapper() done, defined at E:\anaconda3\envs\drowsy\lib\site-packages\tornado\websocket.py:1111> exception=WebSocketClosedError()>
Traceback (most recent call last):
  File "E:\anaconda3\envs\drowsy\lib\site-packages\tornado\websocket.py", line 1113, in wrapper
    await fut
tornado.iostream.StreamClosedError: Stream is closed

During handling of the above exception, another exception occurred:

Traceback (most recent call last):
  File "E:\anaconda3\envs\drowsy\lib\site-packages\tornado\websocket.py", line 1115, in wrapper
    raise WebSocketClosedError()
tornado.websocket.WebSocketClosedError
2026-01-23 11:10:46,668 - ERROR - Task exception was never retrieved
future: <Task finished name='Task-129764' coro=<WebSocketProtocol13.write_message.<locals>.wrapper() done, defined at E:\anaconda3\envs\drowsy\lib\site-packages\tornado\websocket.py:1111> exception=WebSocketClosedError()>
Traceback (most recent call last):
  File "E:\anaconda3\envs\drowsy\lib\site-packages\tornado\websocket.py", line 1113, in wrapper
    await fut
tornado.iostream.StreamClosedError: Stream is closed

During handling of the above exception, another exception occurred:

Traceback (most recent call last):
  File "E:\anaconda3\envs\drowsy\lib\site-packages\tornado\websocket.py", line 1115, in wrapper
    raise WebSocketClosedError()
tornado.websocket.WebSocketClosedError
2026-01-23 11:10:46,668 - ERROR - Task exception was never retrieved
future: <Task finished name='Task-129767' coro=<WebSocketProtocol13.write_message.<locals>.wrapper() done, defined at E:\anaconda3\envs\drowsy\lib\site-packages\tornado\websocket.py:1111> exception=WebSocketClosedError()>
Traceback (most recent call last):
  File "E:\anaconda3\envs\drowsy\lib\site-packages\tornado\websocket.py", line 1113, in wrapper
    await fut
tornado.iostream.StreamClosedError: Stream is closed

During handling of the above exception, another exception occurred:

Traceback (most recent call last):
  File "E:\anaconda3\envs\drowsy\lib\site-packages\tornado\websocket.py", line 1115, in wrapper
    raise WebSocketClosedError()
tornado.websocket.WebSocketClosedError
2026-01-23 11:10:46,669 - ERROR - Task exception was never retrieved
future: <Task finished name='Task-129770' coro=<WebSocketProtocol13.write_message.<locals>.wrapper() done, defined at E:\anaconda3\envs\drowsy\lib\site-packages\tornado\websocket.py:1111> exception=WebSocketClosedError()>
Traceback (most recent call last):
  File "E:\anaconda3\envs\drowsy\lib\site-packages\tornado\websocket.py", line 1113, in wrapper
    await fut
tornado.iostream.StreamClosedError: Stream is closed

During handling of the above exception, another exception occurred:

Traceback (most recent call last):
  File "E:\anaconda3\envs\drowsy\lib\site-packages\tornado\websocket.py", line 1115, in wrapper
    raise WebSocketClosedError()
tornado.websocket.WebSocketClosedError
2026-01-23 11:10:46,669 - ERROR - Task exception was never retrieved
future: <Task finished name='Task-129773' coro=<WebSocketProtocol13.write_message.<locals>.wrapper() done, defined at E:\anaconda3\envs\drowsy\lib\site-packages\tornado\websocket.py:1111> exception=WebSocketClosedError()>
Traceback (most recent call last):
  File "E:\anaconda3\envs\drowsy\lib\site-packages\tornado\websocket.py", line 1113, in wrapper
    await fut
tornado.iostream.StreamClosedError: Stream is closed

During handling of the above exception, another exception occurred:

Traceback (most recent call last):
  File "E:\anaconda3\envs\drowsy\lib\site-packages\tornado\websocket.py", line 1115, in wrapper
    raise WebSocketClosedError()
tornado.websocket.WebSocketClosedError
2026-01-23 11:10:46,669 - ERROR - Task exception was never retrieved
future: <Task finished name='Task-129776' coro=<WebSocketProtocol13.write_message.<locals>.wrapper() done, defined at E:\anaconda3\envs\drowsy\lib\site-packages\tornado\websocket.py:1111> exception=WebSocketClosedError()>
Traceback (most recent call last):
  File "E:\anaconda3\envs\drowsy\lib\site-packages\tornado\websocket.py", line 1113, in wrapper
    await fut
tornado.iostream.StreamClosedError: Stream is closed

During handling of the above exception, another exception occurred:

Traceback (most recent call last):
  File "E:\anaconda3\envs\drowsy\lib\site-packages\tornado\websocket.py", line 1115, in wrapper
    raise WebSocketClosedError()
tornado.websocket.WebSocketClosedError
2026-01-23 11:10:46,669 - ERROR - Task exception was never retrieved
future: <Task finished name='Task-129779' coro=<WebSocketProtocol13.write_message.<locals>.wrapper() done, defined at E:\anaconda3\envs\drowsy\lib\site-packages\tornado\websocket.py:1111> exception=WebSocketClosedError()>
Traceback (most recent call last):
  File "E:\anaconda3\envs\drowsy\lib\site-packages\tornado\websocket.py", line 1113, in wrapper
    await fut
tornado.iostream.StreamClosedError: Stream is closed

During handling of the above exception, another exception occurred:

Traceback (most recent call last):
  File "E:\anaconda3\envs\drowsy\lib\site-packages\tornado\websocket.py", line 1115, in wrapper
    raise WebSocketClosedError()
tornado.websocket.WebSocketClosedError
2026-01-23 11:10:46,669 - ERROR - Task exception was never retrieved
future: <Task finished name='Task-129782' coro=<WebSocketProtocol13.write_message.<locals>.wrapper() done, defined at E:\anaconda3\envs\drowsy\lib\site-packages\tornado\websocket.py:1111> exception=WebSocketClosedError()>
Traceback (most recent call last):
  File "E:\anaconda3\envs\drowsy\lib\site-packages\tornado\websocket.py", line 1113, in wrapper
    await fut
tornado.iostream.StreamClosedError: Stream is closed

During handling of the above exception, another exception occurred:

Traceback (most recent call last):
  File "E:\anaconda3\envs\drowsy\lib\site-packages\tornado\websocket.py", line 1115, in wrapper
    raise WebSocketClosedError()
tornado.websocket.WebSocketClosedError
2026-01-23 11:10:46,669 - ERROR - Task exception was never retrieved
future: <Task finished name='Task-129785' coro=<WebSocketProtocol13.write_message.<locals>.wrapper() done, defined at E:\anaconda3\envs\drowsy\lib\site-packages\tornado\websocket.py:1111> exception=WebSocketClosedError()>
Traceback (most recent call last):
  File "E:\anaconda3\envs\drowsy\lib\site-packages\tornado\websocket.py", line 1113, in wrapper
    await fut
tornado.iostream.StreamClosedError: Stream is closed

During handling of the above exception, another exception occurred:

Traceback (most recent call last):
  File "E:\anaconda3\envs\drowsy\lib\site-packages\tornado\websocket.py", line 1115, in wrapper
    raise WebSocketClosedError()
tornado.websocket.WebSocketClosedError
2026-01-23 11:10:46,670 - ERROR - Task exception was never retrieved
future: <Task finished name='Task-129788' coro=<WebSocketProtocol13.write_message.<locals>.wrapper() done, defined at E:\anaconda3\envs\drowsy\lib\site-packages\tornado\websocket.py:1111> exception=WebSocketClosedError()>
Traceback (most recent call last):
  File "E:\anaconda3\envs\drowsy\lib\site-packages\tornado\websocket.py", line 1113, in wrapper
    await fut
tornado.iostream.StreamClosedError: Stream is closed

During handling of the above exception, another exception occurred:

Traceback (most recent call last):
  File "E:\anaconda3\envs\drowsy\lib\site-packages\tornado\websocket.py", line 1115, in wrapper
    raise WebSocketClosedError()
tornado.websocket.WebSocketClosedError
2026-01-23 11:10:46,670 - ERROR - Task exception was never retrieved
future: <Task finished name='Task-129791' coro=<WebSocketProtocol13.write_message.<locals>.wrapper() done, defined at E:\anaconda3\envs\drowsy\lib\site-packages\tornado\websocket.py:1111> exception=WebSocketClosedError()>
Traceback (most recent call last):
  File "E:\anaconda3\envs\drowsy\lib\site-packages\tornado\websocket.py", line 1113, in wrapper
    await fut
tornado.iostream.StreamClosedError: Stream is closed

During handling of the above exception, another exception occurred:

Traceback (most recent call last):
  File "E:\anaconda3\envs\drowsy\lib\site-packages\tornado\websocket.py", line 1115, in wrapper
    raise WebSocketClosedError()
tornado.websocket.WebSocketClosedError
2026-01-23 11:10:46,670 - ERROR - Task exception was never retrieved
future: <Task finished name='Task-129794' coro=<WebSocketProtocol13.write_message.<locals>.wrapper() done, defined at E:\anaconda3\envs\drowsy\lib\site-packages\tornado\websocket.py:1111> exception=WebSocketClosedError()>
Traceback (most recent call last):
  File "E:\anaconda3\envs\drowsy\lib\site-packages\tornado\websocket.py", line 1113, in wrapper
    await fut
tornado.iostream.StreamClosedError: Stream is closed

During handling of the above exception, another exception occurred:

Traceback (most recent call last):
  File "E:\anaconda3\envs\drowsy\lib\site-packages\tornado\websocket.py", line 1115, in wrapper
    raise WebSocketClosedError()
tornado.websocket.WebSocketClosedError
2026-01-23 11:10:46,670 - ERROR - Task exception was never retrieved
future: <Task finished name='Task-129797' coro=<WebSocketProtocol13.write_message.<locals>.wrapper() done, defined at E:\anaconda3\envs\drowsy\lib\site-packages\tornado\websocket.py:1111> exception=WebSocketClosedError()>
Traceback (most recent call last):
  File "E:\anaconda3\envs\drowsy\lib\site-packages\tornado\websocket.py", line 1113, in wrapper
    await fut
tornado.iostream.StreamClosedError: Stream is closed

During handling of the above exception, another exception occurred:

Traceback (most recent call last):
  File "E:\anaconda3\envs\drowsy\lib\site-packages\tornado\websocket.py", line 1115, in wrapper
    raise WebSocketClosedError()
tornado.websocket.WebSocketClosedError
2026-01-23 11:10:46,670 - ERROR - Task exception was never retrieved
future: <Task finished name='Task-129800' coro=<WebSocketProtocol13.write_message.<locals>.wrapper() done, defined at E:\anaconda3\envs\drowsy\lib\site-packages\tornado\websocket.py:1111> exception=WebSocketClosedError()>
Traceback (most recent call last):
  File "E:\anaconda3\envs\drowsy\lib\site-packages\tornado\websocket.py", line 1113, in wrapper
    await fut
tornado.iostream.StreamClosedError: Stream is closed

During handling of the above exception, another exception occurred:

Traceback (most recent call last):
  File "E:\anaconda3\envs\drowsy\lib\site-packages\tornado\websocket.py", line 1115, in wrapper
    raise WebSocketClosedError()
tornado.websocket.WebSocketClosedError
2026-01-23 11:10:46,670 - ERROR - Task exception was never retrieved
future: <Task finished name='Task-129803' coro=<WebSocketProtocol13.write_message.<locals>.wrapper() done, defined at E:\anaconda3\envs\drowsy\lib\site-packages\tornado\websocket.py:1111> exception=WebSocketClosedError()>
Traceback (most recent call last):
  File "E:\anaconda3\envs\drowsy\lib\site-packages\tornado\websocket.py", line 1113, in wrapper
    await fut
tornado.iostream.StreamClosedError: Stream is closed

During handling of the above exception, another exception occurred:

Traceback (most recent call last):
  File "E:\anaconda3\envs\drowsy\lib\site-packages\tornado\websocket.py", line 1115, in wrapper
    raise WebSocketClosedError()
tornado.websocket.WebSocketClosedError
2026-01-23 11:10:46,671 - ERROR - Task exception was never retrieved
future: <Task finished name='Task-129806' coro=<WebSocketProtocol13.write_message.<locals>.wrapper() done, defined at E:\anaconda3\envs\drowsy\lib\site-packages\tornado\websocket.py:1111> exception=WebSocketClosedError()>
Traceback (most recent call last):
  File "E:\anaconda3\envs\drowsy\lib\site-packages\tornado\websocket.py", line 1113, in wrapper
    await fut
tornado.iostream.StreamClosedError: Stream is closed

During handling of the above exception, another exception occurred:

Traceback (most recent call last):
  File "E:\anaconda3\envs\drowsy\lib\site-packages\tornado\websocket.py", line 1115, in wrapper
    raise WebSocketClosedError()
tornado.websocket.WebSocketClosedError
2026-01-23 11:10:46,671 - ERROR - Task exception was never retrieved
future: <Task finished name='Task-129809' coro=<WebSocketProtocol13.write_message.<locals>.wrapper() done, defined at E:\anaconda3\envs\drowsy\lib\site-packages\tornado\websocket.py:1111> exception=WebSocketClosedError()>
Traceback (most recent call last):
  File "E:\anaconda3\envs\drowsy\lib\site-packages\tornado\websocket.py", line 1113, in wrapper
    await fut
tornado.iostream.StreamClosedError: Stream is closed

During handling of the above exception, another exception occurred:

Traceback (most recent call last):
  File "E:\anaconda3\envs\drowsy\lib\site-packages\tornado\websocket.py", line 1115, in wrapper
    raise WebSocketClosedError()
tornado.websocket.WebSocketClosedError
2026-01-23 11:10:46,671 - ERROR - Task exception was never retrieved
future: <Task finished name='Task-129812' coro=<WebSocketProtocol13.write_message.<locals>.wrapper() done, defined at E:\anaconda3\envs\drowsy\lib\site-packages\tornado\websocket.py:1111> exception=WebSocketClosedError()>
Traceback (most recent call last):
  File "E:\anaconda3\envs\drowsy\lib\site-packages\tornado\websocket.py", line 1113, in wrapper
    await fut
tornado.iostream.StreamClosedError: Stream is closed

During handling of the above exception, another exception occurred:

Traceback (most recent call last):
  File "E:\anaconda3\envs\drowsy\lib\site-packages\tornado\websocket.py", line 1115, in wrapper
    raise WebSocketClosedError()
tornado.websocket.WebSocketClosedError
2026-01-23 11:10:46,671 - ERROR - Task exception was never retrieved
future: <Task finished name='Task-129815' coro=<WebSocketProtocol13.write_message.<locals>.wrapper() done, defined at E:\anaconda3\envs\drowsy\lib\site-packages\tornado\websocket.py:1111> exception=WebSocketClosedError()>
Traceback (most recent call last):
  File "E:\anaconda3\envs\drowsy\lib\site-packages\tornado\websocket.py", line 1113, in wrapper
    await fut
tornado.iostream.StreamClosedError: Stream is closed

During handling of the above exception, another exception occurred:

Traceback (most recent call last):
  File "E:\anaconda3\envs\drowsy\lib\site-packages\tornado\websocket.py", line 1115, in wrapper
    raise WebSocketClosedError()
tornado.websocket.WebSocketClosedError
2026-01-23 11:10:46,672 - ERROR - Task exception was never retrieved
future: <Task finished name='Task-129818' coro=<WebSocketProtocol13.write_message.<locals>.wrapper() done, defined at E:\anaconda3\envs\drowsy\lib\site-packages\tornado\websocket.py:1111> exception=WebSocketClosedError()>
Traceback (most recent call last):
  File "E:\anaconda3\envs\drowsy\lib\site-packages\tornado\websocket.py", line 1113, in wrapper
    await fut
tornado.iostream.StreamClosedError: Stream is closed

During handling of the above exception, another exception occurred:

Traceback (most recent call last):
  File "E:\anaconda3\envs\drowsy\lib\site-packages\tornado\websocket.py", line 1115, in wrapper
    raise WebSocketClosedError()
tornado.websocket.WebSocketClosedError
2026-01-23 11:10:46,672 - ERROR - Task exception was never retrieved
future: <Task finished name='Task-129821' coro=<WebSocketProtocol13.write_message.<locals>.wrapper() done, defined at E:\anaconda3\envs\drowsy\lib\site-packages\tornado\websocket.py:1111> exception=WebSocketClosedError()>
Traceback (most recent call last):
  File "E:\anaconda3\envs\drowsy\lib\site-packages\tornado\websocket.py", line 1113, in wrapper
    await fut
tornado.iostream.StreamClosedError: Stream is closed

During handling of the above exception, another exception occurred:

Traceback (most recent call last):
  File "E:\anaconda3\envs\drowsy\lib\site-packages\tornado\websocket.py", line 1115, in wrapper
    raise WebSocketClosedError()
tornado.websocket.WebSocketClosedError
2026-01-23 11:10:46,672 - ERROR - Task exception was never retrieved
future: <Task finished name='Task-129824' coro=<WebSocketProtocol13.write_message.<locals>.wrapper() done, defined at E:\anaconda3\envs\drowsy\lib\site-packages\tornado\websocket.py:1111> exception=WebSocketClosedError()>
Traceback (most recent call last):
  File "E:\anaconda3\envs\drowsy\lib\site-packages\tornado\websocket.py", line 1113, in wrapper
    await fut
tornado.iostream.StreamClosedError: Stream is closed

During handling of the above exception, another exception occurred:

Traceback (most recent call last):
  File "E:\anaconda3\envs\drowsy\lib\site-packages\tornado\websocket.py", line 1115, in wrapper
    raise WebSocketClosedError()
tornado.websocket.WebSocketClosedError
2026-01-23 11:10:46,672 - ERROR - Task exception was never retrieved
future: <Task finished name='Task-129827' coro=<WebSocketProtocol13.write_message.<locals>.wrapper() done, defined at E:\anaconda3\envs\drowsy\lib\site-packages\tornado\websocket.py:1111> exception=WebSocketClosedError()>
Traceback (most recent call last):
  File "E:\anaconda3\envs\drowsy\lib\site-packages\tornado\websocket.py", line 1113, in wrapper
    await fut
tornado.iostream.StreamClosedError: Stream is closed

During handling of the above exception, another exception occurred:

Traceback (most recent call last):
  File "E:\anaconda3\envs\drowsy\lib\site-packages\tornado\websocket.py", line 1115, in wrapper
    raise WebSocketClosedError()
tornado.websocket.WebSocketClosedError
2026-01-23 11:10:46,673 - ERROR - Task exception was never retrieved
future: <Task finished name='Task-129830' coro=<WebSocketProtocol13.write_message.<locals>.wrapper() done, defined at E:\anaconda3\envs\drowsy\lib\site-packages\tornado\websocket.py:1111> exception=WebSocketClosedError()>
Traceback (most recent call last):
  File "E:\anaconda3\envs\drowsy\lib\site-packages\tornado\websocket.py", line 1113, in wrapper
    await fut
tornado.iostream.StreamClosedError: Stream is closed

During handling of the above exception, another exception occurred:

Traceback (most recent call last):
  File "E:\anaconda3\envs\drowsy\lib\site-packages\tornado\websocket.py", line 1115, in wrapper
    raise WebSocketClosedError()
tornado.websocket.WebSocketClosedError
2026-01-23 11:10:46,673 - ERROR - Task exception was never retrieved
future: <Task finished name='Task-129833' coro=<WebSocketProtocol13.write_message.<locals>.wrapper() done, defined at E:\anaconda3\envs\drowsy\lib\site-packages\tornado\websocket.py:1111> exception=WebSocketClosedError()>
Traceback (most recent call last):
  File "E:\anaconda3\envs\drowsy\lib\site-packages\tornado\websocket.py", line 1113, in wrapper
    await fut
tornado.iostream.StreamClosedError: Stream is closed

During handling of the above exception, another exception occurred:

Traceback (most recent call last):
  File "E:\anaconda3\envs\drowsy\lib\site-packages\tornado\websocket.py", line 1115, in wrapper
    raise WebSocketClosedError()
tornado.websocket.WebSocketClosedError
2026-01-23 11:10:46,673 - ERROR - Task exception was never retrieved
future: <Task finished name='Task-129836' coro=<WebSocketProtocol13.write_message.<locals>.wrapper() done, defined at E:\anaconda3\envs\drowsy\lib\site-packages\tornado\websocket.py:1111> exception=WebSocketClosedError()>
Traceback (most recent call last):
  File "E:\anaconda3\envs\drowsy\lib\site-packages\tornado\websocket.py", line 1113, in wrapper
    await fut
tornado.iostream.StreamClosedError: Stream is closed

During handling of the above exception, another exception occurred:

Traceback (most recent call last):
  File "E:\anaconda3\envs\drowsy\lib\site-packages\tornado\websocket.py", line 1115, in wrapper
    raise WebSocketClosedError()
tornado.websocket.WebSocketClosedError
2026-01-23 11:10:46,673 - ERROR - Task exception was never retrieved
future: <Task finished name='Task-129839' coro=<WebSocketProtocol13.write_message.<locals>.wrapper() done, defined at E:\anaconda3\envs\drowsy\lib\site-packages\tornado\websocket.py:1111> exception=WebSocketClosedError()>
Traceback (most recent call last):
  File "E:\anaconda3\envs\drowsy\lib\site-packages\tornado\websocket.py", line 1113, in wrapper
    await fut
tornado.iostream.StreamClosedError: Stream is closed

During handling of the above exception, another exception occurred:

Traceback (most recent call last):
  File "E:\anaconda3\envs\drowsy\lib\site-packages\tornado\websocket.py", line 1115, in wrapper
    raise WebSocketClosedError()
tornado.websocket.WebSocketClosedError
2026-01-23 11:10:46,673 - ERROR - Task exception was never retrieved
future: <Task finished name='Task-129842' coro=<WebSocketProtocol13.write_message.<locals>.wrapper() done, defined at E:\anaconda3\envs\drowsy\lib\site-packages\tornado\websocket.py:1111> exception=WebSocketClosedError()>
Traceback (most recent call last):
  File "E:\anaconda3\envs\drowsy\lib\site-packages\tornado\websocket.py", line 1113, in wrapper
    await fut
tornado.iostream.StreamClosedError: Stream is closed

During handling of the above exception, another exception occurred:

Traceback (most recent call last):
  File "E:\anaconda3\envs\drowsy\lib\site-packages\tornado\websocket.py", line 1115, in wrapper
    raise WebSocketClosedError()
tornado.websocket.WebSocketClosedError
2026-01-23 11:10:46,674 - ERROR - Task exception was never retrieved
future: <Task finished name='Task-129845' coro=<WebSocketProtocol13.write_message.<locals>.wrapper() done, defined at E:\anaconda3\envs\drowsy\lib\site-packages\tornado\websocket.py:1111> exception=WebSocketClosedError()>
Traceback (most recent call last):
  File "E:\anaconda3\envs\drowsy\lib\site-packages\tornado\websocket.py", line 1113, in wrapper
    await fut
tornado.iostream.StreamClosedError: Stream is closed

During handling of the above exception, another exception occurred:

Traceback (most recent call last):
  File "E:\anaconda3\envs\drowsy\lib\site-packages\tornado\websocket.py", line 1115, in wrapper
    raise WebSocketClosedError()
tornado.websocket.WebSocketClosedError
2026-01-23 11:10:46,674 - ERROR - Task exception was never retrieved
future: <Task finished name='Task-129848' coro=<WebSocketProtocol13.write_message.<locals>.wrapper() done, defined at E:\anaconda3\envs\drowsy\lib\site-packages\tornado\websocket.py:1111> exception=WebSocketClosedError()>
Traceback (most recent call last):
  File "E:\anaconda3\envs\drowsy\lib\site-packages\tornado\websocket.py", line 1113, in wrapper
    await fut
tornado.iostream.StreamClosedError: Stream is closed

During handling of the above exception, another exception occurred:

Traceback (most recent call last):
  File "E:\anaconda3\envs\drowsy\lib\site-packages\tornado\websocket.py", line 1115, in wrapper
    raise WebSocketClosedError()
tornado.websocket.WebSocketClosedError
2026-01-23 11:10:46,674 - ERROR - Task exception was never retrieved
future: <Task finished name='Task-129851' coro=<WebSocketProtocol13.write_message.<locals>.wrapper() done, defined at E:\anaconda3\envs\drowsy\lib\site-packages\tornado\websocket.py:1111> exception=WebSocketClosedError()>
Traceback (most recent call last):
  File "E:\anaconda3\envs\drowsy\lib\site-packages\tornado\websocket.py", line 1113, in wrapper
    await fut
tornado.iostream.StreamClosedError: Stream is closed

During handling of the above exception, another exception occurred:

Traceback (most recent call last):
  File "E:\anaconda3\envs\drowsy\lib\site-packages\tornado\websocket.py", line 1115, in wrapper
    raise WebSocketClosedError()
tornado.websocket.WebSocketClosedError
2026-01-23 11:10:46,674 - ERROR - Task exception was never retrieved
future: <Task finished name='Task-129854' coro=<WebSocketProtocol13.write_message.<locals>.wrapper() done, defined at E:\anaconda3\envs\drowsy\lib\site-packages\tornado\websocket.py:1111> exception=WebSocketClosedError()>
Traceback (most recent call last):
  File "E:\anaconda3\envs\drowsy\lib\site-packages\tornado\websocket.py", line 1113, in wrapper
    await fut
tornado.iostream.StreamClosedError: Stream is closed

During handling of the above exception, another exception occurred:

Traceback (most recent call last):
  File "E:\anaconda3\envs\drowsy\lib\site-packages\tornado\websocket.py", line 1115, in wrapper
    raise WebSocketClosedError()
tornado.websocket.WebSocketClosedError
2026-01-23 11:10:46,674 - ERROR - Task exception was never retrieved
future: <Task finished name='Task-129857' coro=<WebSocketProtocol13.write_message.<locals>.wrapper() done, defined at E:\anaconda3\envs\drowsy\lib\site-packages\tornado\websocket.py:1111> exception=WebSocketClosedError()>
Traceback (most recent call last):
  File "E:\anaconda3\envs\drowsy\lib\site-packages\tornado\websocket.py", line 1113, in wrapper
    await fut
tornado.iostream.StreamClosedError: Stream is closed

During handling of the above exception, another exception occurred:

Traceback (most recent call last):
  File "E:\anaconda3\envs\drowsy\lib\site-packages\tornado\websocket.py", line 1115, in wrapper
    raise WebSocketClosedError()
tornado.websocket.WebSocketClosedError
2026-01-23 11:10:46,674 - ERROR - Task exception was never retrieved
future: <Task finished name='Task-129860' coro=<WebSocketProtocol13.write_message.<locals>.wrapper() done, defined at E:\anaconda3\envs\drowsy\lib\site-packages\tornado\websocket.py:1111> exception=WebSocketClosedError()>
Traceback (most recent call last):
  File "E:\anaconda3\envs\drowsy\lib\site-packages\tornado\websocket.py", line 1113, in wrapper
    await fut
tornado.iostream.StreamClosedError: Stream is closed

During handling of the above exception, another exception occurred:

Traceback (most recent call last):
  File "E:\anaconda3\envs\drowsy\lib\site-packages\tornado\websocket.py", line 1115, in wrapper
    raise WebSocketClosedError()
tornado.websocket.WebSocketClosedError
2026-01-23 11:10:46,674 - ERROR - Task exception was never retrieved
future: <Task finished name='Task-129863' coro=<WebSocketProtocol13.write_message.<locals>.wrapper() done, defined at E:\anaconda3\envs\drowsy\lib\site-packages\tornado\websocket.py:1111> exception=WebSocketClosedError()>
Traceback (most recent call last):
  File "E:\anaconda3\envs\drowsy\lib\site-packages\tornado\websocket.py", line 1113, in wrapper
    await fut
tornado.iostream.StreamClosedError: Stream is closed

During handling of the above exception, another exception occurred:

Traceback (most recent call last):
  File "E:\anaconda3\envs\drowsy\lib\site-packages\tornado\websocket.py", line 1115, in wrapper
    raise WebSocketClosedError()
tornado.websocket.WebSocketClosedError
2026-01-23 11:10:46,675 - ERROR - Task exception was never retrieved
future: <Task finished name='Task-129866' coro=<WebSocketProtocol13.write_message.<locals>.wrapper() done, defined at E:\anaconda3\envs\drowsy\lib\site-packages\tornado\websocket.py:1111> exception=WebSocketClosedError()>
Traceback (most recent call last):
  File "E:\anaconda3\envs\drowsy\lib\site-packages\tornado\websocket.py", line 1113, in wrapper
    await fut
tornado.iostream.StreamClosedError: Stream is closed

During handling of the above exception, another exception occurred:

Traceback (most recent call last):
  File "E:\anaconda3\envs\drowsy\lib\site-packages\tornado\websocket.py", line 1115, in wrapper
    raise WebSocketClosedError()
tornado.websocket.WebSocketClosedError
2026-01-23 11:10:46,675 - ERROR - Task exception was never retrieved
future: <Task finished name='Task-129869' coro=<WebSocketProtocol13.write_message.<locals>.wrapper() done, defined at E:\anaconda3\envs\drowsy\lib\site-packages\tornado\websocket.py:1111> exception=WebSocketClosedError()>
Traceback (most recent call last):
  File "E:\anaconda3\envs\drowsy\lib\site-packages\tornado\websocket.py", line 1113, in wrapper
    await fut
tornado.iostream.StreamClosedError: Stream is closed

During handling of the above exception, another exception occurred:

Traceback (most recent call last):
  File "E:\anaconda3\envs\drowsy\lib\site-packages\tornado\websocket.py", line 1115, in wrapper
    raise WebSocketClosedError()
tornado.websocket.WebSocketClosedError
2026-01-23 11:10:46,675 - ERROR - Task exception was never retrieved
future: <Task finished name='Task-129872' coro=<WebSocketProtocol13.write_message.<locals>.wrapper() done, defined at E:\anaconda3\envs\drowsy\lib\site-packages\tornado\websocket.py:1111> exception=WebSocketClosedError()>
Traceback (most recent call last):
  File "E:\anaconda3\envs\drowsy\lib\site-packages\tornado\websocket.py", line 1113, in wrapper
    await fut
tornado.iostream.StreamClosedError: Stream is closed

During handling of the above exception, another exception occurred:

Traceback (most recent call last):
  File "E:\anaconda3\envs\drowsy\lib\site-packages\tornado\websocket.py", line 1115, in wrapper
    raise WebSocketClosedError()
tornado.websocket.WebSocketClosedError
2026-01-23 11:10:46,675 - ERROR - Task exception was never retrieved
future: <Task finished name='Task-129875' coro=<WebSocketProtocol13.write_message.<locals>.wrapper() done, defined at E:\anaconda3\envs\drowsy\lib\site-packages\tornado\websocket.py:1111> exception=WebSocketClosedError()>
Traceback (most recent call last):
  File "E:\anaconda3\envs\drowsy\lib\site-packages\tornado\websocket.py", line 1113, in wrapper
    await fut
tornado.iostream.StreamClosedError: Stream is closed

During handling of the above exception, another exception occurred:

Traceback (most recent call last):
  File "E:\anaconda3\envs\drowsy\lib\site-packages\tornado\websocket.py", line 1115, in wrapper
    raise WebSocketClosedError()
tornado.websocket.WebSocketClosedError
2026-01-23 11:10:46,675 - ERROR - Task exception was never retrieved
future: <Task finished name='Task-129878' coro=<WebSocketProtocol13.write_message.<locals>.wrapper() done, defined at E:\anaconda3\envs\drowsy\lib\site-packages\tornado\websocket.py:1111> exception=WebSocketClosedError()>
Traceback (most recent call last):
  File "E:\anaconda3\envs\drowsy\lib\site-packages\tornado\websocket.py", line 1113, in wrapper
    await fut
tornado.iostream.StreamClosedError: Stream is closed

During handling of the above exception, another exception occurred:

Traceback (most recent call last):
  File "E:\anaconda3\envs\drowsy\lib\site-packages\tornado\websocket.py", line 1115, in wrapper
    raise WebSocketClosedError()
tornado.websocket.WebSocketClosedError
2026-01-23 11:10:46,675 - ERROR - Task exception was never retrieved
future: <Task finished name='Task-129881' coro=<WebSocketProtocol13.write_message.<locals>.wrapper() done, defined at E:\anaconda3\envs\drowsy\lib\site-packages\tornado\websocket.py:1111> exception=WebSocketClosedError()>
Traceback (most recent call last):
  File "E:\anaconda3\envs\drowsy\lib\site-packages\tornado\websocket.py", line 1113, in wrapper
    await fut
tornado.iostream.StreamClosedError: Stream is closed

During handling of the above exception, another exception occurred:

Traceback (most recent call last):
  File "E:\anaconda3\envs\drowsy\lib\site-packages\tornado\websocket.py", line 1115, in wrapper
    raise WebSocketClosedError()
tornado.websocket.WebSocketClosedError
2026-01-23 11:10:46,676 - ERROR - Task exception was never retrieved
future: <Task finished name='Task-129884' coro=<WebSocketProtocol13.write_message.<locals>.wrapper() done, defined at E:\anaconda3\envs\drowsy\lib\site-packages\tornado\websocket.py:1111> exception=WebSocketClosedError()>
Traceback (most recent call last):
  File "E:\anaconda3\envs\drowsy\lib\site-packages\tornado\websocket.py", line 1113, in wrapper
    await fut
tornado.iostream.StreamClosedError: Stream is closed

During handling of the above exception, another exception occurred:

Traceback (most recent call last):
  File "E:\anaconda3\envs\drowsy\lib\site-packages\tornado\websocket.py", line 1115, in wrapper
    raise WebSocketClosedError()
tornado.websocket.WebSocketClosedError
2026-01-23 11:10:46,676 - ERROR - Task exception was never retrieved
future: <Task finished name='Task-129887' coro=<WebSocketProtocol13.write_message.<locals>.wrapper() done, defined at E:\anaconda3\envs\drowsy\lib\site-packages\tornado\websocket.py:1111> exception=WebSocketClosedError()>
Traceback (most recent call last):
  File "E:\anaconda3\envs\drowsy\lib\site-packages\tornado\websocket.py", line 1113, in wrapper
    await fut
tornado.iostream.StreamClosedError: Stream is closed

During handling of the above exception, another exception occurred:

Traceback (most recent call last):
  File "E:\anaconda3\envs\drowsy\lib\site-packages\tornado\websocket.py", line 1115, in wrapper
    raise WebSocketClosedError()
tornado.websocket.WebSocketClosedError
2026-01-23 11:10:46,676 - ERROR - Task exception was never retrieved
future: <Task finished name='Task-129890' coro=<WebSocketProtocol13.write_message.<locals>.wrapper() done, defined at E:\anaconda3\envs\drowsy\lib\site-packages\tornado\websocket.py:1111> exception=WebSocketClosedError()>
Traceback (most recent call last):
  File "E:\anaconda3\envs\drowsy\lib\site-packages\tornado\websocket.py", line 1113, in wrapper
    await fut
tornado.iostream.StreamClosedError: Stream is closed

During handling of the above exception, another exception occurred:

Traceback (most recent call last):
  File "E:\anaconda3\envs\drowsy\lib\site-packages\tornado\websocket.py", line 1115, in wrapper
    raise WebSocketClosedError()
tornado.websocket.WebSocketClosedError
2026-01-23 11:10:46,677 - ERROR - Task exception was never retrieved
future: <Task finished name='Task-129893' coro=<WebSocketProtocol13.write_message.<locals>.wrapper() done, defined at E:\anaconda3\envs\drowsy\lib\site-packages\tornado\websocket.py:1111> exception=WebSocketClosedError()>
Traceback (most recent call last):
  File "E:\anaconda3\envs\drowsy\lib\site-packages\tornado\websocket.py", line 1113, in wrapper
    await fut
tornado.iostream.StreamClosedError: Stream is closed

During handling of the above exception, another exception occurred:

Traceback (most recent call last):
  File "E:\anaconda3\envs\drowsy\lib\site-packages\tornado\websocket.py", line 1115, in wrapper
    raise WebSocketClosedError()
tornado.websocket.WebSocketClosedError
2026-01-23 11:10:46,677 - ERROR - Task exception was never retrieved
future: <Task finished name='Task-129896' coro=<WebSocketProtocol13.write_message.<locals>.wrapper() done, defined at E:\anaconda3\envs\drowsy\lib\site-packages\tornado\websocket.py:1111> exception=WebSocketClosedError()>
Traceback (most recent call last):
  File "E:\anaconda3\envs\drowsy\lib\site-packages\tornado\websocket.py", line 1113, in wrapper
    await fut
tornado.iostream.StreamClosedError: Stream is closed

During handling of the above exception, another exception occurred:

Traceback (most recent call last):
  File "E:\anaconda3\envs\drowsy\lib\site-packages\tornado\websocket.py", line 1115, in wrapper
    raise WebSocketClosedError()
tornado.websocket.WebSocketClosedError
2026-01-23 11:10:46,677 - ERROR - Task exception was never retrieved
future: <Task finished name='Task-129899' coro=<WebSocketProtocol13.write_message.<locals>.wrapper() done, defined at E:\anaconda3\envs\drowsy\lib\site-packages\tornado\websocket.py:1111> exception=WebSocketClosedError()>
Traceback (most recent call last):
  File "E:\anaconda3\envs\drowsy\lib\site-packages\tornado\websocket.py", line 1113, in wrapper
    await fut
tornado.iostream.StreamClosedError: Stream is closed

During handling of the above exception, another exception occurred:

Traceback (most recent call last):
  File "E:\anaconda3\envs\drowsy\lib\site-packages\tornado\websocket.py", line 1115, in wrapper
    raise WebSocketClosedError()
tornado.websocket.WebSocketClosedError
2026-01-23 11:10:46,677 - ERROR - Task exception was never retrieved
future: <Task finished name='Task-129902' coro=<WebSocketProtocol13.write_message.<locals>.wrapper() done, defined at E:\anaconda3\envs\drowsy\lib\site-packages\tornado\websocket.py:1111> exception=WebSocketClosedError()>
Traceback (most recent call last):
  File "E:\anaconda3\envs\drowsy\lib\site-packages\tornado\websocket.py", line 1113, in wrapper
    await fut
tornado.iostream.StreamClosedError: Stream is closed

During handling of the above exception, another exception occurred:

Traceback (most recent call last):
  File "E:\anaconda3\envs\drowsy\lib\site-packages\tornado\websocket.py", line 1115, in wrapper
    raise WebSocketClosedError()
tornado.websocket.WebSocketClosedError
2026-01-23 11:10:46,677 - ERROR - Task exception was never retrieved
future: <Task finished name='Task-129905' coro=<WebSocketProtocol13.write_message.<locals>.wrapper() done, defined at E:\anaconda3\envs\drowsy\lib\site-packages\tornado\websocket.py:1111> exception=WebSocketClosedError()>
Traceback (most recent call last):
  File "E:\anaconda3\envs\drowsy\lib\site-packages\tornado\websocket.py", line 1113, in wrapper
    await fut
tornado.iostream.StreamClosedError: Stream is closed

During handling of the above exception, another exception occurred:

Traceback (most recent call last):
  File "E:\anaconda3\envs\drowsy\lib\site-packages\tornado\websocket.py", line 1115, in wrapper
    raise WebSocketClosedError()
tornado.websocket.WebSocketClosedError
2026-01-23 11:10:46,677 - ERROR - Task exception was never retrieved
future: <Task finished name='Task-129908' coro=<WebSocketProtocol13.write_message.<locals>.wrapper() done, defined at E:\anaconda3\envs\drowsy\lib\site-packages\tornado\websocket.py:1111> exception=WebSocketClosedError()>
Traceback (most recent call last):
  File "E:\anaconda3\envs\drowsy\lib\site-packages\tornado\websocket.py", line 1113, in wrapper
    await fut
tornado.iostream.StreamClosedError: Stream is closed

During handling of the above exception, another exception occurred:

Traceback (most recent call last):
  File "E:\anaconda3\envs\drowsy\lib\site-packages\tornado\websocket.py", line 1115, in wrapper
    raise WebSocketClosedError()
tornado.websocket.WebSocketClosedError
2026-01-23 11:10:46,678 - ERROR - Task exception was never retrieved
future: <Task finished name='Task-129911' coro=<WebSocketProtocol13.write_message.<locals>.wrapper() done, defined at E:\anaconda3\envs\drowsy\lib\site-packages\tornado\websocket.py:1111> exception=WebSocketClosedError()>
Traceback (most recent call last):
  File "E:\anaconda3\envs\drowsy\lib\site-packages\tornado\websocket.py", line 1113, in wrapper
    await fut
tornado.iostream.StreamClosedError: Stream is closed

During handling of the above exception, another exception occurred:

Traceback (most recent call last):
  File "E:\anaconda3\envs\drowsy\lib\site-packages\tornado\websocket.py", line 1115, in wrapper
    raise WebSocketClosedError()
tornado.websocket.WebSocketClosedError
2026-01-23 11:10:46,678 - ERROR - Task exception was never retrieved
future: <Task finished name='Task-129914' coro=<WebSocketProtocol13.write_message.<locals>.wrapper() done, defined at E:\anaconda3\envs\drowsy\lib\site-packages\tornado\websocket.py:1111> exception=WebSocketClosedError()>
Traceback (most recent call last):
  File "E:\anaconda3\envs\drowsy\lib\site-packages\tornado\websocket.py", line 1113, in wrapper
    await fut
tornado.iostream.StreamClosedError: Stream is closed

During handling of the above exception, another exception occurred:

Traceback (most recent call last):
  File "E:\anaconda3\envs\drowsy\lib\site-packages\tornado\websocket.py", line 1115, in wrapper
    raise WebSocketClosedError()
tornado.websocket.WebSocketClosedError
2026-01-23 11:10:46,678 - ERROR - Task exception was never retrieved
future: <Task finished name='Task-129917' coro=<WebSocketProtocol13.write_message.<locals>.wrapper() done, defined at E:\anaconda3\envs\drowsy\lib\site-packages\tornado\websocket.py:1111> exception=WebSocketClosedError()>
Traceback (most recent call last):
  File "E:\anaconda3\envs\drowsy\lib\site-packages\tornado\websocket.py", line 1113, in wrapper
    await fut
tornado.iostream.StreamClosedError: Stream is closed

During handling of the above exception, another exception occurred:

Traceback (most recent call last):
  File "E:\anaconda3\envs\drowsy\lib\site-packages\tornado\websocket.py", line 1115, in wrapper
    raise WebSocketClosedError()
tornado.websocket.WebSocketClosedError
2026-01-23 11:10:46,678 - ERROR - Task exception was never retrieved
future: <Task finished name='Task-129920' coro=<WebSocketProtocol13.write_message.<locals>.wrapper() done, defined at E:\anaconda3\envs\drowsy\lib\site-packages\tornado\websocket.py:1111> exception=WebSocketClosedError()>
Traceback (most recent call last):
  File "E:\anaconda3\envs\drowsy\lib\site-packages\tornado\websocket.py", line 1113, in wrapper
    await fut
tornado.iostream.StreamClosedError: Stream is closed

During handling of the above exception, another exception occurred:

Traceback (most recent call last):
  File "E:\anaconda3\envs\drowsy\lib\site-packages\tornado\websocket.py", line 1115, in wrapper
    raise WebSocketClosedError()
tornado.websocket.WebSocketClosedError
2026-01-23 11:10:46,678 - ERROR - Task exception was never retrieved
future: <Task finished name='Task-129923' coro=<WebSocketProtocol13.write_message.<locals>.wrapper() done, defined at E:\anaconda3\envs\drowsy\lib\site-packages\tornado\websocket.py:1111> exception=WebSocketClosedError()>
Traceback (most recent call last):
  File "E:\anaconda3\envs\drowsy\lib\site-packages\tornado\websocket.py", line 1113, in wrapper
    await fut
tornado.iostream.StreamClosedError: Stream is closed

During handling of the above exception, another exception occurred:

Traceback (most recent call last):
  File "E:\anaconda3\envs\drowsy\lib\site-packages\tornado\websocket.py", line 1115, in wrapper
    raise WebSocketClosedError()
tornado.websocket.WebSocketClosedError
2026-01-23 11:10:46,678 - ERROR - Task exception was never retrieved
future: <Task finished name='Task-129926' coro=<WebSocketProtocol13.write_message.<locals>.wrapper() done, defined at E:\anaconda3\envs\drowsy\lib\site-packages\tornado\websocket.py:1111> exception=WebSocketClosedError()>
Traceback (most recent call last):
  File "E:\anaconda3\envs\drowsy\lib\site-packages\tornado\websocket.py", line 1113, in wrapper
    await fut
tornado.iostream.StreamClosedError: Stream is closed

During handling of the above exception, another exception occurred:

Traceback (most recent call last):
  File "E:\anaconda3\envs\drowsy\lib\site-packages\tornado\websocket.py", line 1115, in wrapper
    raise WebSocketClosedError()
tornado.websocket.WebSocketClosedError
2026-01-23 11:10:46,679 - ERROR - Task exception was never retrieved
future: <Task finished name='Task-129929' coro=<WebSocketProtocol13.write_message.<locals>.wrapper() done, defined at E:\anaconda3\envs\drowsy\lib\site-packages\tornado\websocket.py:1111> exception=WebSocketClosedError()>
Traceback (most recent call last):
  File "E:\anaconda3\envs\drowsy\lib\site-packages\tornado\websocket.py", line 1113, in wrapper
    await fut
tornado.iostream.StreamClosedError: Stream is closed

During handling of the above exception, another exception occurred:

Traceback (most recent call last):
  File "E:\anaconda3\envs\drowsy\lib\site-packages\tornado\websocket.py", line 1115, in wrapper
    raise WebSocketClosedError()
tornado.websocket.WebSocketClosedError
2026-01-23 11:10:46,679 - ERROR - Task exception was never retrieved
future: <Task finished name='Task-129932' coro=<WebSocketProtocol13.write_message.<locals>.wrapper() done, defined at E:\anaconda3\envs\drowsy\lib\site-packages\tornado\websocket.py:1111> exception=WebSocketClosedError()>
Traceback (most recent call last):
  File "E:\anaconda3\envs\drowsy\lib\site-packages\tornado\websocket.py", line 1113, in wrapper
    await fut
tornado.iostream.StreamClosedError: Stream is closed

During handling of the above exception, another exception occurred:

Traceback (most recent call last):
  File "E:\anaconda3\envs\drowsy\lib\site-packages\tornado\websocket.py", line 1115, in wrapper
    raise WebSocketClosedError()
tornado.websocket.WebSocketClosedError
2026-01-23 11:10:46,679 - ERROR - Task exception was never retrieved
future: <Task finished name='Task-129935' coro=<WebSocketProtocol13.write_message.<locals>.wrapper() done, defined at E:\anaconda3\envs\drowsy\lib\site-packages\tornado\websocket.py:1111> exception=WebSocketClosedError()>
Traceback (most recent call last):
  File "E:\anaconda3\envs\drowsy\lib\site-packages\tornado\websocket.py", line 1113, in wrapper
    await fut
tornado.iostream.StreamClosedError: Stream is closed

During handling of the above exception, another exception occurred:

Traceback (most recent call last):
  File "E:\anaconda3\envs\drowsy\lib\site-packages\tornado\websocket.py", line 1115, in wrapper
    raise WebSocketClosedError()
tornado.websocket.WebSocketClosedError
2026-01-23 11:10:46,679 - ERROR - Task exception was never retrieved
future: <Task finished name='Task-129938' coro=<WebSocketProtocol13.write_message.<locals>.wrapper() done, defined at E:\anaconda3\envs\drowsy\lib\site-packages\tornado\websocket.py:1111> exception=WebSocketClosedError()>
Traceback (most recent call last):
  File "E:\anaconda3\envs\drowsy\lib\site-packages\tornado\websocket.py", line 1113, in wrapper
    await fut
tornado.iostream.StreamClosedError: Stream is closed

During handling of the above exception, another exception occurred:

Traceback (most recent call last):
  File "E:\anaconda3\envs\drowsy\lib\site-packages\tornado\websocket.py", line 1115, in wrapper
    raise WebSocketClosedError()
tornado.websocket.WebSocketClosedError
2026-01-23 11:10:46,679 - ERROR - Task exception was never retrieved
future: <Task finished name='Task-129941' coro=<WebSocketProtocol13.write_message.<locals>.wrapper() done, defined at E:\anaconda3\envs\drowsy\lib\site-packages\tornado\websocket.py:1111> exception=WebSocketClosedError()>
Traceback (most recent call last):
  File "E:\anaconda3\envs\drowsy\lib\site-packages\tornado\websocket.py", line 1113, in wrapper
    await fut
tornado.iostream.StreamClosedError: Stream is closed

During handling of the above exception, another exception occurred:

Traceback (most recent call last):
  File "E:\anaconda3\envs\drowsy\lib\site-packages\tornado\websocket.py", line 1115, in wrapper
    raise WebSocketClosedError()
tornado.websocket.WebSocketClosedError
2026-01-23 11:10:46,679 - ERROR - Task exception was never retrieved
future: <Task finished name='Task-129944' coro=<WebSocketProtocol13.write_message.<locals>.wrapper() done, defined at E:\anaconda3\envs\drowsy\lib\site-packages\tornado\websocket.py:1111> exception=WebSocketClosedError()>
Traceback (most recent call last):
  File "E:\anaconda3\envs\drowsy\lib\site-packages\tornado\websocket.py", line 1113, in wrapper
    await fut
tornado.iostream.StreamClosedError: Stream is closed

During handling of the above exception, another exception occurred:

Traceback (most recent call last):
  File "E:\anaconda3\envs\drowsy\lib\site-packages\tornado\websocket.py", line 1115, in wrapper
    raise WebSocketClosedError()
tornado.websocket.WebSocketClosedError
2026-01-23 11:10:46,679 - ERROR - Task exception was never retrieved
future: <Task finished name='Task-129947' coro=<WebSocketProtocol13.write_message.<locals>.wrapper() done, defined at E:\anaconda3\envs\drowsy\lib\site-packages\tornado\websocket.py:1111> exception=WebSocketClosedError()>
Traceback (most recent call last):
  File "E:\anaconda3\envs\drowsy\lib\site-packages\tornado\websocket.py", line 1113, in wrapper
    await fut
tornado.iostream.StreamClosedError: Stream is closed

During handling of the above exception, another exception occurred:

Traceback (most recent call last):
  File "E:\anaconda3\envs\drowsy\lib\site-packages\tornado\websocket.py", line 1115, in wrapper
    raise WebSocketClosedError()
tornado.websocket.WebSocketClosedError
2026-01-23 11:10:46,680 - ERROR - Task exception was never retrieved
future: <Task finished name='Task-129950' coro=<WebSocketProtocol13.write_message.<locals>.wrapper() done, defined at E:\anaconda3\envs\drowsy\lib\site-packages\tornado\websocket.py:1111> exception=WebSocketClosedError()>
Traceback (most recent call last):
  File "E:\anaconda3\envs\drowsy\lib\site-packages\tornado\websocket.py", line 1113, in wrapper
    await fut
tornado.iostream.StreamClosedError: Stream is closed

During handling of the above exception, another exception occurred:

Traceback (most recent call last):
  File "E:\anaconda3\envs\drowsy\lib\site-packages\tornado\websocket.py", line 1115, in wrapper
    raise WebSocketClosedError()
tornado.websocket.WebSocketClosedError
2026-01-23 11:10:46,680 - ERROR - Task exception was never retrieved
future: <Task finished name='Task-129953' coro=<WebSocketProtocol13.write_message.<locals>.wrapper() done, defined at E:\anaconda3\envs\drowsy\lib\site-packages\tornado\websocket.py:1111> exception=WebSocketClosedError()>
Traceback (most recent call last):
  File "E:\anaconda3\envs\drowsy\lib\site-packages\tornado\websocket.py", line 1113, in wrapper
    await fut
tornado.iostream.StreamClosedError: Stream is closed

During handling of the above exception, another exception occurred:

Traceback (most recent call last):
  File "E:\anaconda3\envs\drowsy\lib\site-packages\tornado\websocket.py", line 1115, in wrapper
    raise WebSocketClosedError()
tornado.websocket.WebSocketClosedError
2026-01-23 11:10:46,680 - ERROR - Task exception was never retrieved
future: <Task finished name='Task-129956' coro=<WebSocketProtocol13.write_message.<locals>.wrapper() done, defined at E:\anaconda3\envs\drowsy\lib\site-packages\tornado\websocket.py:1111> exception=WebSocketClosedError()>
Traceback (most recent call last):
  File "E:\anaconda3\envs\drowsy\lib\site-packages\tornado\websocket.py", line 1113, in wrapper
    await fut
tornado.iostream.StreamClosedError: Stream is closed

During handling of the above exception, another exception occurred:

Traceback (most recent call last):
  File "E:\anaconda3\envs\drowsy\lib\site-packages\tornado\websocket.py", line 1115, in wrapper
    raise WebSocketClosedError()
tornado.websocket.WebSocketClosedError
2026-01-23 11:10:46,680 - ERROR - Task exception was never retrieved
future: <Task finished name='Task-129959' coro=<WebSocketProtocol13.write_message.<locals>.wrapper() done, defined at E:\anaconda3\envs\drowsy\lib\site-packages\tornado\websocket.py:1111> exception=WebSocketClosedError()>
Traceback (most recent call last):
  File "E:\anaconda3\envs\drowsy\lib\site-packages\tornado\websocket.py", line 1113, in wrapper
    await fut
tornado.iostream.StreamClosedError: Stream is closed

During handling of the above exception, another exception occurred:

Traceback (most recent call last):
  File "E:\anaconda3\envs\drowsy\lib\site-packages\tornado\websocket.py", line 1115, in wrapper
    raise WebSocketClosedError()
tornado.websocket.WebSocketClosedError
2026-01-23 11:10:46,680 - ERROR - Task exception was never retrieved
future: <Task finished name='Task-129962' coro=<WebSocketProtocol13.write_message.<locals>.wrapper() done, defined at E:\anaconda3\envs\drowsy\lib\site-packages\tornado\websocket.py:1111> exception=WebSocketClosedError()>
Traceback (most recent call last):
  File "E:\anaconda3\envs\drowsy\lib\site-packages\tornado\websocket.py", line 1113, in wrapper
    await fut
tornado.iostream.StreamClosedError: Stream is closed

During handling of the above exception, another exception occurred:

Traceback (most recent call last):
  File "E:\anaconda3\envs\drowsy\lib\site-packages\tornado\websocket.py", line 1115, in wrapper
    raise WebSocketClosedError()
tornado.websocket.WebSocketClosedError
2026-01-23 11:10:46,680 - ERROR - Task exception was never retrieved
future: <Task finished name='Task-129965' coro=<WebSocketProtocol13.write_message.<locals>.wrapper() done, defined at E:\anaconda3\envs\drowsy\lib\site-packages\tornado\websocket.py:1111> exception=WebSocketClosedError()>
Traceback (most recent call last):
  File "E:\anaconda3\envs\drowsy\lib\site-packages\tornado\websocket.py", line 1113, in wrapper
    await fut
tornado.iostream.StreamClosedError: Stream is closed

During handling of the above exception, another exception occurred:

Traceback (most recent call last):
  File "E:\anaconda3\envs\drowsy\lib\site-packages\tornado\websocket.py", line 1115, in wrapper
    raise WebSocketClosedError()
tornado.websocket.WebSocketClosedError
2026-01-23 11:10:46,681 - ERROR - Task exception was never retrieved
future: <Task finished name='Task-129968' coro=<WebSocketProtocol13.write_message.<locals>.wrapper() done, defined at E:\anaconda3\envs\drowsy\lib\site-packages\tornado\websocket.py:1111> exception=WebSocketClosedError()>
Traceback (most recent call last):
  File "E:\anaconda3\envs\drowsy\lib\site-packages\tornado\websocket.py", line 1113, in wrapper
    await fut
tornado.iostream.StreamClosedError: Stream is closed

During handling of the above exception, another exception occurred:

Traceback (most recent call last):
  File "E:\anaconda3\envs\drowsy\lib\site-packages\tornado\websocket.py", line 1115, in wrapper
    raise WebSocketClosedError()
tornado.websocket.WebSocketClosedError
2026-01-23 11:10:46,681 - ERROR - Task exception was never retrieved
future: <Task finished name='Task-129971' coro=<WebSocketProtocol13.write_message.<locals>.wrapper() done, defined at E:\anaconda3\envs\drowsy\lib\site-packages\tornado\websocket.py:1111> exception=WebSocketClosedError()>
Traceback (most recent call last):
  File "E:\anaconda3\envs\drowsy\lib\site-packages\tornado\websocket.py", line 1113, in wrapper
    await fut
tornado.iostream.StreamClosedError: Stream is closed

During handling of the above exception, another exception occurred:

Traceback (most recent call last):
  File "E:\anaconda3\envs\drowsy\lib\site-packages\tornado\websocket.py", line 1115, in wrapper
    raise WebSocketClosedError()
tornado.websocket.WebSocketClosedError
2026-01-23 11:10:46,681 - ERROR - Task exception was never retrieved
future: <Task finished name='Task-129974' coro=<WebSocketProtocol13.write_message.<locals>.wrapper() done, defined at E:\anaconda3\envs\drowsy\lib\site-packages\tornado\websocket.py:1111> exception=WebSocketClosedError()>
Traceback (most recent call last):
  File "E:\anaconda3\envs\drowsy\lib\site-packages\tornado\websocket.py", line 1113, in wrapper
    await fut
tornado.iostream.StreamClosedError: Stream is closed

During handling of the above exception, another exception occurred:

Traceback (most recent call last):
  File "E:\anaconda3\envs\drowsy\lib\site-packages\tornado\websocket.py", line 1115, in wrapper
    raise WebSocketClosedError()
tornado.websocket.WebSocketClosedError
2026-01-23 11:10:46,681 - ERROR - Task exception was never retrieved
future: <Task finished name='Task-129977' coro=<WebSocketProtocol13.write_message.<locals>.wrapper() done, defined at E:\anaconda3\envs\drowsy\lib\site-packages\tornado\websocket.py:1111> exception=WebSocketClosedError()>
Traceback (most recent call last):
  File "E:\anaconda3\envs\drowsy\lib\site-packages\tornado\websocket.py", line 1113, in wrapper
    await fut
tornado.iostream.StreamClosedError: Stream is closed

During handling of the above exception, another exception occurred:

Traceback (most recent call last):
  File "E:\anaconda3\envs\drowsy\lib\site-packages\tornado\websocket.py", line 1115, in wrapper
    raise WebSocketClosedError()
tornado.websocket.WebSocketClosedError
2026-01-23 11:10:46,681 - ERROR - Task exception was never retrieved
future: <Task finished name='Task-129980' coro=<WebSocketProtocol13.write_message.<locals>.wrapper() done, defined at E:\anaconda3\envs\drowsy\lib\site-packages\tornado\websocket.py:1111> exception=WebSocketClosedError()>
Traceback (most recent call last):
  File "E:\anaconda3\envs\drowsy\lib\site-packages\tornado\websocket.py", line 1113, in wrapper
    await fut
tornado.iostream.StreamClosedError: Stream is closed

During handling of the above exception, another exception occurred:

Traceback (most recent call last):
  File "E:\anaconda3\envs\drowsy\lib\site-packages\tornado\websocket.py", line 1115, in wrapper
    raise WebSocketClosedError()
tornado.websocket.WebSocketClosedError
2026-01-23 11:10:46,681 - ERROR - Task exception was never retrieved
future: <Task finished name='Task-129983' coro=<WebSocketProtocol13.write_message.<locals>.wrapper() done, defined at E:\anaconda3\envs\drowsy\lib\site-packages\tornado\websocket.py:1111> exception=WebSocketClosedError()>
Traceback (most recent call last):
  File "E:\anaconda3\envs\drowsy\lib\site-packages\tornado\websocket.py", line 1113, in wrapper
    await fut
tornado.iostream.StreamClosedError: Stream is closed

During handling of the above exception, another exception occurred:

Traceback (most recent call last):
  File "E:\anaconda3\envs\drowsy\lib\site-packages\tornado\websocket.py", line 1115, in wrapper
    raise WebSocketClosedError()
tornado.websocket.WebSocketClosedError
2026-01-23 11:10:46,681 - ERROR - Task exception was never retrieved
future: <Task finished name='Task-129986' coro=<WebSocketProtocol13.write_message.<locals>.wrapper() done, defined at E:\anaconda3\envs\drowsy\lib\site-packages\tornado\websocket.py:1111> exception=WebSocketClosedError()>
Traceback (most recent call last):
  File "E:\anaconda3\envs\drowsy\lib\site-packages\tornado\websocket.py", line 1113, in wrapper
    await fut
tornado.iostream.StreamClosedError: Stream is closed

During handling of the above exception, another exception occurred:

Traceback (most recent call last):
  File "E:\anaconda3\envs\drowsy\lib\site-packages\tornado\websocket.py", line 1115, in wrapper
    raise WebSocketClosedError()
tornado.websocket.WebSocketClosedError
2026-01-23 11:10:46,682 - ERROR - Task exception was never retrieved
future: <Task finished name='Task-129989' coro=<WebSocketProtocol13.write_message.<locals>.wrapper() done, defined at E:\anaconda3\envs\drowsy\lib\site-packages\tornado\websocket.py:1111> exception=WebSocketClosedError()>
Traceback (most recent call last):
  File "E:\anaconda3\envs\drowsy\lib\site-packages\tornado\websocket.py", line 1113, in wrapper
    await fut
tornado.iostream.StreamClosedError: Stream is closed

During handling of the above exception, another exception occurred:

Traceback (most recent call last):
  File "E:\anaconda3\envs\drowsy\lib\site-packages\tornado\websocket.py", line 1115, in wrapper
    raise WebSocketClosedError()
tornado.websocket.WebSocketClosedError
2026-01-23 11:10:46,682 - ERROR - Task exception was never retrieved
future: <Task finished name='Task-129992' coro=<WebSocketProtocol13.write_message.<locals>.wrapper() done, defined at E:\anaconda3\envs\drowsy\lib\site-packages\tornado\websocket.py:1111> exception=WebSocketClosedError()>
Traceback (most recent call last):
  File "E:\anaconda3\envs\drowsy\lib\site-packages\tornado\websocket.py", line 1113, in wrapper
    await fut
tornado.iostream.StreamClosedError: Stream is closed

During handling of the above exception, another exception occurred:

Traceback (most recent call last):
  File "E:\anaconda3\envs\drowsy\lib\site-packages\tornado\websocket.py", line 1115, in wrapper
    raise WebSocketClosedError()
tornado.websocket.WebSocketClosedError
2026-01-23 11:10:46,682 - ERROR - Task exception was never retrieved
future: <Task finished name='Task-129995' coro=<WebSocketProtocol13.write_message.<locals>.wrapper() done, defined at E:\anaconda3\envs\drowsy\lib\site-packages\tornado\websocket.py:1111> exception=WebSocketClosedError()>
Traceback (most recent call last):
  File "E:\anaconda3\envs\drowsy\lib\site-packages\tornado\websocket.py", line 1113, in wrapper
    await fut
tornado.iostream.StreamClosedError: Stream is closed

During handling of the above exception, another exception occurred:

Traceback (most recent call last):
  File "E:\anaconda3\envs\drowsy\lib\site-packages\tornado\websocket.py", line 1115, in wrapper
    raise WebSocketClosedError()
tornado.websocket.WebSocketClosedError
2026-01-23 11:10:46,682 - ERROR - Task exception was never retrieved
future: <Task finished name='Task-129998' coro=<WebSocketProtocol13.write_message.<locals>.wrapper() done, defined at E:\anaconda3\envs\drowsy\lib\site-packages\tornado\websocket.py:1111> exception=WebSocketClosedError()>
Traceback (most recent call last):
  File "E:\anaconda3\envs\drowsy\lib\site-packages\tornado\websocket.py", line 1113, in wrapper
    await fut
tornado.iostream.StreamClosedError: Stream is closed

During handling of the above exception, another exception occurred:

Traceback (most recent call last):
  File "E:\anaconda3\envs\drowsy\lib\site-packages\tornado\websocket.py", line 1115, in wrapper
    raise WebSocketClosedError()
tornado.websocket.WebSocketClosedError
2026-01-23 11:10:46,682 - ERROR - Task exception was never retrieved
future: <Task finished name='Task-130001' coro=<WebSocketProtocol13.write_message.<locals>.wrapper() done, defined at E:\anaconda3\envs\drowsy\lib\site-packages\tornado\websocket.py:1111> exception=WebSocketClosedError()>
Traceback (most recent call last):
  File "E:\anaconda3\envs\drowsy\lib\site-packages\tornado\websocket.py", line 1113, in wrapper
    await fut
tornado.iostream.StreamClosedError: Stream is closed

During handling of the above exception, another exception occurred:

Traceback (most recent call last):
  File "E:\anaconda3\envs\drowsy\lib\site-packages\tornado\websocket.py", line 1115, in wrapper
    raise WebSocketClosedError()
tornado.websocket.WebSocketClosedError
2026-01-23 11:10:46,682 - ERROR - Task exception was never retrieved
future: <Task finished name='Task-130004' coro=<WebSocketProtocol13.write_message.<locals>.wrapper() done, defined at E:\anaconda3\envs\drowsy\lib\site-packages\tornado\websocket.py:1111> exception=WebSocketClosedError()>
Traceback (most recent call last):
  File "E:\anaconda3\envs\drowsy\lib\site-packages\tornado\websocket.py", line 1113, in wrapper
    await fut
tornado.iostream.StreamClosedError: Stream is closed

During handling of the above exception, another exception occurred:

Traceback (most recent call last):
  File "E:\anaconda3\envs\drowsy\lib\site-packages\tornado\websocket.py", line 1115, in wrapper
    raise WebSocketClosedError()
tornado.websocket.WebSocketClosedError
2026-01-23 11:10:46,683 - ERROR - Task exception was never retrieved
future: <Task finished name='Task-130007' coro=<WebSocketProtocol13.write_message.<locals>.wrapper() done, defined at E:\anaconda3\envs\drowsy\lib\site-packages\tornado\websocket.py:1111> exception=WebSocketClosedError()>
Traceback (most recent call last):
  File "E:\anaconda3\envs\drowsy\lib\site-packages\tornado\websocket.py", line 1113, in wrapper
    await fut
tornado.iostream.StreamClosedError: Stream is closed

During handling of the above exception, another exception occurred:

Traceback (most recent call last):
  File "E:\anaconda3\envs\drowsy\lib\site-packages\tornado\websocket.py", line 1115, in wrapper
    raise WebSocketClosedError()
tornado.websocket.WebSocketClosedError
2026-01-23 11:10:46,683 - ERROR - Task exception was never retrieved
future: <Task finished name='Task-130010' coro=<WebSocketProtocol13.write_message.<locals>.wrapper() done, defined at E:\anaconda3\envs\drowsy\lib\site-packages\tornado\websocket.py:1111> exception=WebSocketClosedError()>
Traceback (most recent call last):
  File "E:\anaconda3\envs\drowsy\lib\site-packages\tornado\websocket.py", line 1113, in wrapper
    await fut
tornado.iostream.StreamClosedError: Stream is closed

During handling of the above exception, another exception occurred:

Traceback (most recent call last):
  File "E:\anaconda3\envs\drowsy\lib\site-packages\tornado\websocket.py", line 1115, in wrapper
    raise WebSocketClosedError()
tornado.websocket.WebSocketClosedError
2026-01-23 11:10:46,683 - ERROR - Task exception was never retrieved
future: <Task finished name='Task-130013' coro=<WebSocketProtocol13.write_message.<locals>.wrapper() done, defined at E:\anaconda3\envs\drowsy\lib\site-packages\tornado\websocket.py:1111> exception=WebSocketClosedError()>
Traceback (most recent call last):
  File "E:\anaconda3\envs\drowsy\lib\site-packages\tornado\websocket.py", line 1113, in wrapper
    await fut
tornado.iostream.StreamClosedError: Stream is closed

During handling of the above exception, another exception occurred:

Traceback (most recent call last):
  File "E:\anaconda3\envs\drowsy\lib\site-packages\tornado\websocket.py", line 1115, in wrapper
    raise WebSocketClosedError()
tornado.websocket.WebSocketClosedError
2026-01-23 11:10:46,683 - ERROR - Task exception was never retrieved
future: <Task finished name='Task-130016' coro=<WebSocketProtocol13.write_message.<locals>.wrapper() done, defined at E:\anaconda3\envs\drowsy\lib\site-packages\tornado\websocket.py:1111> exception=WebSocketClosedError()>
Traceback (most recent call last):
  File "E:\anaconda3\envs\drowsy\lib\site-packages\tornado\websocket.py", line 1113, in wrapper
    await fut
tornado.iostream.StreamClosedError: Stream is closed

During handling of the above exception, another exception occurred:

Traceback (most recent call last):
  File "E:\anaconda3\envs\drowsy\lib\site-packages\tornado\websocket.py", line 1115, in wrapper
    raise WebSocketClosedError()
tornado.websocket.WebSocketClosedError
2026-01-23 11:10:46,683 - ERROR - Task exception was never retrieved
future: <Task finished name='Task-130019' coro=<WebSocketProtocol13.write_message.<locals>.wrapper() done, defined at E:\anaconda3\envs\drowsy\lib\site-packages\tornado\websocket.py:1111> exception=WebSocketClosedError()>
Traceback (most recent call last):
  File "E:\anaconda3\envs\drowsy\lib\site-packages\tornado\websocket.py", line 1113, in wrapper
    await fut
tornado.iostream.StreamClosedError: Stream is closed

During handling of the above exception, another exception occurred:

Traceback (most recent call last):
  File "E:\anaconda3\envs\drowsy\lib\site-packages\tornado\websocket.py", line 1115, in wrapper
    raise WebSocketClosedError()
tornado.websocket.WebSocketClosedError
2026-01-23 11:10:46,683 - ERROR - Task exception was never retrieved
future: <Task finished name='Task-130022' coro=<WebSocketProtocol13.write_message.<locals>.wrapper() done, defined at E:\anaconda3\envs\drowsy\lib\site-packages\tornado\websocket.py:1111> exception=WebSocketClosedError()>
Traceback (most recent call last):
  File "E:\anaconda3\envs\drowsy\lib\site-packages\tornado\websocket.py", line 1113, in wrapper
    await fut
tornado.iostream.StreamClosedError: Stream is closed

During handling of the above exception, another exception occurred:

Traceback (most recent call last):
  File "E:\anaconda3\envs\drowsy\lib\site-packages\tornado\websocket.py", line 1115, in wrapper
    raise WebSocketClosedError()
tornado.websocket.WebSocketClosedError
2026-01-23 11:10:46,684 - ERROR - Task exception was never retrieved
future: <Task finished name='Task-130025' coro=<WebSocketProtocol13.write_message.<locals>.wrapper() done, defined at E:\anaconda3\envs\drowsy\lib\site-packages\tornado\websocket.py:1111> exception=WebSocketClosedError()>
Traceback (most recent call last):
  File "E:\anaconda3\envs\drowsy\lib\site-packages\tornado\websocket.py", line 1113, in wrapper
    await fut
tornado.iostream.StreamClosedError: Stream is closed

During handling of the above exception, another exception occurred:

Traceback (most recent call last):
  File "E:\anaconda3\envs\drowsy\lib\site-packages\tornado\websocket.py", line 1115, in wrapper
    raise WebSocketClosedError()
tornado.websocket.WebSocketClosedError
2026-01-23 11:10:46,684 - ERROR - Task exception was never retrieved
future: <Task finished name='Task-130028' coro=<WebSocketProtocol13.write_message.<locals>.wrapper() done, defined at E:\anaconda3\envs\drowsy\lib\site-packages\tornado\websocket.py:1111> exception=WebSocketClosedError()>
Traceback (most recent call last):
  File "E:\anaconda3\envs\drowsy\lib\site-packages\tornado\websocket.py", line 1113, in wrapper
    await fut
tornado.iostream.StreamClosedError: Stream is closed

During handling of the above exception, another exception occurred:

Traceback (most recent call last):
  File "E:\anaconda3\envs\drowsy\lib\site-packages\tornado\websocket.py", line 1115, in wrapper
    raise WebSocketClosedError()
tornado.websocket.WebSocketClosedError
2026-01-23 11:10:46,684 - ERROR - Task exception was never retrieved
future: <Task finished name='Task-130031' coro=<WebSocketProtocol13.write_message.<locals>.wrapper() done, defined at E:\anaconda3\envs\drowsy\lib\site-packages\tornado\websocket.py:1111> exception=WebSocketClosedError()>
Traceback (most recent call last):
  File "E:\anaconda3\envs\drowsy\lib\site-packages\tornado\websocket.py", line 1113, in wrapper
    await fut
tornado.iostream.StreamClosedError: Stream is closed

During handling of the above exception, another exception occurred:

Traceback (most recent call last):
  File "E:\anaconda3\envs\drowsy\lib\site-packages\tornado\websocket.py", line 1115, in wrapper
    raise WebSocketClosedError()
tornado.websocket.WebSocketClosedError
2026-01-23 11:10:46,684 - ERROR - Task exception was never retrieved
future: <Task finished name='Task-130034' coro=<WebSocketProtocol13.write_message.<locals>.wrapper() done, defined at E:\anaconda3\envs\drowsy\lib\site-packages\tornado\websocket.py:1111> exception=WebSocketClosedError()>
Traceback (most recent call last):
  File "E:\anaconda3\envs\drowsy\lib\site-packages\tornado\websocket.py", line 1113, in wrapper
    await fut
tornado.iostream.StreamClosedError: Stream is closed

During handling of the above exception, another exception occurred:

Traceback (most recent call last):
  File "E:\anaconda3\envs\drowsy\lib\site-packages\tornado\websocket.py", line 1115, in wrapper
    raise WebSocketClosedError()
tornado.websocket.WebSocketClosedError
2026-01-23 11:10:46,684 - ERROR - Task exception was never retrieved
future: <Task finished name='Task-130037' coro=<WebSocketProtocol13.write_message.<locals>.wrapper() done, defined at E:\anaconda3\envs\drowsy\lib\site-packages\tornado\websocket.py:1111> exception=WebSocketClosedError()>
Traceback (most recent call last):
  File "E:\anaconda3\envs\drowsy\lib\site-packages\tornado\websocket.py", line 1113, in wrapper
    await fut
tornado.iostream.StreamClosedError: Stream is closed

During handling of the above exception, another exception occurred:

Traceback (most recent call last):
  File "E:\anaconda3\envs\drowsy\lib\site-packages\tornado\websocket.py", line 1115, in wrapper
    raise WebSocketClosedError()
tornado.websocket.WebSocketClosedError
2026-01-23 11:10:46,684 - ERROR - Task exception was never retrieved
future: <Task finished name='Task-130040' coro=<WebSocketProtocol13.write_message.<locals>.wrapper() done, defined at E:\anaconda3\envs\drowsy\lib\site-packages\tornado\websocket.py:1111> exception=WebSocketClosedError()>
Traceback (most recent call last):
  File "E:\anaconda3\envs\drowsy\lib\site-packages\tornado\websocket.py", line 1113, in wrapper
    await fut
tornado.iostream.StreamClosedError: Stream is closed

During handling of the above exception, another exception occurred:

Traceback (most recent call last):
  File "E:\anaconda3\envs\drowsy\lib\site-packages\tornado\websocket.py", line 1115, in wrapper
    raise WebSocketClosedError()
tornado.websocket.WebSocketClosedError
2026-01-23 11:10:46,685 - ERROR - Task exception was never retrieved
future: <Task finished name='Task-130043' coro=<WebSocketProtocol13.write_message.<locals>.wrapper() done, defined at E:\anaconda3\envs\drowsy\lib\site-packages\tornado\websocket.py:1111> exception=WebSocketClosedError()>
Traceback (most recent call last):
  File "E:\anaconda3\envs\drowsy\lib\site-packages\tornado\websocket.py", line 1113, in wrapper
    await fut
tornado.iostream.StreamClosedError: Stream is closed

During handling of the above exception, another exception occurred:

Traceback (most recent call last):
  File "E:\anaconda3\envs\drowsy\lib\site-packages\tornado\websocket.py", line 1115, in wrapper
    raise WebSocketClosedError()
tornado.websocket.WebSocketClosedError
2026-01-23 11:10:46,685 - ERROR - Task exception was never retrieved
future: <Task finished name='Task-130046' coro=<WebSocketProtocol13.write_message.<locals>.wrapper() done, defined at E:\anaconda3\envs\drowsy\lib\site-packages\tornado\websocket.py:1111> exception=WebSocketClosedError()>
Traceback (most recent call last):
  File "E:\anaconda3\envs\drowsy\lib\site-packages\tornado\websocket.py", line 1113, in wrapper
    await fut
tornado.iostream.StreamClosedError: Stream is closed

During handling of the above exception, another exception occurred:

Traceback (most recent call last):
  File "E:\anaconda3\envs\drowsy\lib\site-packages\tornado\websocket.py", line 1115, in wrapper
    raise WebSocketClosedError()
tornado.websocket.WebSocketClosedError
2026-01-23 11:10:46,685 - ERROR - Task exception was never retrieved
future: <Task finished name='Task-130049' coro=<WebSocketProtocol13.write_message.<locals>.wrapper() done, defined at E:\anaconda3\envs\drowsy\lib\site-packages\tornado\websocket.py:1111> exception=WebSocketClosedError()>
Traceback (most recent call last):
  File "E:\anaconda3\envs\drowsy\lib\site-packages\tornado\websocket.py", line 1113, in wrapper
    await fut
tornado.iostream.StreamClosedError: Stream is closed

During handling of the above exception, another exception occurred:

Traceback (most recent call last):
  File "E:\anaconda3\envs\drowsy\lib\site-packages\tornado\websocket.py", line 1115, in wrapper
    raise WebSocketClosedError()
tornado.websocket.WebSocketClosedError
2026-01-23 11:10:46,685 - ERROR - Task exception was never retrieved
future: <Task finished name='Task-130052' coro=<WebSocketProtocol13.write_message.<locals>.wrapper() done, defined at E:\anaconda3\envs\drowsy\lib\site-packages\tornado\websocket.py:1111> exception=WebSocketClosedError()>
Traceback (most recent call last):
  File "E:\anaconda3\envs\drowsy\lib\site-packages\tornado\websocket.py", line 1113, in wrapper
    await fut
tornado.iostream.StreamClosedError: Stream is closed

During handling of the above exception, another exception occurred:

Traceback (most recent call last):
  File "E:\anaconda3\envs\drowsy\lib\site-packages\tornado\websocket.py", line 1115, in wrapper
    raise WebSocketClosedError()
tornado.websocket.WebSocketClosedError
2026-01-23 11:10:46,685 - ERROR - Task exception was never retrieved
future: <Task finished name='Task-130055' coro=<WebSocketProtocol13.write_message.<locals>.wrapper() done, defined at E:\anaconda3\envs\drowsy\lib\site-packages\tornado\websocket.py:1111> exception=WebSocketClosedError()>
Traceback (most recent call last):
  File "E:\anaconda3\envs\drowsy\lib\site-packages\tornado\websocket.py", line 1113, in wrapper
    await fut
tornado.iostream.StreamClosedError: Stream is closed

During handling of the above exception, another exception occurred:

Traceback (most recent call last):
  File "E:\anaconda3\envs\drowsy\lib\site-packages\tornado\websocket.py", line 1115, in wrapper
    raise WebSocketClosedError()
tornado.websocket.WebSocketClosedError
2026-01-23 11:10:46,685 - ERROR - Task exception was never retrieved
future: <Task finished name='Task-130058' coro=<WebSocketProtocol13.write_message.<locals>.wrapper() done, defined at E:\anaconda3\envs\drowsy\lib\site-packages\tornado\websocket.py:1111> exception=WebSocketClosedError()>
Traceback (most recent call last):
  File "E:\anaconda3\envs\drowsy\lib\site-packages\tornado\websocket.py", line 1113, in wrapper
    await fut
tornado.iostream.StreamClosedError: Stream is closed

During handling of the above exception, another exception occurred:

Traceback (most recent call last):
  File "E:\anaconda3\envs\drowsy\lib\site-packages\tornado\websocket.py", line 1115, in wrapper
    raise WebSocketClosedError()
tornado.websocket.WebSocketClosedError
2026-01-23 11:10:46,685 - ERROR - Task exception was never retrieved
future: <Task finished name='Task-130061' coro=<WebSocketProtocol13.write_message.<locals>.wrapper() done, defined at E:\anaconda3\envs\drowsy\lib\site-packages\tornado\websocket.py:1111> exception=WebSocketClosedError()>
Traceback (most recent call last):
  File "E:\anaconda3\envs\drowsy\lib\site-packages\tornado\websocket.py", line 1113, in wrapper
    await fut
tornado.iostream.StreamClosedError: Stream is closed

During handling of the above exception, another exception occurred:

Traceback (most recent call last):
  File "E:\anaconda3\envs\drowsy\lib\site-packages\tornado\websocket.py", line 1115, in wrapper
    raise WebSocketClosedError()
tornado.websocket.WebSocketClosedError
2026-01-23 11:10:46,685 - ERROR - Task exception was never retrieved
future: <Task finished name='Task-130064' coro=<WebSocketProtocol13.write_message.<locals>.wrapper() done, defined at E:\anaconda3\envs\drowsy\lib\site-packages\tornado\websocket.py:1111> exception=WebSocketClosedError()>
Traceback (most recent call last):
  File "E:\anaconda3\envs\drowsy\lib\site-packages\tornado\websocket.py", line 1113, in wrapper
    await fut
tornado.iostream.StreamClosedError: Stream is closed

During handling of the above exception, another exception occurred:

Traceback (most recent call last):
  File "E:\anaconda3\envs\drowsy\lib\site-packages\tornado\websocket.py", line 1115, in wrapper
    raise WebSocketClosedError()
tornado.websocket.WebSocketClosedError
2026-01-23 11:10:46,685 - ERROR - Task exception was never retrieved
future: <Task finished name='Task-130067' coro=<WebSocketProtocol13.write_message.<locals>.wrapper() done, defined at E:\anaconda3\envs\drowsy\lib\site-packages\tornado\websocket.py:1111> exception=WebSocketClosedError()>
Traceback (most recent call last):
  File "E:\anaconda3\envs\drowsy\lib\site-packages\tornado\websocket.py", line 1113, in wrapper
    await fut
tornado.iostream.StreamClosedError: Stream is closed

During handling of the above exception, another exception occurred:

Traceback (most recent call last):
  File "E:\anaconda3\envs\drowsy\lib\site-packages\tornado\websocket.py", line 1115, in wrapper
    raise WebSocketClosedError()
tornado.websocket.WebSocketClosedError
2026-01-23 11:10:46,685 - ERROR - Task exception was never retrieved
future: <Task finished name='Task-130070' coro=<WebSocketProtocol13.write_message.<locals>.wrapper() done, defined at E:\anaconda3\envs\drowsy\lib\site-packages\tornado\websocket.py:1111> exception=WebSocketClosedError()>
Traceback (most recent call last):
  File "E:\anaconda3\envs\drowsy\lib\site-packages\tornado\websocket.py", line 1113, in wrapper
    await fut
tornado.iostream.StreamClosedError: Stream is closed

During handling of the above exception, another exception occurred:

Traceback (most recent call last):
  File "E:\anaconda3\envs\drowsy\lib\site-packages\tornado\websocket.py", line 1115, in wrapper
    raise WebSocketClosedError()
tornado.websocket.WebSocketClosedError
2026-01-23 11:10:46,686 - ERROR - Task exception was never retrieved
future: <Task finished name='Task-130073' coro=<WebSocketProtocol13.write_message.<locals>.wrapper() done, defined at E:\anaconda3\envs\drowsy\lib\site-packages\tornado\websocket.py:1111> exception=WebSocketClosedError()>
Traceback (most recent call last):
  File "E:\anaconda3\envs\drowsy\lib\site-packages\tornado\websocket.py", line 1113, in wrapper
    await fut
tornado.iostream.StreamClosedError: Stream is closed

During handling of the above exception, another exception occurred:

Traceback (most recent call last):
  File "E:\anaconda3\envs\drowsy\lib\site-packages\tornado\websocket.py", line 1115, in wrapper
    raise WebSocketClosedError()
tornado.websocket.WebSocketClosedError
2026-01-23 11:10:46,686 - ERROR - Task exception was never retrieved
future: <Task finished name='Task-130076' coro=<WebSocketProtocol13.write_message.<locals>.wrapper() done, defined at E:\anaconda3\envs\drowsy\lib\site-packages\tornado\websocket.py:1111> exception=WebSocketClosedError()>
Traceback (most recent call last):
  File "E:\anaconda3\envs\drowsy\lib\site-packages\tornado\websocket.py", line 1113, in wrapper
    await fut
tornado.iostream.StreamClosedError: Stream is closed

During handling of the above exception, another exception occurred:

Traceback (most recent call last):
  File "E:\anaconda3\envs\drowsy\lib\site-packages\tornado\websocket.py", line 1115, in wrapper
    raise WebSocketClosedError()
tornado.websocket.WebSocketClosedError
2026-01-23 11:10:46,686 - ERROR - Task exception was never retrieved
future: <Task finished name='Task-130079' coro=<WebSocketProtocol13.write_message.<locals>.wrapper() done, defined at E:\anaconda3\envs\drowsy\lib\site-packages\tornado\websocket.py:1111> exception=WebSocketClosedError()>
Traceback (most recent call last):
  File "E:\anaconda3\envs\drowsy\lib\site-packages\tornado\websocket.py", line 1113, in wrapper
    await fut
tornado.iostream.StreamClosedError: Stream is closed

During handling of the above exception, another exception occurred:

Traceback (most recent call last):
  File "E:\anaconda3\envs\drowsy\lib\site-packages\tornado\websocket.py", line 1115, in wrapper
    raise WebSocketClosedError()
tornado.websocket.WebSocketClosedError
2026-01-23 11:10:46,686 - ERROR - Task exception was never retrieved
future: <Task finished name='Task-130082' coro=<WebSocketProtocol13.write_message.<locals>.wrapper() done, defined at E:\anaconda3\envs\drowsy\lib\site-packages\tornado\websocket.py:1111> exception=WebSocketClosedError()>
Traceback (most recent call last):
  File "E:\anaconda3\envs\drowsy\lib\site-packages\tornado\websocket.py", line 1113, in wrapper
    await fut
tornado.iostream.StreamClosedError: Stream is closed

During handling of the above exception, another exception occurred:

Traceback (most recent call last):
  File "E:\anaconda3\envs\drowsy\lib\site-packages\tornado\websocket.py", line 1115, in wrapper
    raise WebSocketClosedError()
tornado.websocket.WebSocketClosedError
2026-01-23 11:10:46,686 - ERROR - Task exception was never retrieved
future: <Task finished name='Task-130085' coro=<WebSocketProtocol13.write_message.<locals>.wrapper() done, defined at E:\anaconda3\envs\drowsy\lib\site-packages\tornado\websocket.py:1111> exception=WebSocketClosedError()>
Traceback (most recent call last):
  File "E:\anaconda3\envs\drowsy\lib\site-packages\tornado\websocket.py", line 1113, in wrapper
    await fut
tornado.iostream.StreamClosedError: Stream is closed

During handling of the above exception, another exception occurred:

Traceback (most recent call last):
  File "E:\anaconda3\envs\drowsy\lib\site-packages\tornado\websocket.py", line 1115, in wrapper
    raise WebSocketClosedError()
tornado.websocket.WebSocketClosedError
2026-01-23 11:10:46,686 - ERROR - Task exception was never retrieved
future: <Task finished name='Task-130088' coro=<WebSocketProtocol13.write_message.<locals>.wrapper() done, defined at E:\anaconda3\envs\drowsy\lib\site-packages\tornado\websocket.py:1111> exception=WebSocketClosedError()>
Traceback (most recent call last):
  File "E:\anaconda3\envs\drowsy\lib\site-packages\tornado\websocket.py", line 1113, in wrapper
    await fut
tornado.iostream.StreamClosedError: Stream is closed

During handling of the above exception, another exception occurred:

Traceback (most recent call last):
  File "E:\anaconda3\envs\drowsy\lib\site-packages\tornado\websocket.py", line 1115, in wrapper
    raise WebSocketClosedError()
tornado.websocket.WebSocketClosedError
2026-01-23 11:10:46,687 - ERROR - Task exception was never retrieved
future: <Task finished name='Task-130091' coro=<WebSocketProtocol13.write_message.<locals>.wrapper() done, defined at E:\anaconda3\envs\drowsy\lib\site-packages\tornado\websocket.py:1111> exception=WebSocketClosedError()>
Traceback (most recent call last):
  File "E:\anaconda3\envs\drowsy\lib\site-packages\tornado\websocket.py", line 1113, in wrapper
    await fut
tornado.iostream.StreamClosedError: Stream is closed

During handling of the above exception, another exception occurred:

Traceback (most recent call last):
  File "E:\anaconda3\envs\drowsy\lib\site-packages\tornado\websocket.py", line 1115, in wrapper
    raise WebSocketClosedError()
tornado.websocket.WebSocketClosedError
2026-01-23 11:10:46,687 - ERROR - Task exception was never retrieved
future: <Task finished name='Task-130094' coro=<WebSocketProtocol13.write_message.<locals>.wrapper() done, defined at E:\anaconda3\envs\drowsy\lib\site-packages\tornado\websocket.py:1111> exception=WebSocketClosedError()>
Traceback (most recent call last):
  File "E:\anaconda3\envs\drowsy\lib\site-packages\tornado\websocket.py", line 1113, in wrapper
    await fut
tornado.iostream.StreamClosedError: Stream is closed

During handling of the above exception, another exception occurred:

Traceback (most recent call last):
  File "E:\anaconda3\envs\drowsy\lib\site-packages\tornado\websocket.py", line 1115, in wrapper
    raise WebSocketClosedError()
tornado.websocket.WebSocketClosedError
2026-01-23 11:10:46,687 - ERROR - Task exception was never retrieved
future: <Task finished name='Task-130097' coro=<WebSocketProtocol13.write_message.<locals>.wrapper() done, defined at E:\anaconda3\envs\drowsy\lib\site-packages\tornado\websocket.py:1111> exception=WebSocketClosedError()>
Traceback (most recent call last):
  File "E:\anaconda3\envs\drowsy\lib\site-packages\tornado\websocket.py", line 1113, in wrapper
    await fut
tornado.iostream.StreamClosedError: Stream is closed

During handling of the above exception, another exception occurred:

Traceback (most recent call last):
  File "E:\anaconda3\envs\drowsy\lib\site-packages\tornado\websocket.py", line 1115, in wrapper
    raise WebSocketClosedError()
tornado.websocket.WebSocketClosedError
2026-01-23 11:10:46,687 - ERROR - Task exception was never retrieved
future: <Task finished name='Task-130100' coro=<WebSocketProtocol13.write_message.<locals>.wrapper() done, defined at E:\anaconda3\envs\drowsy\lib\site-packages\tornado\websocket.py:1111> exception=WebSocketClosedError()>
Traceback (most recent call last):
  File "E:\anaconda3\envs\drowsy\lib\site-packages\tornado\websocket.py", line 1113, in wrapper
    await fut
tornado.iostream.StreamClosedError: Stream is closed

During handling of the above exception, another exception occurred:

Traceback (most recent call last):
  File "E:\anaconda3\envs\drowsy\lib\site-packages\tornado\websocket.py", line 1115, in wrapper
    raise WebSocketClosedError()
tornado.websocket.WebSocketClosedError
2026-01-23 11:10:46,688 - ERROR - Task exception was never retrieved
future: <Task finished name='Task-130103' coro=<WebSocketProtocol13.write_message.<locals>.wrapper() done, defined at E:\anaconda3\envs\drowsy\lib\site-packages\tornado\websocket.py:1111> exception=WebSocketClosedError()>
Traceback (most recent call last):
  File "E:\anaconda3\envs\drowsy\lib\site-packages\tornado\websocket.py", line 1113, in wrapper
    await fut
tornado.iostream.StreamClosedError: Stream is closed

During handling of the above exception, another exception occurred:

Traceback (most recent call last):
  File "E:\anaconda3\envs\drowsy\lib\site-packages\tornado\websocket.py", line 1115, in wrapper
    raise WebSocketClosedError()
tornado.websocket.WebSocketClosedError
2026-01-23 11:10:46,688 - ERROR - Task exception was never retrieved
future: <Task finished name='Task-130106' coro=<WebSocketProtocol13.write_message.<locals>.wrapper() done, defined at E:\anaconda3\envs\drowsy\lib\site-packages\tornado\websocket.py:1111> exception=WebSocketClosedError()>
Traceback (most recent call last):
  File "E:\anaconda3\envs\drowsy\lib\site-packages\tornado\websocket.py", line 1113, in wrapper
    await fut
tornado.iostream.StreamClosedError: Stream is closed

During handling of the above exception, another exception occurred:

Traceback (most recent call last):
  File "E:\anaconda3\envs\drowsy\lib\site-packages\tornado\websocket.py", line 1115, in wrapper
    raise WebSocketClosedError()
tornado.websocket.WebSocketClosedError
2026-01-23 11:10:46,688 - ERROR - Task exception was never retrieved
future: <Task finished name='Task-130109' coro=<WebSocketProtocol13.write_message.<locals>.wrapper() done, defined at E:\anaconda3\envs\drowsy\lib\site-packages\tornado\websocket.py:1111> exception=WebSocketClosedError()>
Traceback (most recent call last):
  File "E:\anaconda3\envs\drowsy\lib\site-packages\tornado\websocket.py", line 1113, in wrapper
    await fut
tornado.iostream.StreamClosedError: Stream is closed

During handling of the above exception, another exception occurred:

Traceback (most recent call last):
  File "E:\anaconda3\envs\drowsy\lib\site-packages\tornado\websocket.py", line 1115, in wrapper
    raise WebSocketClosedError()
tornado.websocket.WebSocketClosedError
2026-01-23 11:10:46,688 - ERROR - Task exception was never retrieved
future: <Task finished name='Task-130112' coro=<WebSocketProtocol13.write_message.<locals>.wrapper() done, defined at E:\anaconda3\envs\drowsy\lib\site-packages\tornado\websocket.py:1111> exception=WebSocketClosedError()>
Traceback (most recent call last):
  File "E:\anaconda3\envs\drowsy\lib\site-packages\tornado\websocket.py", line 1113, in wrapper
    await fut
tornado.iostream.StreamClosedError: Stream is closed

During handling of the above exception, another exception occurred:

Traceback (most recent call last):
  File "E:\anaconda3\envs\drowsy\lib\site-packages\tornado\websocket.py", line 1115, in wrapper
    raise WebSocketClosedError()
tornado.websocket.WebSocketClosedError
2026-01-23 11:10:46,688 - ERROR - Task exception was never retrieved
future: <Task finished name='Task-130115' coro=<WebSocketProtocol13.write_message.<locals>.wrapper() done, defined at E:\anaconda3\envs\drowsy\lib\site-packages\tornado\websocket.py:1111> exception=WebSocketClosedError()>
Traceback (most recent call last):
  File "E:\anaconda3\envs\drowsy\lib\site-packages\tornado\websocket.py", line 1113, in wrapper
    await fut
tornado.iostream.StreamClosedError: Stream is closed

During handling of the above exception, another exception occurred:

Traceback (most recent call last):
  File "E:\anaconda3\envs\drowsy\lib\site-packages\tornado\websocket.py", line 1115, in wrapper
    raise WebSocketClosedError()
tornado.websocket.WebSocketClosedError
2026-01-23 11:10:46,688 - ERROR - Task exception was never retrieved
future: <Task finished name='Task-130118' coro=<WebSocketProtocol13.write_message.<locals>.wrapper() done, defined at E:\anaconda3\envs\drowsy\lib\site-packages\tornado\websocket.py:1111> exception=WebSocketClosedError()>
Traceback (most recent call last):
  File "E:\anaconda3\envs\drowsy\lib\site-packages\tornado\websocket.py", line 1113, in wrapper
    await fut
tornado.iostream.StreamClosedError: Stream is closed

During handling of the above exception, another exception occurred:

Traceback (most recent call last):
  File "E:\anaconda3\envs\drowsy\lib\site-packages\tornado\websocket.py", line 1115, in wrapper
    raise WebSocketClosedError()
tornado.websocket.WebSocketClosedError
2026-01-23 11:10:46,688 - ERROR - Task exception was never retrieved
future: <Task finished name='Task-130121' coro=<WebSocketProtocol13.write_message.<locals>.wrapper() done, defined at E:\anaconda3\envs\drowsy\lib\site-packages\tornado\websocket.py:1111> exception=WebSocketClosedError()>
Traceback (most recent call last):
  File "E:\anaconda3\envs\drowsy\lib\site-packages\tornado\websocket.py", line 1113, in wrapper
    await fut
tornado.iostream.StreamClosedError: Stream is closed

During handling of the above exception, another exception occurred:

Traceback (most recent call last):
  File "E:\anaconda3\envs\drowsy\lib\site-packages\tornado\websocket.py", line 1115, in wrapper
    raise WebSocketClosedError()
tornado.websocket.WebSocketClosedError
2026-01-23 11:10:46,689 - ERROR - Task exception was never retrieved
future: <Task finished name='Task-130124' coro=<WebSocketProtocol13.write_message.<locals>.wrapper() done, defined at E:\anaconda3\envs\drowsy\lib\site-packages\tornado\websocket.py:1111> exception=WebSocketClosedError()>
Traceback (most recent call last):
  File "E:\anaconda3\envs\drowsy\lib\site-packages\tornado\websocket.py", line 1113, in wrapper
    await fut
tornado.iostream.StreamClosedError: Stream is closed

During handling of the above exception, another exception occurred:

Traceback (most recent call last):
  File "E:\anaconda3\envs\drowsy\lib\site-packages\tornado\websocket.py", line 1115, in wrapper
    raise WebSocketClosedError()
tornado.websocket.WebSocketClosedError
2026-01-23 11:10:46,689 - ERROR - Task exception was never retrieved
future: <Task finished name='Task-130127' coro=<WebSocketProtocol13.write_message.<locals>.wrapper() done, defined at E:\anaconda3\envs\drowsy\lib\site-packages\tornado\websocket.py:1111> exception=WebSocketClosedError()>
Traceback (most recent call last):
  File "E:\anaconda3\envs\drowsy\lib\site-packages\tornado\websocket.py", line 1113, in wrapper
    await fut
tornado.iostream.StreamClosedError: Stream is closed

During handling of the above exception, another exception occurred:

Traceback (most recent call last):
  File "E:\anaconda3\envs\drowsy\lib\site-packages\tornado\websocket.py", line 1115, in wrapper
    raise WebSocketClosedError()
tornado.websocket.WebSocketClosedError
2026-01-23 11:10:46,689 - ERROR - Task exception was never retrieved
future: <Task finished name='Task-130130' coro=<WebSocketProtocol13.write_message.<locals>.wrapper() done, defined at E:\anaconda3\envs\drowsy\lib\site-packages\tornado\websocket.py:1111> exception=WebSocketClosedError()>
Traceback (most recent call last):
  File "E:\anaconda3\envs\drowsy\lib\site-packages\tornado\websocket.py", line 1113, in wrapper
    await fut
tornado.iostream.StreamClosedError: Stream is closed

During handling of the above exception, another exception occurred:

Traceback (most recent call last):
  File "E:\anaconda3\envs\drowsy\lib\site-packages\tornado\websocket.py", line 1115, in wrapper
    raise WebSocketClosedError()
tornado.websocket.WebSocketClosedError
2026-01-23 11:10:46,689 - ERROR - Task exception was never retrieved
future: <Task finished name='Task-130133' coro=<WebSocketProtocol13.write_message.<locals>.wrapper() done, defined at E:\anaconda3\envs\drowsy\lib\site-packages\tornado\websocket.py:1111> exception=WebSocketClosedError()>
Traceback (most recent call last):
  File "E:\anaconda3\envs\drowsy\lib\site-packages\tornado\websocket.py", line 1113, in wrapper
    await fut
tornado.iostream.StreamClosedError: Stream is closed

During handling of the above exception, another exception occurred:

Traceback (most recent call last):
  File "E:\anaconda3\envs\drowsy\lib\site-packages\tornado\websocket.py", line 1115, in wrapper
    raise WebSocketClosedError()
tornado.websocket.WebSocketClosedError
2026-01-23 11:10:46,689 - ERROR - Task exception was never retrieved
future: <Task finished name='Task-130136' coro=<WebSocketProtocol13.write_message.<locals>.wrapper() done, defined at E:\anaconda3\envs\drowsy\lib\site-packages\tornado\websocket.py:1111> exception=WebSocketClosedError()>
Traceback (most recent call last):
  File "E:\anaconda3\envs\drowsy\lib\site-packages\tornado\websocket.py", line 1113, in wrapper
    await fut
tornado.iostream.StreamClosedError: Stream is closed

During handling of the above exception, another exception occurred:

Traceback (most recent call last):
  File "E:\anaconda3\envs\drowsy\lib\site-packages\tornado\websocket.py", line 1115, in wrapper
    raise WebSocketClosedError()
tornado.websocket.WebSocketClosedError
2026-01-23 11:10:46,689 - ERROR - Task exception was never retrieved
future: <Task finished name='Task-130139' coro=<WebSocketProtocol13.write_message.<locals>.wrapper() done, defined at E:\anaconda3\envs\drowsy\lib\site-packages\tornado\websocket.py:1111> exception=WebSocketClosedError()>
Traceback (most recent call last):
  File "E:\anaconda3\envs\drowsy\lib\site-packages\tornado\websocket.py", line 1113, in wrapper
    await fut
tornado.iostream.StreamClosedError: Stream is closed

During handling of the above exception, another exception occurred:

Traceback (most recent call last):
  File "E:\anaconda3\envs\drowsy\lib\site-packages\tornado\websocket.py", line 1115, in wrapper
    raise WebSocketClosedError()
tornado.websocket.WebSocketClosedError
2026-01-23 11:10:46,690 - ERROR - Task exception was never retrieved
future: <Task finished name='Task-130142' coro=<WebSocketProtocol13.write_message.<locals>.wrapper() done, defined at E:\anaconda3\envs\drowsy\lib\site-packages\tornado\websocket.py:1111> exception=WebSocketClosedError()>
Traceback (most recent call last):
  File "E:\anaconda3\envs\drowsy\lib\site-packages\tornado\websocket.py", line 1113, in wrapper
    await fut
tornado.iostream.StreamClosedError: Stream is closed

During handling of the above exception, another exception occurred:

Traceback (most recent call last):
  File "E:\anaconda3\envs\drowsy\lib\site-packages\tornado\websocket.py", line 1115, in wrapper
    raise WebSocketClosedError()
tornado.websocket.WebSocketClosedError
2026-01-23 11:10:46,690 - ERROR - Task exception was never retrieved
future: <Task finished name='Task-130145' coro=<WebSocketProtocol13.write_message.<locals>.wrapper() done, defined at E:\anaconda3\envs\drowsy\lib\site-packages\tornado\websocket.py:1111> exception=WebSocketClosedError()>
Traceback (most recent call last):
  File "E:\anaconda3\envs\drowsy\lib\site-packages\tornado\websocket.py", line 1113, in wrapper
    await fut
tornado.iostream.StreamClosedError: Stream is closed

During handling of the above exception, another exception occurred:

Traceback (most recent call last):
  File "E:\anaconda3\envs\drowsy\lib\site-packages\tornado\websocket.py", line 1115, in wrapper
    raise WebSocketClosedError()
tornado.websocket.WebSocketClosedError
2026-01-23 11:10:46,690 - ERROR - Task exception was never retrieved
future: <Task finished name='Task-130148' coro=<WebSocketProtocol13.write_message.<locals>.wrapper() done, defined at E:\anaconda3\envs\drowsy\lib\site-packages\tornado\websocket.py:1111> exception=WebSocketClosedError()>
Traceback (most recent call last):
  File "E:\anaconda3\envs\drowsy\lib\site-packages\tornado\websocket.py", line 1113, in wrapper
    await fut
tornado.iostream.StreamClosedError: Stream is closed

During handling of the above exception, another exception occurred:

Traceback (most recent call last):
  File "E:\anaconda3\envs\drowsy\lib\site-packages\tornado\websocket.py", line 1115, in wrapper
    raise WebSocketClosedError()
tornado.websocket.WebSocketClosedError
2026-01-23 11:10:46,690 - ERROR - Task exception was never retrieved
future: <Task finished name='Task-130151' coro=<WebSocketProtocol13.write_message.<locals>.wrapper() done, defined at E:\anaconda3\envs\drowsy\lib\site-packages\tornado\websocket.py:1111> exception=WebSocketClosedError()>
Traceback (most recent call last):
  File "E:\anaconda3\envs\drowsy\lib\site-packages\tornado\websocket.py", line 1113, in wrapper
    await fut
tornado.iostream.StreamClosedError: Stream is closed

During handling of the above exception, another exception occurred:

Traceback (most recent call last):
  File "E:\anaconda3\envs\drowsy\lib\site-packages\tornado\websocket.py", line 1115, in wrapper
    raise WebSocketClosedError()
tornado.websocket.WebSocketClosedError
2026-01-23 11:10:46,690 - ERROR - Task exception was never retrieved
future: <Task finished name='Task-130154' coro=<WebSocketProtocol13.write_message.<locals>.wrapper() done, defined at E:\anaconda3\envs\drowsy\lib\site-packages\tornado\websocket.py:1111> exception=WebSocketClosedError()>
Traceback (most recent call last):
  File "E:\anaconda3\envs\drowsy\lib\site-packages\tornado\websocket.py", line 1113, in wrapper
    await fut
tornado.iostream.StreamClosedError: Stream is closed

During handling of the above exception, another exception occurred:

Traceback (most recent call last):
  File "E:\anaconda3\envs\drowsy\lib\site-packages\tornado\websocket.py", line 1115, in wrapper
    raise WebSocketClosedError()
tornado.websocket.WebSocketClosedError
2026-01-23 11:10:46,691 - ERROR - Task exception was never retrieved
future: <Task finished name='Task-130157' coro=<WebSocketProtocol13.write_message.<locals>.wrapper() done, defined at E:\anaconda3\envs\drowsy\lib\site-packages\tornado\websocket.py:1111> exception=WebSocketClosedError()>
Traceback (most recent call last):
  File "E:\anaconda3\envs\drowsy\lib\site-packages\tornado\websocket.py", line 1113, in wrapper
    await fut
tornado.iostream.StreamClosedError: Stream is closed

During handling of the above exception, another exception occurred:

Traceback (most recent call last):
  File "E:\anaconda3\envs\drowsy\lib\site-packages\tornado\websocket.py", line 1115, in wrapper
    raise WebSocketClosedError()
tornado.websocket.WebSocketClosedError
2026-01-23 11:10:46,691 - ERROR - Task exception was never retrieved
future: <Task finished name='Task-130160' coro=<WebSocketProtocol13.write_message.<locals>.wrapper() done, defined at E:\anaconda3\envs\drowsy\lib\site-packages\tornado\websocket.py:1111> exception=WebSocketClosedError()>
Traceback (most recent call last):
  File "E:\anaconda3\envs\drowsy\lib\site-packages\tornado\websocket.py", line 1113, in wrapper
    await fut
tornado.iostream.StreamClosedError: Stream is closed

During handling of the above exception, another exception occurred:

Traceback (most recent call last):
  File "E:\anaconda3\envs\drowsy\lib\site-packages\tornado\websocket.py", line 1115, in wrapper
    raise WebSocketClosedError()
tornado.websocket.WebSocketClosedError
2026-01-23 11:10:46,691 - ERROR - Task exception was never retrieved
future: <Task finished name='Task-130163' coro=<WebSocketProtocol13.write_message.<locals>.wrapper() done, defined at E:\anaconda3\envs\drowsy\lib\site-packages\tornado\websocket.py:1111> exception=WebSocketClosedError()>
Traceback (most recent call last):
  File "E:\anaconda3\envs\drowsy\lib\site-packages\tornado\websocket.py", line 1113, in wrapper
    await fut
tornado.iostream.StreamClosedError: Stream is closed

During handling of the above exception, another exception occurred:

Traceback (most recent call last):
  File "E:\anaconda3\envs\drowsy\lib\site-packages\tornado\websocket.py", line 1115, in wrapper
    raise WebSocketClosedError()
tornado.websocket.WebSocketClosedError
2026-01-23 11:10:46,691 - ERROR - Task exception was never retrieved
future: <Task finished name='Task-130166' coro=<WebSocketProtocol13.write_message.<locals>.wrapper() done, defined at E:\anaconda3\envs\drowsy\lib\site-packages\tornado\websocket.py:1111> exception=WebSocketClosedError()>
Traceback (most recent call last):
  File "E:\anaconda3\envs\drowsy\lib\site-packages\tornado\websocket.py", line 1113, in wrapper
    await fut
tornado.iostream.StreamClosedError: Stream is closed

During handling of the above exception, another exception occurred:

Traceback (most recent call last):
  File "E:\anaconda3\envs\drowsy\lib\site-packages\tornado\websocket.py", line 1115, in wrapper
    raise WebSocketClosedError()
tornado.websocket.WebSocketClosedError
2026-01-23 11:10:46,691 - ERROR - Task exception was never retrieved
future: <Task finished name='Task-130169' coro=<WebSocketProtocol13.write_message.<locals>.wrapper() done, defined at E:\anaconda3\envs\drowsy\lib\site-packages\tornado\websocket.py:1111> exception=WebSocketClosedError()>
Traceback (most recent call last):
  File "E:\anaconda3\envs\drowsy\lib\site-packages\tornado\websocket.py", line 1113, in wrapper
    await fut
tornado.iostream.StreamClosedError: Stream is closed

During handling of the above exception, another exception occurred:

Traceback (most recent call last):
  File "E:\anaconda3\envs\drowsy\lib\site-packages\tornado\websocket.py", line 1115, in wrapper
    raise WebSocketClosedError()
tornado.websocket.WebSocketClosedError
2026-01-23 11:10:46,691 - ERROR - Task exception was never retrieved
future: <Task finished name='Task-130172' coro=<WebSocketProtocol13.write_message.<locals>.wrapper() done, defined at E:\anaconda3\envs\drowsy\lib\site-packages\tornado\websocket.py:1111> exception=WebSocketClosedError()>
Traceback (most recent call last):
  File "E:\anaconda3\envs\drowsy\lib\site-packages\tornado\websocket.py", line 1113, in wrapper
    await fut
tornado.iostream.StreamClosedError: Stream is closed

During handling of the above exception, another exception occurred:

Traceback (most recent call last):
  File "E:\anaconda3\envs\drowsy\lib\site-packages\tornado\websocket.py", line 1115, in wrapper
    raise WebSocketClosedError()
tornado.websocket.WebSocketClosedError
2026-01-23 11:10:46,692 - ERROR - Task exception was never retrieved
future: <Task finished name='Task-130175' coro=<WebSocketProtocol13.write_message.<locals>.wrapper() done, defined at E:\anaconda3\envs\drowsy\lib\site-packages\tornado\websocket.py:1111> exception=WebSocketClosedError()>
Traceback (most recent call last):
  File "E:\anaconda3\envs\drowsy\lib\site-packages\tornado\websocket.py", line 1113, in wrapper
    await fut
tornado.iostream.StreamClosedError: Stream is closed

During handling of the above exception, another exception occurred:

Traceback (most recent call last):
  File "E:\anaconda3\envs\drowsy\lib\site-packages\tornado\websocket.py", line 1115, in wrapper
    raise WebSocketClosedError()
tornado.websocket.WebSocketClosedError
2026-01-23 11:10:46,692 - ERROR - Task exception was never retrieved
future: <Task finished name='Task-130178' coro=<WebSocketProtocol13.write_message.<locals>.wrapper() done, defined at E:\anaconda3\envs\drowsy\lib\site-packages\tornado\websocket.py:1111> exception=WebSocketClosedError()>
Traceback (most recent call last):
  File "E:\anaconda3\envs\drowsy\lib\site-packages\tornado\websocket.py", line 1113, in wrapper
    await fut
tornado.iostream.StreamClosedError: Stream is closed

During handling of the above exception, another exception occurred:

Traceback (most recent call last):
  File "E:\anaconda3\envs\drowsy\lib\site-packages\tornado\websocket.py", line 1115, in wrapper
    raise WebSocketClosedError()
tornado.websocket.WebSocketClosedError
2026-01-23 11:10:46,692 - ERROR - Task exception was never retrieved
future: <Task finished name='Task-130181' coro=<WebSocketProtocol13.write_message.<locals>.wrapper() done, defined at E:\anaconda3\envs\drowsy\lib\site-packages\tornado\websocket.py:1111> exception=WebSocketClosedError()>
Traceback (most recent call last):
  File "E:\anaconda3\envs\drowsy\lib\site-packages\tornado\websocket.py", line 1113, in wrapper
    await fut
tornado.iostream.StreamClosedError: Stream is closed

During handling of the above exception, another exception occurred:

Traceback (most recent call last):
  File "E:\anaconda3\envs\drowsy\lib\site-packages\tornado\websocket.py", line 1115, in wrapper
    raise WebSocketClosedError()
tornado.websocket.WebSocketClosedError
2026-01-23 11:10:46,692 - ERROR - Task exception was never retrieved
future: <Task finished name='Task-130184' coro=<WebSocketProtocol13.write_message.<locals>.wrapper() done, defined at E:\anaconda3\envs\drowsy\lib\site-packages\tornado\websocket.py:1111> exception=WebSocketClosedError()>
Traceback (most recent call last):
  File "E:\anaconda3\envs\drowsy\lib\site-packages\tornado\websocket.py", line 1113, in wrapper
    await fut
tornado.iostream.StreamClosedError: Stream is closed

During handling of the above exception, another exception occurred:

Traceback (most recent call last):
  File "E:\anaconda3\envs\drowsy\lib\site-packages\tornado\websocket.py", line 1115, in wrapper
    raise WebSocketClosedError()
tornado.websocket.WebSocketClosedError
2026-01-23 11:10:46,692 - ERROR - Task exception was never retrieved
future: <Task finished name='Task-130187' coro=<WebSocketProtocol13.write_message.<locals>.wrapper() done, defined at E:\anaconda3\envs\drowsy\lib\site-packages\tornado\websocket.py:1111> exception=WebSocketClosedError()>
Traceback (most recent call last):
  File "E:\anaconda3\envs\drowsy\lib\site-packages\tornado\websocket.py", line 1113, in wrapper
    await fut
tornado.iostream.StreamClosedError: Stream is closed

During handling of the above exception, another exception occurred:

Traceback (most recent call last):
  File "E:\anaconda3\envs\drowsy\lib\site-packages\tornado\websocket.py", line 1115, in wrapper
    raise WebSocketClosedError()
tornado.websocket.WebSocketClosedError
2026-01-23 11:10:46,692 - ERROR - Task exception was never retrieved
future: <Task finished name='Task-130190' coro=<WebSocketProtocol13.write_message.<locals>.wrapper() done, defined at E:\anaconda3\envs\drowsy\lib\site-packages\tornado\websocket.py:1111> exception=WebSocketClosedError()>
Traceback (most recent call last):
  File "E:\anaconda3\envs\drowsy\lib\site-packages\tornado\websocket.py", line 1113, in wrapper
    await fut
tornado.iostream.StreamClosedError: Stream is closed

During handling of the above exception, another exception occurred:

Traceback (most recent call last):
  File "E:\anaconda3\envs\drowsy\lib\site-packages\tornado\websocket.py", line 1115, in wrapper
    raise WebSocketClosedError()
tornado.websocket.WebSocketClosedError
2026-01-23 11:10:46,692 - ERROR - Task exception was never retrieved
future: <Task finished name='Task-130193' coro=<WebSocketProtocol13.write_message.<locals>.wrapper() done, defined at E:\anaconda3\envs\drowsy\lib\site-packages\tornado\websocket.py:1111> exception=WebSocketClosedError()>
Traceback (most recent call last):
  File "E:\anaconda3\envs\drowsy\lib\site-packages\tornado\websocket.py", line 1113, in wrapper
    await fut
tornado.iostream.StreamClosedError: Stream is closed

During handling of the above exception, another exception occurred:

Traceback (most recent call last):
  File "E:\anaconda3\envs\drowsy\lib\site-packages\tornado\websocket.py", line 1115, in wrapper
    raise WebSocketClosedError()
tornado.websocket.WebSocketClosedError
2026-01-23 11:10:46,693 - ERROR - Task exception was never retrieved
future: <Task finished name='Task-130196' coro=<WebSocketProtocol13.write_message.<locals>.wrapper() done, defined at E:\anaconda3\envs\drowsy\lib\site-packages\tornado\websocket.py:1111> exception=WebSocketClosedError()>
Traceback (most recent call last):
  File "E:\anaconda3\envs\drowsy\lib\site-packages\tornado\websocket.py", line 1113, in wrapper
    await fut
tornado.iostream.StreamClosedError: Stream is closed

During handling of the above exception, another exception occurred:

Traceback (most recent call last):
  File "E:\anaconda3\envs\drowsy\lib\site-packages\tornado\websocket.py", line 1115, in wrapper
    raise WebSocketClosedError()
tornado.websocket.WebSocketClosedError
2026-01-23 11:10:46,693 - ERROR - Task exception was never retrieved
future: <Task finished name='Task-130199' coro=<WebSocketProtocol13.write_message.<locals>.wrapper() done, defined at E:\anaconda3\envs\drowsy\lib\site-packages\tornado\websocket.py:1111> exception=WebSocketClosedError()>
Traceback (most recent call last):
  File "E:\anaconda3\envs\drowsy\lib\site-packages\tornado\websocket.py", line 1113, in wrapper
    await fut
tornado.iostream.StreamClosedError: Stream is closed

During handling of the above exception, another exception occurred:

Traceback (most recent call last):
  File "E:\anaconda3\envs\drowsy\lib\site-packages\tornado\websocket.py", line 1115, in wrapper
    raise WebSocketClosedError()
tornado.websocket.WebSocketClosedError
2026-01-23 11:10:46,693 - ERROR - Task exception was never retrieved
future: <Task finished name='Task-130202' coro=<WebSocketProtocol13.write_message.<locals>.wrapper() done, defined at E:\anaconda3\envs\drowsy\lib\site-packages\tornado\websocket.py:1111> exception=WebSocketClosedError()>
Traceback (most recent call last):
  File "E:\anaconda3\envs\drowsy\lib\site-packages\tornado\websocket.py", line 1113, in wrapper
    await fut
tornado.iostream.StreamClosedError: Stream is closed

During handling of the above exception, another exception occurred:

Traceback (most recent call last):
  File "E:\anaconda3\envs\drowsy\lib\site-packages\tornado\websocket.py", line 1115, in wrapper
    raise WebSocketClosedError()
tornado.websocket.WebSocketClosedError
2026-01-23 11:10:46,693 - ERROR - Task exception was never retrieved
future: <Task finished name='Task-130205' coro=<WebSocketProtocol13.write_message.<locals>.wrapper() done, defined at E:\anaconda3\envs\drowsy\lib\site-packages\tornado\websocket.py:1111> exception=WebSocketClosedError()>
Traceback (most recent call last):
  File "E:\anaconda3\envs\drowsy\lib\site-packages\tornado\websocket.py", line 1113, in wrapper
    await fut
tornado.iostream.StreamClosedError: Stream is closed

During handling of the above exception, another exception occurred:

Traceback (most recent call last):
  File "E:\anaconda3\envs\drowsy\lib\site-packages\tornado\websocket.py", line 1115, in wrapper
    raise WebSocketClosedError()
tornado.websocket.WebSocketClosedError
2026-01-23 11:10:46,693 - ERROR - Task exception was never retrieved
future: <Task finished name='Task-130208' coro=<WebSocketProtocol13.write_message.<locals>.wrapper() done, defined at E:\anaconda3\envs\drowsy\lib\site-packages\tornado\websocket.py:1111> exception=WebSocketClosedError()>
Traceback (most recent call last):
  File "E:\anaconda3\envs\drowsy\lib\site-packages\tornado\websocket.py", line 1113, in wrapper
    await fut
tornado.iostream.StreamClosedError: Stream is closed

During handling of the above exception, another exception occurred:

Traceback (most recent call last):
  File "E:\anaconda3\envs\drowsy\lib\site-packages\tornado\websocket.py", line 1115, in wrapper
    raise WebSocketClosedError()
tornado.websocket.WebSocketClosedError
2026-01-23 11:10:46,694 - ERROR - Task exception was never retrieved
future: <Task finished name='Task-130211' coro=<WebSocketProtocol13.write_message.<locals>.wrapper() done, defined at E:\anaconda3\envs\drowsy\lib\site-packages\tornado\websocket.py:1111> exception=WebSocketClosedError()>
Traceback (most recent call last):
  File "E:\anaconda3\envs\drowsy\lib\site-packages\tornado\websocket.py", line 1113, in wrapper
    await fut
tornado.iostream.StreamClosedError: Stream is closed

During handling of the above exception, another exception occurred:

Traceback (most recent call last):
  File "E:\anaconda3\envs\drowsy\lib\site-packages\tornado\websocket.py", line 1115, in wrapper
    raise WebSocketClosedError()
tornado.websocket.WebSocketClosedError
2026-01-23 11:10:46,694 - ERROR - Task exception was never retrieved
future: <Task finished name='Task-130214' coro=<WebSocketProtocol13.write_message.<locals>.wrapper() done, defined at E:\anaconda3\envs\drowsy\lib\site-packages\tornado\websocket.py:1111> exception=WebSocketClosedError()>
Traceback (most recent call last):
  File "E:\anaconda3\envs\drowsy\lib\site-packages\tornado\websocket.py", line 1113, in wrapper
    await fut
tornado.iostream.StreamClosedError: Stream is closed

During handling of the above exception, another exception occurred:

Traceback (most recent call last):
  File "E:\anaconda3\envs\drowsy\lib\site-packages\tornado\websocket.py", line 1115, in wrapper
    raise WebSocketClosedError()
tornado.websocket.WebSocketClosedError
2026-01-23 11:10:46,694 - ERROR - Task exception was never retrieved
future: <Task finished name='Task-130217' coro=<WebSocketProtocol13.write_message.<locals>.wrapper() done, defined at E:\anaconda3\envs\drowsy\lib\site-packages\tornado\websocket.py:1111> exception=WebSocketClosedError()>
Traceback (most recent call last):
  File "E:\anaconda3\envs\drowsy\lib\site-packages\tornado\websocket.py", line 1113, in wrapper
    await fut
tornado.iostream.StreamClosedError: Stream is closed

During handling of the above exception, another exception occurred:

Traceback (most recent call last):
  File "E:\anaconda3\envs\drowsy\lib\site-packages\tornado\websocket.py", line 1115, in wrapper
    raise WebSocketClosedError()
tornado.websocket.WebSocketClosedError
2026-01-23 11:10:46,694 - ERROR - Task exception was never retrieved
future: <Task finished name='Task-130220' coro=<WebSocketProtocol13.write_message.<locals>.wrapper() done, defined at E:\anaconda3\envs\drowsy\lib\site-packages\tornado\websocket.py:1111> exception=WebSocketClosedError()>
Traceback (most recent call last):
  File "E:\anaconda3\envs\drowsy\lib\site-packages\tornado\websocket.py", line 1113, in wrapper
    await fut
tornado.iostream.StreamClosedError: Stream is closed

During handling of the above exception, another exception occurred:

Traceback (most recent call last):
  File "E:\anaconda3\envs\drowsy\lib\site-packages\tornado\websocket.py", line 1115, in wrapper
    raise WebSocketClosedError()
tornado.websocket.WebSocketClosedError
2026-01-23 11:10:46,694 - ERROR - Task exception was never retrieved
future: <Task finished name='Task-130223' coro=<WebSocketProtocol13.write_message.<locals>.wrapper() done, defined at E:\anaconda3\envs\drowsy\lib\site-packages\tornado\websocket.py:1111> exception=WebSocketClosedError()>
Traceback (most recent call last):
  File "E:\anaconda3\envs\drowsy\lib\site-packages\tornado\websocket.py", line 1113, in wrapper
    await fut
tornado.iostream.StreamClosedError: Stream is closed

During handling of the above exception, another exception occurred:

Traceback (most recent call last):
  File "E:\anaconda3\envs\drowsy\lib\site-packages\tornado\websocket.py", line 1115, in wrapper
    raise WebSocketClosedError()
tornado.websocket.WebSocketClosedError
2026-01-23 11:10:46,694 - ERROR - Task exception was never retrieved
future: <Task finished name='Task-130226' coro=<WebSocketProtocol13.write_message.<locals>.wrapper() done, defined at E:\anaconda3\envs\drowsy\lib\site-packages\tornado\websocket.py:1111> exception=WebSocketClosedError()>
Traceback (most recent call last):
  File "E:\anaconda3\envs\drowsy\lib\site-packages\tornado\websocket.py", line 1113, in wrapper
    await fut
tornado.iostream.StreamClosedError: Stream is closed

During handling of the above exception, another exception occurred:

Traceback (most recent call last):
  File "E:\anaconda3\envs\drowsy\lib\site-packages\tornado\websocket.py", line 1115, in wrapper
    raise WebSocketClosedError()
tornado.websocket.WebSocketClosedError
2026-01-23 11:10:46,695 - ERROR - Task exception was never retrieved
future: <Task finished name='Task-130229' coro=<WebSocketProtocol13.write_message.<locals>.wrapper() done, defined at E:\anaconda3\envs\drowsy\lib\site-packages\tornado\websocket.py:1111> exception=WebSocketClosedError()>
Traceback (most recent call last):
  File "E:\anaconda3\envs\drowsy\lib\site-packages\tornado\websocket.py", line 1113, in wrapper
    await fut
tornado.iostream.StreamClosedError: Stream is closed

During handling of the above exception, another exception occurred:

Traceback (most recent call last):
  File "E:\anaconda3\envs\drowsy\lib\site-packages\tornado\websocket.py", line 1115, in wrapper
    raise WebSocketClosedError()
tornado.websocket.WebSocketClosedError
2026-01-23 11:10:46,695 - ERROR - Task exception was never retrieved
future: <Task finished name='Task-130232' coro=<WebSocketProtocol13.write_message.<locals>.wrapper() done, defined at E:\anaconda3\envs\drowsy\lib\site-packages\tornado\websocket.py:1111> exception=WebSocketClosedError()>
Traceback (most recent call last):
  File "E:\anaconda3\envs\drowsy\lib\site-packages\tornado\websocket.py", line 1113, in wrapper
    await fut
tornado.iostream.StreamClosedError: Stream is closed

During handling of the above exception, another exception occurred:

Traceback (most recent call last):
  File "E:\anaconda3\envs\drowsy\lib\site-packages\tornado\websocket.py", line 1115, in wrapper
    raise WebSocketClosedError()
tornado.websocket.WebSocketClosedError
2026-01-23 11:38:09,189 - INFO - Voice alert: Be focused on the road. (Attention: 74%)
2026-01-23 11:38:24,897 - INFO - Voice alert: Be focused on the road. (Attention: 73%)
2026-01-23 11:39:29,519 - WARNING - Alert L2: DROWSINESS DETECTED, Att: 66
2026-01-23 11:40:32,041 - INFO - Voice alert: Be focused on the road. (Attention: 74%)
2026-01-23 11:40:43,029 - WARNING - Alert L2: DROWSINESS DETECTED, Att: 68
2026-01-23 11:41:04,932 - INFO - Voice alert: Be more focused. If you feel sleepy, please park the car outside the road and take rest. (Attention: 48%)
2026-01-23 11:41:59,267 - INFO - Voice alert: Be more focused. If you feel sleepy, please park the car outside the road and take rest. (Attention: 48%)
2026-01-23 11:42:02,428 - WARNING - Alert L2: DROWSINESS DETECTED, Att: 42
2026-01-23 11:42:25,428 - INFO - Voice alert: Be more focused. If you feel sleepy, please park the car outside the road and take rest. (Attention: 48%)
2026-01-23 11:42:35,767 - WARNING - Alert L2: DROWSINESS DETECTED, Att: 45
2026-01-23 11:43:13,224 - WARNING - Alert L2: DROWSINESS DETECTED, Att: 55
2026-01-23 11:44:41,423 - INFO - Voice alert: Be focused on the road. (Attention: 74%)
2026-01-23 11:44:46,168 - WARNING - Alert L2: DROWSINESS DETECTED, Att: 68
2026-01-23 11:45:41,001 - WARNING - Alert L2: DROWSINESS DETECTED, Att: 61
2026-01-23 11:45:48,666 - INFO - Voice alert: Be more focused. If you feel sleepy, please park the car outside the road and take rest. (Attention: 49%)
2026-01-23 11:46:31,607 - WARNING - Alert L2: DROWSINESS DETECTED, Att: 59
2026-01-23 11:46:42,784 - INFO - Voice alert: Be more focused. If you feel sleepy, please park the car outside the road and take rest. (Attention: 49%)
2026-01-23 11:47:01,683 - WARNING - Alert L2: DROWSINESS DETECTED, Att: 64
2026-01-23 11:47:08,193 - INFO - Voice alert: Be more focused. If you feel sleepy, please park the car outside the road and take rest. (Attention: 48%)
2026-01-23 11:47:42,395 - WARNING - Alert L2: DROWSINESS DETECTED, Att: 69
2026-01-23 11:48:13,585 - WARNING - Alert L2: DROWSINESS DETECTED, Att: 76
2026-01-23 11:48:14,351 - INFO - Voice alert: Be focused on the road. (Attention: 73%)
2026-01-23 11:48:48,255 - WARNING - Alert L2: DROWSINESS DETECTED, Att: 66
2026-01-23 11:49:25,542 - WARNING - Alert L2: DROWSINESS DETECTED, Att: 61
2026-01-23 11:49:57,413 - INFO - Voice alert: Be focused on the road. (Attention: 74%)
2026-01-23 11:50:02,663 - WARNING - Alert L2: DROWSINESS DETECTED, Att: 73
2026-01-23 11:50:46,752 - INFO - Voice alert: Be more focused. If you feel sleepy, please park the car outside the road and take rest. (Attention: 49%)
2026-01-23 11:51:01,198 - WARNING - Alert L2: DROWSINESS DETECTED, Att: 37
2026-01-23 11:52:00,186 - WARNING - Alert L2: DROWSINESS DETECTED, Att: 36
2026-01-23 11:52:48,954 - WARNING - Alert L2: DROWSINESS DETECTED, Att: 39
2026-01-23 11:53:15,554 - INFO - Voice alert: Be more focused. If you feel sleepy, please park the car outside the road and take rest. (Attention: 49%)
2026-01-23 11:53:52,639 - WARNING - Alert L2: DROWSINESS DETECTED, Att: 30
2026-01-23 11:54:26,976 - WARNING - Alert L2: DROWSINESS DETECTED, Att: 62
2026-01-23 11:54:53,392 - INFO - Voice alert: Be more focused. If you feel sleepy, please park the car outside the road and take rest. (Attention: 49%)
2026-01-23 11:54:57,994 - WARNING - Alert L2: DROWSINESS DETECTED, Att: 47
2026-01-23 11:55:11,103 - INFO - Voice alert: Be more focused. If you feel sleepy, please park the car outside the road and take rest. (Attention: 49%)
2026-01-23 11:55:36,342 - WARNING - Alert L2: DROWSINESS DETECTED, Att: 58
2026-01-23 11:56:15,105 - WARNING - Alert L2: DROWSINESS DETECTED, Att: 64
2026-01-23 11:56:27,342 - INFO - Voice alert: Be more focused. If you feel sleepy, please park the car outside the road and take rest. (Attention: 49%)
2026-01-23 11:56:46,519 - INFO - Voice alert: Be more focused. If you feel sleepy, please park the car outside the road and take rest. (Attention: 49%)
2026-01-23 11:56:58,720 - WARNING - Alert L2: DROWSINESS DETECTED, Att: 63
2026-01-23 11:57:35,531 - WARNING - Alert L2: DROWSINESS DETECTED, Att: 72
2026-01-23 11:58:19,531 - WARNING - Alert L2: DROWSINESS DETECTED, Att: 59
2026-01-23 11:58:51,599 - WARNING - Alert L2: DROWSINESS DETECTED, Att: 71
2026-01-23 11:59:10,025 - INFO - Voice alert: Be focused on the road. (Attention: 74%)
2026-01-23 11:59:30,779 - WARNING - Alert L2: DROWSINESS DETECTED, Att: 62
2026-01-23 12:00:30,398 - INFO - Voice alert: Be focused on the road. (Attention: 74%)
2026-01-23 12:00:36,852 - WARNING - Alert L2: DROWSINESS DETECTED, Att: 63
2026-01-23 12:00:50,398 - INFO - Voice alert: Be focused on the road. (Attention: 74%)
2026-01-23 12:01:31,126 - WARNING - Alert L2: DROWSINESS DETECTED, Att: 51
2026-01-23 12:02:52,727 - WARNING - Alert L2: DROWSINESS DETECTED, Att: 65
2026-01-23 12:03:02,636 - INFO - Voice alert: Be more focused. If you feel sleepy, please park the car outside the road and take rest. (Attention: 48%)
2026-01-23 12:03:26,581 - WARNING - Alert L2: DROWSINESS DETECTED, Att: 58
2026-01-23 12:03:56,441 - INFO - Voice alert: Be more focused. If you feel sleepy, please park the car outside the road and take rest. (Attention: 49%)
2026-01-23 12:04:05,835 - WARNING - Alert L2: DROWSINESS DETECTED, Att: 55
2026-01-23 12:04:50,641 - WARNING - Alert L2: DROWSINESS DETECTED, Att: 60
2026-01-23 12:05:24,998 - WARNING - Alert L2: DROWSINESS DETECTED, Att: 63
2026-01-23 12:05:40,190 - INFO - Voice alert: Be focused on the road. (Attention: 74%)
2026-01-23 12:05:55,429 - WARNING - Alert L2: DROWSINESS DETECTED, Att: 37
2026-01-23 12:06:57,659 - INFO - Voice alert: Be more focused. If you feel sleepy, please park the car outside the road and take rest. (Attention: 49%)
2026-01-23 12:08:10,289 - WARNING - Alert L2: DROWSINESS DETECTED, Att: 40
2026-01-23 12:08:34,273 - INFO - Voice alert: Be more focused. If you feel sleepy, please park the car outside the road and take rest. (Attention: 49%)
2026-01-23 12:08:46,124 - WARNING - Alert L2: DROWSINESS DETECTED, Att: 51
2026-01-23 12:10:11,965 - INFO - Voice alert: Be more focused. If you feel sleepy, please park the car outside the road and take rest. (Attention: 49%)
2026-01-23 12:10:39,786 - WARNING - Alert L2: DROWSINESS DETECTED, Att: 39
2026-01-23 12:11:01,517 - INFO - Voice alert: Be more focused. If you feel sleepy, please park the car outside the road and take rest. (Attention: 49%)
2026-01-23 12:11:10,691 - WARNING - Alert L2: DROWSINESS DETECTED, Att: 44
2026-01-23 12:11:42,557 - INFO - Voice alert: Be more focused. If you feel sleepy, please park the car outside the road and take rest. (Attention: 49%)
2026-01-23 12:12:03,702 - WARNING - Alert L2: DROWSINESS DETECTED, Att: 58
2026-01-23 12:12:52,394 - WARNING - Alert L2: DROWSINESS DETECTED, Att: 55
2026-01-23 12:12:57,178 - INFO - Voice alert: Be more focused. If you feel sleepy, please park the car outside the road and take rest. (Attention: 49%)
2026-01-23 12:13:23,922 - WARNING - Alert L2: DROWSINESS DETECTED, Att: 32
2026-01-23 12:14:36,785 - WARNING - Alert L2: DROWSINESS DETECTED, Att: 67
2026-01-23 12:15:43,826 - INFO - Voice alert: Be more focused. If you feel sleepy, please park the car outside the road and take rest. (Attention: 49%)
2026-01-23 12:15:49,776 - WARNING - Alert L2: DROWSINESS DETECTED, Att: 41
2026-01-23 12:16:38,877 - WARNING - Alert L2: DROWSINESS DETECTED, Att: 52
2026-01-23 12:17:34,588 - WARNING - Alert L2: DROWSINESS DETECTED, Att: 63
2026-01-23 12:18:20,600 - WARNING - Alert L2: DROWSINESS DETECTED, Att: 67
2026-01-23 12:18:28,617 - INFO - Voice alert: Be more focused. If you feel sleepy, please park the car outside the road and take rest. (Attention: 49%)
2026-01-23 12:19:22,075 - WARNING - Alert L2: DROWSINESS DETECTED, Att: 55
2026-01-23 12:24:24,931 - WARNING - Alert L2: DROWSINESS DETECTED, Att: 76
2026-01-23 12:24:28,447 - INFO - Voice alert: Be focused on the road. (Attention: 74%)
2026-01-23 12:25:09,577 - WARNING - Alert L2: DROWSINESS DETECTED, Att: 66
2026-01-23 12:25:37,542 - INFO - Voice alert: Be more focused. If you feel sleepy, please park the car outside the road and take rest. (Attention: 49%)
2026-01-23 12:26:02,179 - WARNING - Alert L2: DROWSINESS DETECTED, Att: 43
2026-01-23 12:43:48,283 - INFO - Voice alert: Be more focused. If you feel sleepy, please park the car outside the road and take rest. (Attention: 48%)
2026-01-23 12:44:03,271 - WARNING - Alert L2: DROWSINESS DETECTED, Att: 31
2026-01-23 12:44:51,563 - INFO - Voice alert: Be more focused. If you feel sleepy, please park the car outside the road and take rest. (Attention: 48%)
2026-01-23 12:44:56,987 - WARNING - Alert L2: DROWSINESS DETECTED, Att: 55
2026-01-23 12:46:03,425 - INFO - Voice alert: Be more focused. If you feel sleepy, please park the car outside the road and take rest. (Attention: 49%)
2026-01-23 12:46:16,011 - WARNING - Alert L2: DROWSINESS DETECTED, Att: 42
2026-01-23 12:47:07,112 - INFO - Voice alert: Be focused on the road. (Attention: 74%)
2026-01-23 12:47:50,013 - WARNING - Alert L2: DROWSINESS DETECTED, Att: 68
2026-01-23 12:48:25,077 - INFO - Voice alert: Be focused on the road. (Attention: 74%)
2026-01-23 12:48:28,682 - WARNING - Alert L2: DROWSINESS DETECTED, Att: 73
2026-01-23 12:49:16,183 - INFO - Voice alert: Be focused on the road. (Attention: 74%)
2026-01-23 12:49:38,972 - WARNING - Alert L2: DROWSINESS DETECTED, Att: 60
2026-01-23 12:49:57,017 - INFO - Voice alert: Be more focused. If you feel sleepy, please park the car outside the road and take rest. (Attention: 49%)
2026-01-23 12:50:32,302 - WARNING - Alert L2: DROWSINESS DETECTED, Att: 27
2026-01-23 12:51:03,630 - INFO - Voice alert: Be focused on the road. (Attention: 73%)
2026-01-23 12:52:43,352 - INFO - Voice alert: Be focused on the road. (Attention: 73%)
2026-01-23 12:53:20,093 - WARNING - Alert L2: DROWSINESS DETECTED, Att: 78
2026-01-23 12:53:32,434 - INFO - Voice alert: Be focused on the road. (Attention: 74%)
2026-01-23 12:54:11,482 - WARNING - Alert L2: DROWSINESS DETECTED, Att: 75
2026-01-23 12:54:12,613 - INFO - Voice alert: Be focused on the road. (Attention: 74%)
2026-01-23 12:54:57,567 - INFO - Voice alert: Be focused on the road. (Attention: 74%)
2026-01-23 12:54:58,025 - WARNING - Alert L2: DROWSINESS DETECTED, Att: 73
2026-01-23 12:57:47,430 - INFO - Voice alert: Be focused on the road. (Attention: 74%)
2026-01-23 12:58:09,097 - WARNING - Alert L2: DROWSINESS DETECTED, Att: 78
2026-01-23 12:58:45,049 - INFO - Voice alert: Be focused on the road. (Attention: 74%)
2026-01-23 12:59:14,327 - WARNING - Alert L2: DROWSINESS DETECTED, Att: 76
2026-01-23 12:59:20,344 - INFO - Voice alert: Be focused on the road. (Attention: 74%)
2026-01-23 12:59:42,544 - INFO - Voice alert: Be focused on the road. (Attention: 74%)
2026-01-23 12:59:57,873 - INFO - Voice alert: Be focused on the road. (Attention: 74%)
2026-01-23 13:00:06,911 - WARNING - Alert L2: DROWSINESS DETECTED, Att: 67
2026-01-23 13:00:28,174 - INFO - Voice alert: Be focused on the road. (Attention: 74%)
2026-01-23 13:00:47,383 - INFO - Voice alert: Be focused on the road. (Attention: 74%)
2026-01-23 13:01:32,941 - WARNING - Alert L2: DROWSINESS DETECTED, Att: 80
2026-01-23 13:01:53,091 - INFO - Voice alert: Be focused on the road. (Attention: 74%)
2026-01-23 13:02:16,959 - WARNING - Alert L2: DROWSINESS DETECTED, Att: 65
2026-01-23 13:07:29,415 - INFO - Voice alert: Be focused on the road. (Attention: 74%)
2026-01-23 13:13:25,447 - WARNING - Alert L2: DROWSINESS DETECTED, Att: 69
2026-01-23 13:20:57,491 - WARNING - Alert L2: DROWSINESS DETECTED, Att: 61
2026-01-23 13:22:24,077 - WARNING - Alert L2: DROWSINESS DETECTED, Att: 67
2026-01-23 13:22:53,638 - INFO - Voice alert: Be focused on the road. (Attention: 74%)
2026-01-23 13:23:12,091 - INFO - Voice alert: Be focused on the road. (Attention: 74%)
2026-01-23 13:23:14,039 - WARNING - Alert L2: DROWSINESS DETECTED, Att: 73
2026-01-23 13:23:56,197 - WARNING - Alert L2: DROWSINESS DETECTED, Att: 66
2026-01-23 13:27:15,803 - INFO - Voice alert: Be focused on the road. (Attention: 73%)
2026-01-23 13:28:00,643 - INFO - Voice alert: Be focused on the road. (Attention: 74%)
2026-01-23 13:28:14,579 - WARNING - Alert L2: DROWSINESS DETECTED, Att: 79
2026-01-23 13:28:25,115 - INFO - Voice alert: Be focused on the road. (Attention: 74%)
2026-01-23 13:29:43,283 - INFO - Voice alert: Be focused on the road. (Attention: 74%)
2026-01-23 13:30:43,380 - INFO - Voice alert: Be focused on the road. (Attention: 74%)
2026-01-23 13:31:00,023 - WARNING - Alert L2: DROWSINESS DETECTED, Att: 47
2026-01-23 13:31:49,230 - WARNING - Alert L2: DROWSINESS DETECTED, Att: 76
2026-01-23 13:32:00,774 - INFO - Voice alert: Be focused on the road. (Attention: 74%)
2026-01-23 13:34:02,368 - INFO - Voice alert: Be more focused. If you feel sleepy, please park the car outside the road and take rest. (Attention: 49%)
2026-01-23 13:35:56,931 - WARNING - Alert L2: DROWSINESS DETECTED, Att: 46
2026-01-23 13:37:08,476 - INFO - Voice alert: Be more focused. If you feel sleepy, please park the car outside the road and take rest. (Attention: 41%)
2026-01-23 13:37:35,356 - WARNING - Alert L2: DROWSINESS DETECTED, Att: 68
2026-01-23 13:38:08,694 - WARNING - Alert L2: DROWSINESS DETECTED, Att: 67
2026-01-23 13:38:34,976 - INFO - Voice alert: Be more focused. If you feel sleepy, please park the car outside the road and take rest. (Attention: 49%)
2026-01-23 13:38:41,378 - WARNING - Alert L2: DROWSINESS DETECTED, Att: 57
2026-01-23 13:39:05,864 - WARNING - Alert L2: DROWSINESS DETECTED, Att: 68
2026-01-23 13:39:31,776 - WARNING - Alert L2: DROWSINESS DETECTED, Att: 63
2026-01-23 13:39:46,463 - INFO - Voice alert: Be more focused. If you feel sleepy, please park the car outside the road and take rest. (Attention: 49%)
2026-01-23 13:39:56,814 - WARNING - Alert L2: DROWSINESS DETECTED, Att: 37
2026-01-23 13:57:14,328 - INFO - Voice alert: Be focused on the road. (Attention: 74%)
2026-01-23 13:57:57,578 - INFO - Voice alert: Be more focused. If you feel sleepy, please park the car outside the road and take rest. (Attention: 49%)
2026-01-23 13:58:13,091 - WARNING - Alert L2: DROWSINESS DETECTED, Att: 56
2026-01-23 14:02:29,776 - WARNING - Alert L2: DROWSINESS DETECTED, Att: 62
2026-01-23 14:03:01,315 - INFO - Voice alert: Be more focused. If you feel sleepy, please park the car outside the road and take rest. (Attention: 49%)
2026-01-23 14:03:43,759 - INFO - Voice alert: Be focused on the road. (Attention: 60%)
2026-01-23 14:04:04,147 - INFO - Voice alert: Be focused on the road. (Attention: 74%)
2026-01-23 14:06:34,463 - WARNING - Alert L2: DROWSINESS DETECTED, Att: 76
2026-01-23 14:07:01,312 - WARNING - Alert L2: DROWSINESS DETECTED, Att: 79
2026-01-23 14:07:05,456 - INFO - Voice alert: Be focused on the road. (Attention: 74%)
2026-01-23 14:07:41,080 - WARNING - Alert L2: DROWSINESS DETECTED, Att: 77
2026-01-23 14:07:41,875 - INFO - Voice alert: Be focused on the road. (Attention: 74%)
2026-01-23 14:08:37,202 - INFO - Voice alert: Be focused on the road. (Attention: 74%)
2026-01-23 14:10:10,719 - INFO - Voice alert: Be more focused. If you feel sleepy, please park the car outside the road and take rest. (Attention: 48%)
2026-01-23 14:10:26,193 - INFO - Voice alert: Be focused on the road. (Attention: 74%)
2026-01-23 14:10:55,429 - WARNING - Alert L2: DROWSINESS DETECTED, Att: 54
2026-01-23 14:12:45,393 - INFO - Voice alert: Be more focused. If you feel sleepy, please park the car outside the road and take rest. (Attention: 49%)
2026-01-23 14:13:15,199 - INFO - Voice alert: Be focused on the road. (Attention: 73%)
2026-01-23 14:13:35,800 - INFO - Voice alert: Be more focused. If you feel sleepy, please park the car outside the road and take rest. (Attention: 49%)
2026-01-23 14:16:17,228 - INFO - Voice alert: Be focused on the road. (Attention: 74%)
2026-01-23 14:16:34,152 - INFO - Voice alert: Be more focused. If you feel sleepy, please park the car outside the road and take rest. (Attention: 49%)
2026-01-23 14:16:35,238 - WARNING - Alert L2: DROWSINESS DETECTED, Att: 47
2026-01-23 14:21:10,515 - WARNING - Alert L2: DROWSINESS DETECTED, Att: 63
2026-01-23 14:22:45,783 - INFO - Voice alert: Be more focused. If you feel sleepy, please park the car outside the road and take rest. (Attention: 49%)
2026-01-23 14:23:09,084 - INFO - Voice alert: Be more focused. If you feel sleepy, please park the car outside the road and take rest. (Attention: 49%)
2026-01-23 14:23:10,623 - WARNING - Alert L2: DROWSINESS DETECTED, Att: 47
2026-01-23 14:23:29,451 - INFO - Voice alert: Be more focused. If you feel sleepy, please park the car outside the road and take rest. (Attention: 49%)
2026-01-23 14:23:41,063 - WARNING - Alert L2: DROWSINESS DETECTED, Att: 44
2026-01-23 14:23:54,722 - INFO - Voice alert: Be more focused. If you feel sleepy, please park the car outside the road and take rest. (Attention: 49%)
2026-01-23 14:25:06,176 - WARNING - Alert L2: DROWSINESS DETECTED, Att: 55
2026-01-23 14:25:10,463 - INFO - Voice alert: Be more focused. If you feel sleepy, please park the car outside the road and take rest. (Attention: 49%)
2026-01-23 14:25:27,291 - INFO - Voice alert: Be more focused. If you feel sleepy, please park the car outside the road and take rest. (Attention: 49%)
2026-01-23 14:25:38,475 - WARNING - Alert L2: DROWSINESS DETECTED, Att: 24
2026-01-23 14:26:12,243 - INFO - Voice alert: Be more focused. If you feel sleepy, please park the car outside the road and take rest. (Attention: 49%)
2026-01-23 14:26:20,403 - WARNING - Alert L2: DROWSINESS DETECTED, Att: 34
2026-01-23 14:26:57,280 - INFO - Voice alert: Be more focused. If you feel sleepy, please park the car outside the road and take rest. (Attention: 49%)
2026-01-23 14:27:10,802 - WARNING - Alert L2: DROWSINESS DETECTED, Att: 38
2026-01-23 14:27:53,156 - WARNING - Alert L2: DROWSINESS DETECTED, Att: 69
2026-01-23 14:28:02,767 - INFO - Voice alert: Be more focused. If you feel sleepy, please park the car outside the road and take rest. (Attention: 48%)
2026-01-23 14:28:20,460 - INFO - Voice alert: Be more focused. If you feel sleepy, please park the car outside the road and take rest. (Attention: 49%)
2026-01-23 14:28:27,889 - WARNING - Alert L2: DROWSINESS DETECTED, Att: 49
2026-01-23 14:29:08,937 - INFO - Voice alert: Be more focused. If you feel sleepy, please park the car outside the road and take rest. (Attention: 49%)
2026-01-23 14:29:14,008 - WARNING - Alert L2: DROWSINESS DETECTED, Att: 55
2026-01-23 14:29:44,270 - WARNING - Alert L2: DROWSINESS DETECTED, Att: 70
2026-01-23 14:29:49,354 - INFO - Voice alert: Be more focused. If you feel sleepy, please park the car outside the road and take rest. (Attention: 49%)
2026-01-23 14:30:18,801 - WARNING - Alert L2: DROWSINESS DETECTED, Att: 67
2026-01-23 14:30:34,259 - INFO - Voice alert: Be more focused. If you feel sleepy, please park the car outside the road and take rest. (Attention: 49%)
2026-01-23 14:41:45,815 - INFO - Voice alert: Be more focused. If you feel sleepy, please park the car outside the road and take rest. (Attention: 49%)
2026-01-23 14:41:53,756 - WARNING - Alert L2: DROWSINESS DETECTED, Att: 43
2026-01-23 14:42:19,679 - WARNING - Alert L2: DROWSINESS DETECTED, Att: 61
2026-01-23 14:42:38,314 - INFO - Voice alert: Be more focused. If you feel sleepy, please park the car outside the road and take rest. (Attention: 49%)
2026-01-23 14:42:44,168 - WARNING - Alert L2: DROWSINESS DETECTED, Att: 40
2026-01-23 14:43:10,915 - WARNING - Alert L2: DROWSINESS DETECTED, Att: 63
2026-01-23 14:43:21,820 - INFO - Voice alert: Be more focused. If you feel sleepy, please park the car outside the road and take rest. (Attention: 49%)
2026-01-23 14:43:36,975 - WARNING - Alert L2: DROWSINESS DETECTED, Att: 63
2026-01-23 14:43:46,198 - INFO - Voice alert: Be more focused. If you feel sleepy, please park the car outside the road and take rest. (Attention: 49%)
2026-01-23 14:44:39,281 - INFO - Voice alert: Be focused on the road. (Attention: 74%)
2026-01-23 14:44:47,861 - WARNING - Alert L2: DROWSINESS DETECTED, Att: 64
2026-01-23 14:52:16,496 - INFO - Voice alert: Be more focused. If you feel sleepy, please park the car outside the road and take rest. (Attention: 49%)
2026-01-23 14:52:22,001 - WARNING - Alert L2: DROWSINESS DETECTED, Att: 34
2026-01-23 14:52:49,928 - WARNING - Alert L2: DROWSINESS DETECTED, Att: 59
2026-01-23 14:53:14,213 - INFO - Voice alert: Be more focused. If you feel sleepy, please park the car outside the road and take rest. (Attention: 49%)
2026-01-23 14:53:15,457 - WARNING - Alert L2: DROWSINESS DETECTED, Att: 48
2026-01-23 14:53:32,334 - INFO - Voice alert: Be more focused. If you feel sleepy, please park the car outside the road and take rest. (Attention: 49%)
2026-01-23 15:01:42,922 - WARNING - Alert L2: DROWSINESS DETECTED, Att: 54
2026-01-23 15:02:08,667 - WARNING - Alert L2: DROWSINESS DETECTED, Att: 57
2026-01-23 15:02:57,116 - INFO - Voice alert: Be more focused. If you feel sleepy, please park the car outside the road and take rest. (Attention: 49%)
2026-01-23 15:02:57,390 - WARNING - Alert L2: DROWSINESS DETECTED, Att: 48
2026-01-23 15:03:23,213 - WARNING - Alert L2: DROWSINESS DETECTED, Att: 29
2026-01-23 15:03:55,021 - WARNING - Alert L2: DROWSINESS DETECTED, Att: 33
2026-01-23 15:04:27,687 - WARNING - Alert L2: DROWSINESS DETECTED, Att: 36
2026-01-23 15:04:56,974 - WARNING - Alert L2: DROWSINESS DETECTED, Att: 54
2026-01-23 15:05:20,244 - INFO - Voice alert: Be more focused. If you feel sleepy, please park the car outside the road and take rest. (Attention: 49%)
2026-01-23 15:05:25,258 - WARNING - Alert L2: DROWSINESS DETECTED, Att: 48
2026-01-23 15:05:37,987 - INFO - Voice alert: Be more focused. If you feel sleepy, please park the car outside the road and take rest. (Attention: 49%)
2026-01-23 15:05:51,813 - WARNING - Alert L2: DROWSINESS DETECTED, Att: 24
2026-01-23 15:06:19,873 - WARNING - Alert L2: DROWSINESS DETECTED, Att: 32
2026-01-23 15:06:44,600 - WARNING - Alert L2: DROWSINESS DETECTED, Att: 35
2026-01-23 15:08:30,741 - WARNING - Alert L2: PHONE USAGE, Att: 65
2026-01-23 15:08:40,966 - INFO - Voice alert: Be more focused. If you feel sleepy, please park the car outside the road and take rest. (Attention: 49%)
2026-01-23 15:08:57,178 - WARNING - Alert L2: DROWSINESS DETECTED, Att: 25
2026-01-23 15:09:22,941 - WARNING - Alert L2: DROWSINESS DETECTED, Att: 59
2026-01-23 15:09:30,437 - INFO - Voice alert: Be more focused. If you feel sleepy, please park the car outside the road and take rest. (Attention: 49%)
2026-01-23 15:09:48,641 - WARNING - Alert L2: DROWSINESS DETECTED, Att: 17
2026-01-23 15:10:52,153 - INFO - Voice alert: Be more focused. If you feel sleepy, please park the car outside the road and take rest. (Attention: 49%)
2026-01-23 15:10:52,402 - WARNING - Alert L2: DROWSINESS DETECTED, Att: 48
2026-01-23 15:11:19,257 - WARNING - Alert L2: DROWSINESS DETECTED, Att: 64
2026-01-23 15:11:48,208 - WARNING - Alert L2: DROWSINESS DETECTED, Att: 60
2026-01-23 15:11:53,150 - INFO - Voice alert: Be more focused. If you feel sleepy, please park the car outside the road and take rest. (Attention: 49%)
2026-01-23 15:12:15,296 - WARNING - Alert L2: DROWSINESS DETECTED, Att: 50
2026-01-23 15:12:15,883 - INFO - Voice alert: Be more focused. If you feel sleepy, please park the car outside the road and take rest. (Attention: 49%)
2026-01-23 15:15:47,658 - WARNING - Alert L2: DROWSINESS DETECTED, Att: 66
2026-01-23 15:19:45,821 - ERROR - Task exception was never retrieved
future: <Task finished name='Task-547850' coro=<WebSocketProtocol13.write_message.<locals>.wrapper() done, defined at E:\anaconda3\envs\drowsy\lib\site-packages\tornado\websocket.py:1111> exception=WebSocketClosedError()>
Traceback (most recent call last):
  File "E:\anaconda3\envs\drowsy\lib\site-packages\tornado\websocket.py", line 1113, in wrapper
    await fut
tornado.iostream.StreamClosedError: Stream is closed

During handling of the above exception, another exception occurred:

Traceback (most recent call last):
  File "E:\anaconda3\envs\drowsy\lib\site-packages\tornado\websocket.py", line 1115, in wrapper
    raise WebSocketClosedError()
tornado.websocket.WebSocketClosedError
